game_id,season,game_type,week,gameday,weekday,gametime,away_team,away_score,home_team,home_score,location,result,total,overtime,old_game_id,gsis,nfl_detail_id,pfr,pff,espn,ftn,away_rest,home_rest,away_moneyline,home_moneyline,spread_line,away_spread_odds,home_spread_odds,total_line,under_odds,over_odds,div_game,roof,surface,temp,wind,away_qb_id,home_qb_id,away_qb_name,home_qb_name,away_coach,home_coach,referee,stadium_id,stadium,elo_home_pre,elo_away_pre,elo_home_post,elo_away_post,p_home,p_away,K_used,home_adv_used,carry_used,mov_scale_used,use_mov,use_home_adv,train_start,train_end,param_tune_start,param_tune_end,param_tune_n,param_tune_window
2023_01_DET_KC,2023,REG,1,2023-09-07,Thursday,20:20,DET,21.0,KC,20.0,Home,-1.0,41.0,0.0,2023090700,59173.0,,202309070kan,,401547353,,7,7,164.0,-198.0,4.0,-110.0,-110.0,53.0,-110.0,-110.0,0,outdoors,,,,00-0033106,00-0033873,Jared Goff,Patrick Mahomes,Dan Campbell,Andy Reid,John Hussey,KAN00,GEHA Field at Arrowhead Stadium,1162.574133819,1011.8081963788352,1150.2600036049696,1024.1223265928656,0.7367335112716765,0.2632664887283235,49.0,28.0,0.65,2.2117411412965566,True,True,2018,2022,2018,2022,5,
2023_01_ARI_WAS,2023,REG,1,2023-09-10,Sunday,13:00,ARI,16.0,WAS,20.0,Home,4.0,36.0,0.0,2023091007,59181.0,,202309100was,,401547406,,7,7,270.0,-340.0,7.0,-108.0,-112.0,38.0,-110.0,-110.0,0,outdoors,,,,00-0033949,00-0037077,Joshua Dobbs,Sam Howell,Jonathan Gannon,Ron Rivera,Alan Eck,WAS00,FedExField,993.7149817137499,914.0405464521081,1005.6063180407294,902.1492101251285,0.6501784903653361,0.34982150963466385,49.0,28.0,0.65,2.2117411412965566,True,True,2018,2022,2018,2022,5,
2023_01_CAR_ATL,2023,REG,1,2023-09-10,Sunday,13:00,CAR,10.0,ATL,24.0,Home,14.0,34.0,0.0,2023091000,59174.0,,202309100atl,,401547403,,7,7,160.0,-192.0,3.5,-108.0,-112.0,40.5,-110.0,-110.0,1,closed,,,,00-0039150,00-0038122,Bryce Young,Desmond Ridder,Frank Reich,Arthur Smith,Brad Rogers,ATL97,Mercedes-Benz Stadium,955.6868182718712,985.4233309566636,985.8583007347167,955.251848493818,0.49750097817057676,0.5024990218294232,49.0,28.0,0.65,2.2117411412965566,True,True,2018,2022,2018,2022,5,
2023_01_CIN_CLE,2023,REG,1,2023-09-10,Sunday,13:00,CIN,3.0,CLE,24.0,Home,21.0,27.0,0.0,2023091002,59176.0,,202309100cle,,401547397,,7,7,-112.0,-108.0,-1.0,-105.0,-115.0,46.5,-110.0,-110.0,1,outdoors,,,,00-0036442,00-0033537,Joe Burrow,Deshaun Watson,Zac Taylor,Kevin Stefanski,Clete Blakeman,CLE00,FirstEnergy Stadium,988.3480305051397,1145.3391122707453,1037.6368489367328,1096.0502938391521,0.3224506358322667,0.6775493641677333,49.0,28.0,0.65,2.2117411412965566,True,True,2018,2022,2018,2022,5,
2023_01_HOU_BAL,2023,REG,1,2023-09-10,Sunday,13:00,HOU,9.0,BAL,25.0,Home,16.0,34.0,0.0,2023091001,59175.0,,202309100rav,,401547396,,7,7,380.0,-500.0,9.5,-110.0,-110.0,43.5,-110.0,-110.0,0,outdoors,,,,00-0039163,00-0034796,C.J. Stroud,Lamar Jackson,DeMeco Ryans,John Harbaugh,Tra Blake,BAL00,M&T Bank Stadium,1013.4709476455994,879.6893859368963,1029.9979177024356,863.16241588006,0.7173368300824544,0.2826631699175456,49.0,28.0,0.65,2.2117411412965566,True,True,2018,2022,2018,2022,5,
2023_01_JAX_IND,2023,REG,1,2023-09-10,Sunday,13:00,JAX,31.0,IND,21.0,Home,-10.0,52.0,0.0,2023091003,59177.0,,202309100clt,,401547404,,7,7,-205.0,170.0,-4.0,-108.0,-112.0,45.5,-110.0,-110.0,1,closed,,,,00-0036971,00-0039164,Trevor Lawrence,Anthony Richardson,Doug Pederson,Shane Steichen,Clay Martin,IND00,Lucas Oil Stadium,904.066546711923,1007.8231169073434,883.9005363560962,1027.9891272631703,0.3926730676045704,0.6073269323954296,49.0,28.0,0.65,2.2117411412965566,True,True,2018,2022,2018,2022,5,
2023_01_SF_PIT,2023,REG,1,2023-09-10,Sunday,13:00,SF,30.0,PIT,7.0,Home,-23.0,37.0,0.0,2023091006,59180.0,,202309100pit,,401547405,,7,7,-120.0,100.0,-1.5,-108.0,-112.0,41.5,-110.0,-110.0,0,outdoors,,,,00-0037834,00-0038102,Brock Purdy,Kenny Pickett,Kyle Shanahan,Mike Tomlin,Alex Kemp,PIT00,Acrisure Stadium,1030.6723636949512,1122.2424885971263,1002.6483917600422,1150.2664605320354,0.4095226523117018,0.5904773476882982,49.0,28.0,0.65,2.2117411412965566,True,True,2018,2022,2018,2022,5,
2023_01_TB_MIN,2023,REG,1,2023-09-10,Sunday,13:00,TB,20.0,MIN,17.0,Home,-3.0,37.0,0.0,2023091004,59178.0,,202309100min,,401547398,,7,7,170.0,-205.0,4.0,-110.0,-110.0,45.0,-110.0,-110.0,0,dome,,,,00-0034855,00-0029604,Baker Mayfield,Kirk Cousins,Todd Bowles,Kevin O'Connell,Scott Novak,MIN01,U.S. Bank Stadium,1009.2688009461325,975.2045705151847,990.6735169040472,993.79985455727,0.5883795217913675,0.41162047820863246,49.0,28.0,0.65,2.2117411412965566,True,True,2018,2022,2018,2022,5,
2023_01_TEN_NO,2023,REG,1,2023-09-10,Sunday,13:00,TEN,15.0,NO,16.0,Home,1.0,31.0,0.0,2023091005,59179.0,,202309100nor,,401547399,,7,7,124.0,-148.0,3.0,-118.0,-102.0,41.0,-110.0,-110.0,0,dome,,,,00-0029701,00-0031280,Ryan Tannehill,Derek Carr,Mike Vrabel,Dennis Allen,Ron Torbert,NOR00,Mercedes-Benz Superdome,1003.6831186383389,955.8535737330509,1009.5107289295967,950.0259634417931,0.6074271080396274,0.3925728919603726,49.0,28.0,0.65,2.2117411412965566,True,True,2018,2022,2018,2022,5,
2023_01_GB_CHI,2023,REG,1,2023-09-10,Sunday,16:25,GB,38.0,CHI,20.0,Home,-18.0,58.0,0.0,2023091008,59182.0,,202309100chi,,401547407,,7,7,-102.0,-118.0,1.0,-110.0,-110.0,41.0,-112.0,-108.0,1,outdoors,,,,00-0036264,00-0036945,Jordan Love,Justin Fields,Matt LaFleur,Matt Eberflus,Craig Wrolstad,CHI98,Soldier Field,872.909841804195,1016.4516263408799,851.8627486033275,1037.4987195417475,0.3395922135221079,0.6604077864778921,49.0,28.0,0.65,2.2117411412965566,True,True,2018,2022,2018,2022,5,
2023_01_LA_SEA,2023,REG,1,2023-09-10,Sunday,16:25,LA,30.0,SEA,13.0,Home,-17.0,43.0,0.0,2023091012,59186.0,,202309100sea,,401547408,,7,7,180.0,-218.0,4.5,-110.0,-110.0,45.0,-110.0,-110.0,1,outdoors,,,,00-0026498,00-0030565,Matthew Stafford,Geno Smith,Sean McVay,Pete Carroll,Shawn Smith,SEA00,Lumen Field,997.9405438767551,945.4631927380999,957.1444305036775,986.2593061111775,0.6137884083181084,0.38621159168189156,49.0,28.0,0.65,2.2117411412965566,True,True,2018,2022,2018,2022,5,
2023_01_LV_DEN,2023,REG,1,2023-09-10,Sunday,16:25,LV,17.0,DEN,16.0,Home,-1.0,33.0,0.0,2023091009,59183.0,,202309100den,,401547400,,7,7,136.0,-162.0,3.0,-105.0,-115.0,43.0,-110.0,-110.0,1,outdoors,,,,00-0031345,00-0029263,Jimmy Garoppolo,Russell Wilson,Josh McDaniels,Sean Payton,Bill Vinovich,DEN00,Empower Field at Mile High,922.4939452607358,970.6510213955057,915.3264174352263,977.8185492210152,0.47102413866054055,0.5289758613394595,49.0,28.0,0.65,2.2117411412965566,True,True,2018,2022,2018,2022,5,
2023_01_MIA_LAC,2023,REG,1,2023-09-10,Sunday,16:25,MIA,36.0,LAC,34.0,Home,-2.0,70.0,0.0,2023091010,59184.0,,202309100sdg,,401547401,,7,7,136.0,-162.0,3.0,-110.0,-110.0,50.5,-110.0,-110.0,0,dome,,,,00-0036212,00-0036355,Tua Tagovailoa,Justin Herbert,Mike McDaniel,Brandon Staley,Brad Allen,LAX01,SoFi Stadium,1007.2763126621692,990.4050345410718,993.2577696947822,1004.4235775084588,0.5642183090492383,0.4357816909507617,49.0,28.0,0.65,2.2117411412965566,True,True,2018,2022,2018,2022,5,
2023_01_PHI_NE,2023,REG,1,2023-09-10,Sunday,16:25,PHI,25.0,NE,20.0,Home,-5.0,45.0,0.0,2023091011,59185.0,,202309100nwe,,401547402,,7,7,-185.0,154.0,-3.5,-110.0,-110.0,44.5,-112.0,-108.0,0,outdoors,,,,00-0036389,00-0036972,Jalen Hurts,Mac Jones,Nick Sirianni,Bill Belichick,Shawn Hochuli,BOS00,Gillette Stadium,1005.869559653358,1105.734428914207,990.5694128356049,1121.03457573196,0.39802827227276816,0.6019717277272318,49.0,28.0,0.65,2.2117411412965566,True,True,2018,2022,2018,2022,5,
2023_01_DAL_NYG,2023,REG,1,2023-09-10,Sunday,20:20,DAL,40.0,NYG,0.0,Home,-40.0,40.0,0.0,2023091013,59187.0,,202309100nyg,,401547409,,7,7,-170.0,142.0,-3.5,100.0,-120.0,44.5,-110.0,-110.0,1,outdoors,,,,00-0033077,00-0035710,Dak Prescott,Daniel Jones,Mike McCarthy,Brian Daboll,Adrian Hill,NYC01,MetLife Stadium,979.586575275403,1081.5955693698843,948.1407216520901,1113.0414229931973,0.39507472438046726,0.6049252756195327,49.0,28.0,0.65,2.2117411412965566,True,True,2018,2022,2018,2022,5,
2023_01_BUF_NYJ,2023,REG,1,2023-09-11,Monday,20:15,BUF,16.0,NYJ,22.0,Home,6.0,38.0,1.0,2023091100,59188.0,,202309110nyj,,401547352,,7,7,-135.0,114.0,-2.5,-110.0,-110.0,44.5,-110.0,-110.0,1,outdoors,,,,00-0034857,00-0023459,Josh Allen,Aaron Rodgers,Sean McDermott,Robert Saleh,Carl Cheffers,NYC01,MetLife Stadium,929.234718031051,1133.913126364369,951.9408423998495,1111.2070019955704,0.2656038520935879,0.7343961479064121,49.0,28.0,0.65,2.2117411412965566,True,True,2018,2022,2018,2022,5,
2023_02_MIN_PHI,2023,REG,2,2023-09-14,Thursday,20:15,MIN,28.0,PHI,34.0,Home,6.0,62.0,0.0,2023091400,59189.0,,202309140phi,,401547410,,4,4,195.0,-238.0,6.0,-110.0,-110.0,49.0,-110.0,-110.0,0,outdoors,,,,00-0029604,00-0036389,Kirk Cousins,Jalen Hurts,Kevin O'Connell,Nick Sirianni,Clay Martin,PHI00,Lincoln Financial Field,1121.03457573196,990.6735169040472,1132.563351448136,979.1447411878713,0.7133273652166721,0.28667263478332794,49.0,28.0,0.65,2.2117411412965566,True,True,2018,2022,2018,2022,5,
2023_02_BAL_CIN,2023,REG,2,2023-09-17,Sunday,13:00,BAL,27.0,CIN,24.0,Home,-3.0,51.0,0.0,2023091702,59192.0,,202309170cin,,401547412,,7,7,145.0,-175.0,3.5,-118.0,-102.0,45.5,-110.0,-110.0,1,outdoors,,,,00-0034796,00-0036442,Lamar Jackson,Joe Burrow,John Harbaugh,Zac Taylor,Shawn Hochuli,CIN00,Paycor Stadium,1096.0502938391521,1029.9979177024356,1075.7685303623969,1050.279681179191,0.6321401256949684,0.36785987430503164,49.0,28.0,0.65,2.2117411412965566,True,True,2018,2022,2018,2022,5,
2023_02_CHI_TB,2023,REG,2,2023-09-17,Sunday,13:00,CHI,17.0,TB,27.0,Home,10.0,44.0,0.0,2023091706,59196.0,,202309170tam,,401547420,,7,7,114.0,-135.0,2.5,-110.0,-110.0,41.0,-110.0,-110.0,0,outdoors,,,,00-0036945,00-0034855,Justin Fields,Baker Mayfield,Matt Eberflus,Todd Bowles,Bill Vinovich,TAM00,Raymond James Stadium,993.79985455727,851.8627486033275,1007.2747381005984,838.3878650599992,0.7267581825770062,0.2732418174229938,49.0,28.0,0.65,2.2117411412965566,True,True,2018,2022,2018,2022,5,
2023_02_GB_ATL,2023,REG,2,2023-09-17,Sunday,13:00,GB,24.0,ATL,25.0,Home,1.0,49.0,0.0,2023091700,59190.0,,202309170atl,,401547417,,7,7,124.0,-148.0,3.0,-115.0,-105.0,40.5,-110.0,-110.0,0,open,,,,00-0036264,00-0038122,Jordan Love,Desmond Ridder,Matt LaFleur,Arthur Smith,Tra Blake,ATL97,Mercedes-Benz Stadium,985.8583007347167,1037.4987195417475,994.1471688428376,1029.2098514336267,0.466031109362744,0.5339688906372559,49.0,28.0,0.65,2.2117411412965566,True,True,2018,2022,2018,2022,5,
2023_02_IND_HOU,2023,REG,2,2023-09-17,Sunday,13:00,IND,31.0,HOU,20.0,Home,-11.0,51.0,0.0,2023091704,59194.0,,202309170htx,,401547419,,7,7,-110.0,-110.0,-1.0,-105.0,-115.0,40.0,-110.0,-110.0,1,open,,,,00-0039164,00-0039163,Anthony Richardson,C.J. Stroud,Shane Steichen,DeMeco Ryans,Carl Cheffers,HOU00,NRG Stadium,863.16241588006,883.9005363560962,834.9681836914592,912.094768544697,0.510449163123824,0.48955083687617595,49.0,28.0,0.65,2.2117411412965566,True,True,2018,2022,2018,2022,5,
2023_02_KC_JAX,2023,REG,2,2023-09-17,Sunday,13:00,KC,17.0,JAX,9.0,Home,-8.0,26.0,0.0,2023091705,59195.0,,202309170jax,,401547413,,10,7,-170.0,142.0,-3.5,-102.0,-118.0,50.5,-110.0,-110.0,0,outdoors,,,,00-0033873,00-0036971,Patrick Mahomes,Trevor Lawrence,Andy Reid,Doug Pederson,Adrian Hill,JAX00,TIAA Bank Stadium,1027.9891272631703,1150.2600036049696,1010.8317361334285,1167.4173947347115,0.36756743813324827,0.6324325618667517,49.0,28.0,0.65,2.2117411412965566,True,True,2018,2022,2018,2022,5,
2023_02_LAC_TEN,2023,REG,2,2023-09-17,Sunday,13:00,LAC,24.0,TEN,27.0,Home,3.0,51.0,1.0,2023091707,59197.0,,202309170oti,,401547414,,7,7,-142.0,120.0,-2.5,-118.0,-102.0,45.5,-110.0,-110.0,0,outdoors,,,,00-0036355,00-0029701,Justin Herbert,Ryan Tannehill,Brandon Staley,Mike Vrabel,Alan Eck,NAS00,Nissan Stadium,950.0259634417931,993.2577696947822,958.4351468373067,984.8485862992686,0.4780937016031966,0.5219062983968035,49.0,28.0,0.65,2.2117411412965566,True,True,2018,2022,2018,2022,5,
2023_02_LV_BUF,2023,REG,2,2023-09-17,Sunday,13:00,LV,10.0,BUF,38.0,Home,28.0,48.0,0.0,2023091701,59191.0,,202309170buf,,401547411,,7,6,280.0,-355.0,7.5,-110.0,-110.0,47.0,-110.0,-110.0,0,outdoors,,,,00-0031345,00-0034857,Jimmy Garoppolo,Josh Allen,Josh McDaniels,Sean McDermott,Craig Wrolstad,BUF00,New Era Field,1111.2070019955704,977.8185492210152,1130.8846088762307,958.140942340355,0.7168777648256236,0.2831222351743764,49.0,28.0,0.65,2.2117411412965566,True,True,2018,2022,2018,2022,5,
2023_02_SEA_DET,2023,REG,2,2023-09-17,Sunday,13:00,SEA,37.0,DET,31.0,Home,-6.0,68.0,1.0,2023091703,59193.0,,202309170det,,401547418,,7,10,180.0,-218.0,4.5,-110.0,-110.0,47.5,-108.0,-112.0,0,dome,,,,00-0030565,00-0033106,Geno Smith,Jared Goff,Pete Carroll,Dan Campbell,Alex Kemp,DET00,Ford Field,1024.1223265928656,957.1444305036775,1006.8489218641828,974.4178352323604,0.6333781540594524,0.3666218459405476,49.0,28.0,0.65,2.2117411412965566,True,True,2018,2022,2018,2022,5,
2023_02_NYG_ARI,2023,REG,2,2023-09-17,Sunday,16:05,NYG,31.0,ARI,28.0,Home,-3.0,59.0,0.0,2023091708,59198.0,,202309170crd,,401547421,,7,7,-225.0,185.0,-5.0,-110.0,-110.0,40.0,-110.0,-110.0,0,closed,,,,00-0035710,00-0033949,Daniel Jones,Joshua Dobbs,Brian Daboll,Jonathan Gannon,Land Clark,PHO00,State Farm Stadium,902.1492101251285,948.1407216520901,887.7055046487899,962.5844271284287,0.47413125228898273,0.5258687477110173,49.0,28.0,0.65,2.2117411412965566,True,True,2018,2022,2018,2022,5,
2023_02_SF_LA,2023,REG,2,2023-09-17,Sunday,16:05,SF,30.0,LA,23.0,Home,-7.0,53.0,0.0,2023091709,59199.0,,202309170ram,,401547422,,7,7,-340.0,270.0,-7.5,-105.0,-115.0,45.0,-110.0,-110.0,1,dome,,,,00-0037834,00-0026498,Brock Purdy,Matthew Stafford,Kyle Shanahan,Sean McVay,Brad Allen,LAX01,SoFi Stadium,986.2593061111775,1150.2664605320354,972.6492818843168,1163.8764847588961,0.313690875756368,0.686309124243632,49.0,28.0,0.65,2.2117411412965566,True,True,2018,2022,2018,2022,5,
2023_02_NYJ_DAL,2023,REG,2,2023-09-17,Sunday,16:25,NYJ,10.0,DAL,30.0,Home,20.0,40.0,0.0,2023091710,59200.0,,202309170dal,,401547415,,6,7,300.0,-380.0,8.5,-110.0,-110.0,38.5,-110.0,-110.0,0,open,,,,00-0037013,00-0033077,Zach Wilson,Dak Prescott,Robert Saleh,Mike McCarthy,Clete Blakeman,DAL00,AT&T Stadium,1113.0414229931973,951.9408423998495,1128.6866706356388,936.2955947574081,0.7481086626605988,0.25189133733940117,49.0,28.0,0.65,2.2117411412965566,True,True,2018,2022,2018,2022,5,
2023_02_WAS_DEN,2023,REG,2,2023-09-17,Sunday,16:25,WAS,35.0,DEN,33.0,Home,-2.0,68.0,0.0,2023091711,59201.0,,202309170den,,401547416,,7,7,164.0,-198.0,4.0,-110.0,-110.0,38.5,-110.0,-110.0,0,outdoors,,,,00-0037077,00-0029263,Sam Howell,Russell Wilson,Ron Rivera,Sean Payton,Brad Rogers,DEN00,Empower Field at Mile High,915.3264174352263,1005.6063180407294,905.5908284204335,1015.3419070555223,0.4113198341651483,0.5886801658348517,49.0,28.0,0.65,2.2117411412965566,True,True,2018,2022,2018,2022,5,
2023_02_MIA_NE,2023,REG,2,2023-09-17,Sunday,20:20,MIA,24.0,NE,17.0,Home,-7.0,41.0,0.0,2023091712,59202.0,,202309170nwe,,401547423,,7,7,-130.0,110.0,-2.0,-112.0,-108.0,46.5,-112.0,-108.0,1,outdoors,,,,00-0036212,00-0036972,Tua Tagovailoa,Mac Jones,Mike McDaniel,Bill Belichick,Shawn Smith,BOS00,Gillette Stadium,990.5694128356049,1004.4235775084588,966.4424626546644,1028.5505276893994,0.5203462519828761,0.4796537480171239,49.0,28.0,0.65,2.2117411412965566,True,True,2018,2022,2018,2022,5,
2023_02_NO_CAR,2023,REG,2,2023-09-18,Monday,19:15,NO,20.0,CAR,17.0,Home,-3.0,37.0,0.0,2023091800,59203.0,,202309180car,,401547425,,8,8,-175.0,145.0,-3.0,-118.0,-102.0,39.5,-108.0,-112.0,1,outdoors,,,,00-0031280,00-0039150,Derek Carr,Bryce Young,Dennis Allen,Frank Reich,Scott Novak,CAR00,Bank of America Stadium,955.251848493818,1009.5107289295967,941.2214033698388,1023.5411740535759,0.46228222323881685,0.5377177767611832,49.0,28.0,0.65,2.2117411412965566,True,True,2018,2022,2018,2022,5,
2023_02_CLE_PIT,2023,REG,2,2023-09-18,Monday,20:15,CLE,22.0,PIT,26.0,Home,4.0,48.0,0.0,2023091801,59204.0,,202309180pit,,401547424,,8,8,-148.0,124.0,-2.5,-115.0,-105.0,39.0,-110.0,-110.0,1,outdoors,,,,00-0033537,00-0038102,Deshaun Watson,Kenny Pickett,Kevin Stefanski,Mike Tomlin,Ron Torbert,PIT00,Acrisure Stadium,1002.6483917600422,1037.6368489367328,1020.8930402584597,1019.3922004383153,0.4899441578005126,0.5100558421994874,49.0,28.0,0.65,2.2117411412965566,True,True,2018,2022,2018,2022,5,
2023_03_NYG_SF,2023,REG,3,2023-09-21,Thursday,20:15,NYG,12.0,SF,30.0,Home,18.0,42.0,0.0,2023092100,59205.0,,202309210sfo,,401547426,,4,4,400.0,-535.0,10.5,-105.0,-115.0,43.5,-108.0,-112.0,0,outdoors,grass,77.0,13.0,00-0035710,00-0037834,Daniel Jones,Brock Purdy,Brian Daboll,Kyle Shanahan,Shawn Hochuli,SFO01,Levi's Stadium,1163.8764847588961,962.5844271284287,1176.331550553301,950.1293613340239,0.7891669295754173,0.21083307042458266,49.0,28.0,0.65,2.2117411412965566,True,True,2018,2022,2018,2022,5,
2023_03_ATL_DET,2023,REG,3,2023-09-24,Sunday,13:00,ATL,6.0,DET,20.0,Home,14.0,26.0,0.0,2023092402,59208.0,,202309240det,,401547433,,7,7,140.0,-166.0,3.0,100.0,-120.0,47.5,-108.0,-112.0,0,dome,fieldturf,,,00-0038122,00-0033106,Desmond Ridder,Jared Goff,Arthur Smith,Dan Campbell,Carl Cheffers,DET00,Ford Field,1006.8489218641828,994.1471688428376,1032.8670841614196,968.1290065456006,0.5583080368876117,0.44169196311238834,49.0,28.0,0.65,2.2117411412965566,True,True,2018,2022,2018,2022,5,
2023_03_BUF_WAS,2023,REG,3,2023-09-24,Sunday,13:00,BUF,37.0,WAS,3.0,Home,-34.0,40.0,0.0,2023092408,59214.0,,202309240was,,401547431,,7,7,-245.0,200.0,-5.5,-115.0,-105.0,44.0,-108.0,-112.0,0,outdoors,grass,65.0,1.0,00-0034857,00-0037077,Josh Allen,Sam Howell,Sean McDermott,Ron Rivera,Land Clark,WAS00,FedExField,1015.3419070555223,1130.8846088762307,986.8122713656727,1159.4142445660802,0.37661607044500567,0.6233839295549943,49.0,28.0,0.65,2.2117411412965566,True,True,2018,2022,2018,2022,5,
2023_03_DEN_MIA,2023,REG,3,2023-09-24,Sunday,13:00,DEN,20.0,MIA,70.0,Home,50.0,90.0,0.0,2023092405,59211.0,,202309240mia,,401547429,,7,7,205.0,-250.0,6.0,-110.0,-110.0,47.5,-110.0,-110.0,0,outdoors,grass,86.0,5.0,00-0029263,00-0036212,Russell Wilson,Tua Tagovailoa,Sean Payton,Mike McDaniel,Clay Martin,MIA00,Hard Rock Stadium,1028.5505276893994,905.5908284204335,1052.635028954175,881.5063271556579,0.7045363028505119,0.29546369714948806,49.0,28.0,0.65,2.2117411412965566,True,True,2018,2022,2018,2022,5,
2023_03_HOU_JAX,2023,REG,3,2023-09-24,Sunday,13:00,HOU,37.0,JAX,17.0,Home,-20.0,54.0,0.0,2023092404,59210.0,,202309240jax,,401547435,,7,7,300.0,-380.0,7.5,-110.0,-110.0,43.5,-110.0,-110.0,1,outdoors,grass,84.0,6.0,00-0039163,00-0036971,C.J. Stroud,Trevor Lawrence,DeMeco Ryans,Doug Pederson,Scott Novak,JAX00,TIAA Bank Stadium,1010.8317361334285,834.9681836914592,954.0533012512493,891.7466185736384,0.7637830178277911,0.23621698217220888,49.0,28.0,0.65,2.2117411412965566,True,True,2018,2022,2018,2022,5,
2023_03_IND_BAL,2023,REG,3,2023-09-24,Sunday,13:00,IND,22.0,BAL,19.0,Home,-3.0,41.0,1.0,2023092400,59206.0,,202309240rav,,401547427,,7,7,300.0,-380.0,7.5,-110.0,-110.0,43.5,-110.0,-110.0,0,outdoors,grass,68.0,3.0,00-0035289,00-0034796,Gardner Minshew,Lamar Jackson,Shane Steichen,John Harbaugh,Clete Blakeman,BAL00,M&T Bank Stadium,1050.279681179191,912.094768544697,1034.5839160154685,927.7905337084194,0.7224480229035787,0.2775519770964213,49.0,28.0,0.65,2.2117411412965566,True,True,2018,2022,2018,2022,5,
2023_03_LAC_MIN,2023,REG,3,2023-09-24,Sunday,13:00,LAC,28.0,MIN,24.0,Home,-4.0,52.0,0.0,2023092406,59212.0,,202309240min,,401547436,,7,10,-110.0,-110.0,1.0,-115.0,-105.0,54.0,-110.0,-110.0,0,dome,sportturf,,,00-0036355,00-0029604,Justin Herbert,Kirk Cousins,Brandon Staley,Kevin O'Connell,Shawn Smith,MIN01,U.S. Bank Stadium,979.1447411878713,984.8485862992686,959.9798472038173,1004.0134802833227,0.5320427716679946,0.46795722833200537,49.0,28.0,0.65,2.2117411412965566,True,True,2018,2022,2018,2022,5,
2023_03_NE_NYJ,2023,REG,3,2023-09-24,Sunday,13:00,NE,15.0,NYJ,10.0,Home,-5.0,25.0,0.0,2023092407,59213.0,,202309240nyj,,401547430,,7,7,-142.0,120.0,-2.5,-112.0,-108.0,35.5,-110.0,-110.0,1,outdoors,fieldturf,64.0,14.0,00-0036972,00-0037013,Mac Jones,Zach Wilson,Bill Belichick,Robert Saleh,Bill Vinovich,NYC01,MetLife Stadium,936.2955947574081,966.4424626546644,916.589706261715,986.1483511503575,0.4969104480614317,0.5030895519385683,49.0,28.0,0.65,2.2117411412965566,True,True,2018,2022,2018,2022,5,
2023_03_NO_GB,2023,REG,3,2023-09-24,Sunday,13:00,NO,17.0,GB,18.0,Home,1.0,35.0,0.0,2023092403,59209.0,,202309240gnb,,401547434,,6,7,-125.0,105.0,-1.5,-110.0,-110.0,41.5,-110.0,-110.0,0,outdoors,grass,68.0,10.0,00-0031280,00-0036264,Derek Carr,Jordan Love,Dennis Allen,Matt LaFleur,Brad Rogers,GNB00,Lambeau Field,1029.2098514336267,1023.5411740535759,1036.0417171559138,1016.7093083312888,0.5483020177037431,0.4516979822962569,49.0,28.0,0.65,2.2117411412965566,True,True,2018,2022,2018,2022,5,
2023_03_TEN_CLE,2023,REG,3,2023-09-24,Sunday,13:00,TEN,3.0,CLE,27.0,Home,24.0,30.0,0.0,2023092401,59207.0,,202309240cle,,401547428,,7,6,154.0,-185.0,3.5,-110.0,-110.0,38.0,-110.0,-110.0,0,outdoors,grass,68.0,5.0,00-0029701,00-0033537,Ryan Tannehill,Deshaun Watson,Mike Vrabel,Kevin Stefanski,Craig Wrolstad,CLE00,FirstEnergy Stadium,1019.3922004383153,958.4351468373067,1045.0749965110233,932.7523507645986,0.6252934712271475,0.3747065287728525,49.0,28.0,0.65,2.2117411412965566,True,True,2018,2022,2018,2022,5,
2023_03_CAR_SEA,2023,REG,3,2023-09-24,Sunday,16:05,CAR,27.0,SEA,37.0,Home,10.0,64.0,0.0,2023092409,59215.0,,202309240sea,,401547432,,6,7,185.0,-225.0,5.0,-110.0,-110.0,42.5,-110.0,-110.0,0,outdoors,fieldturf,61.0,2.0,00-0027973,00-0030565,Andy Dalton,Geno Smith,Frank Reich,Pete Carroll,Ron Torbert,SEA00,Lumen Field,974.4178352323604,941.2214033698388,995.7555807772992,919.8836578249,0.5871691465640841,0.41283085343591586,49.0,28.0,0.65,2.2117411412965566,True,True,2018,2022,2018,2022,5,
2023_03_CHI_KC,2023,REG,3,2023-09-24,Sunday,16:25,CHI,10.0,KC,41.0,Home,31.0,51.0,0.0,2023092411,59217.0,,202309240kan,,401547438,,7,7,525.0,-750.0,13.0,-110.0,-110.0,48.0,-110.0,-110.0,0,outdoors,grass,,,00-0036945,00-0033873,Justin Fields,Patrick Mahomes,Matt Eberflus,Andy Reid,Alan Eck,KAN00,GEHA Field at Arrowhead Stadium,1167.4173947347115,838.3878650599992,1174.9169709493372,830.8882888453736,0.8864747317643018,0.1135252682356982,49.0,28.0,0.65,2.2117411412965566,True,True,2018,2022,2018,2022,5,
2023_03_DAL_ARI,2023,REG,3,2023-09-24,Sunday,16:25,DAL,16.0,ARI,28.0,Home,12.0,44.0,0.0,2023092410,59216.0,,202309240crd,,401547437,,7,7,-650.0,470.0,-11.5,-110.0,-110.0,43.5,-110.0,-110.0,0,open,grass,,,00-0033077,00-0033949,Dak Prescott,Joshua Dobbs,Mike McCarthy,Jonathan Gannon,Alex Kemp,PHO00,State Farm Stadium,887.7055046487899,1128.6866706356388,936.347198229645,1080.0449770547839,0.22687910329308975,0.7731208967069103,49.0,28.0,0.65,2.2117411412965566,True,True,2018,2022,2018,2022,5,
2023_03_PIT_LV,2023,REG,3,2023-09-24,Sunday,20:20,PIT,23.0,LV,18.0,Home,-5.0,41.0,0.0,2023092412,59218.0,,202309240rai,,401547439,,6,7,124.0,-148.0,3.0,-110.0,-110.0,43.5,-110.0,-110.0,0,dome,grass,,,00-0038102,00-0031345,Kenny Pickett,Jimmy Garoppolo,Mike Tomlin,Josh McDaniels,Tra Blake,VEG00,Allegiant Stadium,958.140942340355,1020.8930402584597,940.5497298717279,1038.4842527270866,0.4501538356587148,0.5498461643412852,49.0,28.0,0.65,2.2117411412965566,True,True,2018,2022,2018,2022,5,
2023_03_PHI_TB,2023,REG,3,2023-09-25,Monday,19:15,PHI,25.0,TB,11.0,Home,-14.0,36.0,0.0,2023092500,59219.0,,202309250tam,,401547440,,11,8,-258.0,210.0,-6.0,-110.0,-110.0,44.0,-108.0,-112.0,0,outdoors,grass,90.0,4.0,00-0036389,00-0034855,Jalen Hurts,Baker Mayfield,Nick Sirianni,Todd Bowles,Adrian Hill,TAM00,Raymond James Stadium,1007.2747381005984,1132.563351448136,986.3877341179146,1153.4503554308196,0.3635386031984755,0.6364613968015245,49.0,28.0,0.65,2.2117411412965566,True,True,2018,2022,2018,2022,5,
2023_03_LA_CIN,2023,REG,3,2023-09-25,Monday,20:15,LA,16.0,CIN,19.0,Home,3.0,35.0,0.0,2023092501,59220.0,,202309250cin,,401547441,,8,8,136.0,-162.0,3.0,100.0,-120.0,45.5,-108.0,-112.0,0,outdoors,fieldturf,74.0,7.0,00-0026498,00-0036442,Matthew Stafford,Joe Burrow,Sean McVay,Zac Taylor,John Hussey,CIN00,Paycor Stadium,1075.7685303623969,972.6492818843168,1085.0373987105797,963.3804135361339,0.6802200111969319,0.3197799888030681,49.0,28.0,0.65,2.2117411412965566,True,True,2018,2022,2018,2022,5,
2023_04_DET_GB,2023,REG,4,2023-09-28,Thursday,20:15,DET,34.0,GB,20.0,Home,-14.0,54.0,0.0,2023092800,59221.0,,202309280gnb,,401547442,,4,4,-142.0,120.0,-2.5,-118.0,-102.0,45.0,-110.0,-110.0,1,outdoors,grass,64.0,8.0,00-0033106,00-0036264,Jared Goff,Jordan Love,Dan Campbell,Matt LaFleur,Alan Eck,GNB00,Lambeau Field,1036.0417171559138,1032.8670841614196,1002.8897763768157,1066.0190249405177,0.5447438887944512,0.45525611120554876,49.0,28.0,0.65,2.2117411412965566,True,True,2018,2022,2018,2022,5,
2023_04_ATL_JAX,2023,REG,4,2023-10-01,Sunday,09:30,ATL,7.0,JAX,23.0,Neutral,16.0,30.0,0.0,2023100100,59222.0,,202310010jax,,401547227,,7,7,154.0,-185.0,3.5,-110.0,-110.0,42.5,-112.0,-108.0,0,outdoors,,,,00-0038122,00-0036971,Desmond Ridder,Trevor Lawrence,Arthur Smith,Doug Pederson,Craig Wrolstad,LON00,Wembley Stadium,954.0533012512493,968.1290065456006,983.9908974134797,938.1914103833702,0.5200279491159455,0.4799720508840545,49.0,28.0,0.65,2.2117411412965566,True,True,2018,2022,2018,2022,5,
2023_04_BAL_CLE,2023,REG,4,2023-10-01,Sunday,13:00,BAL,28.0,CLE,3.0,Home,-25.0,31.0,0.0,2023100104,59226.0,,202310010cle,,401547445,,7,7,-135.0,114.0,-2.0,-110.0,-110.0,38.5,-110.0,-110.0,1,outdoors,grass,71.0,7.0,00-0034796,00-0038583,Lamar Jackson,Dorian Thompson-Robinson,John Harbaugh,Kevin Stefanski,Brad Allen,CLE00,FirstEnergy Stadium,1045.0749965110233,1034.5839160154685,1004.2885852860798,1075.370327240412,0.5551676005617946,0.4448323994382054,49.0,28.0,0.65,2.2117411412965566,True,True,2018,2022,2018,2022,5,
2023_04_CIN_TEN,2023,REG,4,2023-10-01,Sunday,13:00,CIN,3.0,TEN,27.0,Home,24.0,30.0,0.0,2023100109,59231.0,,202310010oti,,401547452,,6,7,-162.0,136.0,-2.5,-120.0,100.0,41.5,-108.0,-112.0,0,outdoors,grass,82.0,4.0,00-0036442,00-0029701,Joe Burrow,Ryan Tannehill,Zac Taylor,Mike Vrabel,Shawn Smith,NAS00,Nissan Stadium,932.7523507645986,1085.0373987105797,983.5137201901265,1034.276029285052,0.328397419732609,0.6716025802673911,49.0,28.0,0.65,2.2117411412965566,True,True,2018,2022,2018,2022,5,
2023_04_DEN_CHI,2023,REG,4,2023-10-01,Sunday,13:00,DEN,31.0,CHI,28.0,Home,-3.0,59.0,0.0,2023100103,59225.0,,202310010chi,,401547444,,7,7,-162.0,136.0,-3.0,-112.0,-108.0,47.0,-110.0,-110.0,0,outdoors,grass,80.0,2.0,00-0029263,00-0036945,Russell Wilson,Justin Fields,Sean Payton,Matt Eberflus,Carl Cheffers,CHI98,Soldier Field,830.8882888453736,881.5063271556579,816.676363369891,895.7182526311406,0.46749593082731267,0.5325040691726873,49.0,28.0,0.65,2.2117411412965566,True,True,2018,2022,2018,2022,5,
2023_04_LA_IND,2023,REG,4,2023-10-01,Sunday,13:00,LA,29.0,IND,23.0,Home,-6.0,52.0,1.0,2023100106,59228.0,,202310010clt,,401547449,,6,7,-115.0,-105.0,-1.0,-110.0,-110.0,44.5,-110.0,-110.0,0,open,fieldturf,,,00-0026498,00-0039164,Matthew Stafford,Anthony Richardson,Sean McVay,Shane Steichen,Land Clark,IND00,Lucas Oil Stadium,927.7905337084194,963.3804135361339,917.5191175894009,973.6518296551524,0.4890790220982863,0.5109209779017136,49.0,28.0,0.65,2.2117411412965566,True,True,2018,2022,2018,2022,5,
2023_04_MIA_BUF,2023,REG,4,2023-10-01,Sunday,13:00,MIA,20.0,BUF,48.0,Home,28.0,68.0,0.0,2023100101,59223.0,,202310010buf,,401547443,,7,7,120.0,-142.0,2.5,100.0,-120.0,53.0,-110.0,-110.0,1,outdoors,a_turf,70.0,2.0,00-0036212,00-0034857,Tua Tagovailoa,Josh Allen,Mike McDaniel,Sean McDermott,Adrian Hill,BUF00,New Era Field,1159.4142445660802,1052.635028954175,1181.5720289106723,1030.4772446095828,0.6847853361037961,0.3152146638962039,49.0,28.0,0.65,2.2117411412965566,True,True,2018,2022,2018,2022,5,
2023_04_MIN_CAR,2023,REG,4,2023-10-01,Sunday,13:00,MIN,21.0,CAR,13.0,Home,-8.0,34.0,0.0,2023100102,59224.0,,202310010car,,401547448,,7,7,-225.0,185.0,-4.5,-112.0,-108.0,46.5,-110.0,-110.0,0,outdoors,grass,78.0,7.0,00-0029604,00-0039150,Kirk Cousins,Bryce Young,Kevin O'Connell,Frank Reich,Tra Blake,CAR00,Bank of America Stadium,919.8836578249,959.9798472038173,896.5199635063648,983.3435415223524,0.4825992142518138,0.5174007857481862,49.0,28.0,0.65,2.2117411412965566,True,True,2018,2022,2018,2022,5,
2023_04_PIT_HOU,2023,REG,4,2023-10-01,Sunday,13:00,PIT,6.0,HOU,30.0,Home,24.0,36.0,0.0,2023100105,59227.0,,202310010htx,,401547446,,7,7,-162.0,136.0,-3.0,-110.0,-110.0,41.5,-110.0,-110.0,0,open,astroturf,,,00-0038102,00-0039163,Kenny Pickett,C.J. Stroud,Mike Tomlin,DeMeco Ryans,Bill Vinovich,HOU00,NRG Stadium,891.7466185736384,1038.4842527270866,941.8388993490939,988.3919719516311,0.3354786328535267,0.6645213671464734,49.0,28.0,0.65,2.2117411412965566,True,True,2018,2022,2018,2022,5,
2023_04_TB_NO,2023,REG,4,2023-10-01,Sunday,13:00,TB,26.0,NO,9.0,Home,-17.0,35.0,0.0,2023100107,59229.0,,202310010nor,,401547450,,6,7,170.0,-205.0,4.0,-110.0,-110.0,41.0,-110.0,-110.0,1,dome,sportturf,,,00-0034855,00-0031280,Baker Mayfield,Derek Carr,Todd Bowles,Dennis Allen,Shawn Hochuli,NOR00,Mercedes-Benz Superdome,1016.7093083312888,986.3877341179146,978.3504537454021,1024.7465887038013,0.5831519374381972,0.41684806256180285,49.0,28.0,0.65,2.2117411412965566,True,True,2018,2022,2018,2022,5,
2023_04_WAS_PHI,2023,REG,4,2023-10-01,Sunday,13:00,WAS,31.0,PHI,34.0,Home,3.0,65.0,1.0,2023100108,59230.0,,202310010phi,,401547451,,7,6,350.0,-455.0,9.5,-110.0,-110.0,43.0,-110.0,-110.0,1,outdoors,grass,,,00-0037077,00-0036389,Sam Howell,Jalen Hurts,Ron Rivera,Nick Sirianni,Ron Torbert,PHI00,Lincoln Financial Field,1153.4503554308196,986.8122713656727,1153.335574656,986.9270521404924,0.7540678892091017,0.24593211079089827,49.0,28.0,0.65,2.2117411412965566,True,True,2018,2022,2018,2022,5,
2023_04_LV_LAC,2023,REG,4,2023-10-01,Sunday,16:05,LV,17.0,LAC,24.0,Home,7.0,41.0,0.0,2023100110,59232.0,,202310010sdg,,401547447,,7,7,250.0,-310.0,7.0,-115.0,-105.0,49.0,-110.0,-110.0,1,dome,matrixturf,,,00-0038579,00-0036355,Aidan O'Connell,Justin Herbert,Josh McDaniels,Brandon Staley,John Hussey,LAX01,SoFi Stadium,1004.0134802833227,940.5497298717279,1020.4375324322082,924.1256777228424,0.628668213917409,0.371331786082591,49.0,28.0,0.65,2.2117411412965566,True,True,2018,2022,2018,2022,5,
2023_04_ARI_SF,2023,REG,4,2023-10-01,Sunday,16:25,ARI,16.0,SF,35.0,Home,19.0,51.0,0.0,2023100112,59234.0,,202310010sfo,,401547454,,7,10,700.0,-1100.0,15.0,-108.0,-112.0,44.0,-105.0,-115.0,1,outdoors,grass,75.0,9.0,00-0033949,00-0037834,Joshua Dobbs,Brock Purdy,Jonathan Gannon,Kyle Shanahan,Clete Blakeman,SFO01,Levi's Stadium,1176.331550553301,936.347198229645,1186.7530812612104,925.9256675217356,0.8238484569682392,0.17615154303176084,49.0,28.0,0.65,2.2117411412965566,True,True,2018,2022,2018,2022,5,
2023_04_NE_DAL,2023,REG,4,2023-10-01,Sunday,16:25,NE,3.0,DAL,38.0,Home,35.0,41.0,0.0,2023100111,59233.0,,202310010dal,,401547453,,7,7,230.0,-285.0,6.5,-108.0,-112.0,43.0,-110.0,-110.0,0,closed,matrixturf,,,00-0036972,00-0033077,Mac Jones,Dak Prescott,Bill Belichick,Mike McCarthy,Scott Novak,DAL00,AT&T Stadium,1080.0449770547839,986.1483511503575,1104.976690851398,961.2166373537434,0.6685631102639593,0.3314368897360407,49.0,28.0,0.65,2.2117411412965566,True,True,2018,2022,2018,2022,5,
2023_04_KC_NYJ,2023,REG,4,2023-10-01,Sunday,20:20,KC,23.0,NYJ,20.0,Home,-3.0,43.0,0.0,2023100113,59235.0,,202310010nyj,,401547455,,7,7,-485.0,370.0,-9.5,-110.0,-110.0,41.5,-105.0,-115.0,0,outdoors,fieldturf,69.0,5.0,00-0033873,00-0037013,Patrick Mahomes,Zach Wilson,Andy Reid,Robert Saleh,Alex Kemp,NYC01,MetLife Stadium,916.589706261715,1174.9169709493372,910.7556550626239,1180.7510221484283,0.20984328392807272,0.7901567160719273,49.0,28.0,0.65,2.2117411412965566,True,True,2018,2022,2018,2022,5,
2023_04_SEA_NYG,2023,REG,4,2023-10-02,Monday,20:15,SEA,24.0,NYG,3.0,Home,-21.0,27.0,0.0,2023100200,59236.0,,202310020nyg,,401547456,,8,11,-142.0,120.0,-2.5,-115.0,-105.0,46.5,-115.0,-105.0,0,outdoors,fieldturf,67.0,8.0,00-0030565,00-0035710,Geno Smith,Daniel Jones,Pete Carroll,Brian Daboll,Brad Rogers,NYC01,MetLife Stadium,950.1293613340239,995.7555807772992,917.8830777453015,1028.0018643660217,0.47465557101281497,0.525344428987185,49.0,28.0,0.65,2.2117411412965566,True,True,2018,2022,2018,2022,5,
2023_05_CHI_WAS,2023,REG,5,2023-10-05,Thursday,20:15,CHI,40.0,WAS,20.0,Home,-20.0,60.0,0.0,2023100500,59237.0,,202310050was,,401547457,,4,4,210.0,-258.0,6.0,-110.0,-110.0,45.5,-112.0,-108.0,0,outdoors,grass,70.0,1.0,00-0036945,00-0037077,Justin Fields,Sam Howell,Matt Eberflus,Ron Rivera,Scott Novak,WAS00,FedExField,986.9270521404924,816.676363369891,930.7436300812291,872.8597854291543,0.7579040577541757,0.2420959422458243,49.0,28.0,0.65,2.2117411412965566,True,True,2018,2022,2018,2022,5,
2023_05_JAX_BUF,2023,REG,5,2023-10-08,Sunday,09:30,JAX,25.0,BUF,20.0,Neutral,-5.0,45.0,0.0,2023100800,59238.0,,202310080buf,,401547228,,7,7,205.0,-250.0,5.5,-110.0,-110.0,48.5,-108.0,-112.0,0,outdoors,,,,00-0036971,00-0034857,Trevor Lawrence,Josh Allen,Doug Pederson,Sean McDermott,Shawn Smith,LON02,Tottenham Stadium,1181.5720289106723,983.9908974134797,1146.824714976067,1018.738211348085,0.785590744274306,0.21440925572569403,49.0,28.0,0.65,2.2117411412965566,True,True,2018,2022,2018,2022,5,
2023_05_BAL_PIT,2023,REG,5,2023-10-08,Sunday,13:00,BAL,10.0,PIT,17.0,Home,7.0,27.0,0.0,2023100806,59244.0,,202310080pit,,401547460,,7,7,-230.0,190.0,-4.5,-112.0,-108.0,38.5,-110.0,-110.0,1,outdoors,grass,53.0,13.0,00-0034796,00-0038102,Lamar Jackson,Kenny Pickett,John Harbaugh,Mike Tomlin,Carl Cheffers,PIT00,Acrisure Stadium,988.3919719516311,1075.370327240412,1016.0407241150014,1047.721575077042,0.4159293094760138,0.5840706905239862,49.0,28.0,0.65,2.2117411412965566,True,True,2018,2022,2018,2022,5,
2023_05_CAR_DET,2023,REG,5,2023-10-08,Sunday,13:00,CAR,24.0,DET,42.0,Home,18.0,66.0,0.0,2023100802,59240.0,,202310080det,,401547464,,7,10,350.0,-455.0,9.5,-110.0,-110.0,43.5,-110.0,-110.0,0,dome,fieldturf,,,00-0039150,00-0033106,Bryce Young,Jared Goff,Frank Reich,Dan Campbell,Adrian Hill,DET00,Ford Field,1066.0190249405177,896.5199635063648,1080.5581909151713,881.9807975317112,0.7571092827162036,0.2428907172837964,49.0,28.0,0.65,2.2117411412965566,True,True,2018,2022,2018,2022,5,
2023_05_HOU_ATL,2023,REG,5,2023-10-08,Sunday,13:00,HOU,19.0,ATL,21.0,Home,2.0,40.0,0.0,2023100801,59239.0,,202310080atl,,401547463,,7,7,120.0,-142.0,2.5,-110.0,-110.0,42.0,-110.0,-110.0,0,open,fieldturf,,,00-0039163,00-0038122,C.J. Stroud,Desmond Ridder,DeMeco Ryans,Arthur Smith,Shawn Hochuli,ATL97,Mercedes-Benz Stadium,938.1914103833702,941.8388993490939,949.3854983475097,930.6448113849544,0.5349888003563977,0.46501119964360227,49.0,28.0,0.65,2.2117411412965566,True,True,2018,2022,2018,2022,5,
2023_05_NO_NE,2023,REG,5,2023-10-08,Sunday,13:00,NO,34.0,NE,0.0,Home,-34.0,34.0,0.0,2023100805,59243.0,,202310080nwe,,401547459,,7,7,114.0,-135.0,2.5,-110.0,-110.0,38.5,-110.0,-110.0,0,outdoors,fieldturf,61.0,10.0,00-0031280,00-0036972,Derek Carr,Mac Jones,Dennis Allen,Bill Belichick,Alex Kemp,BOS00,Gillette Stadium,961.2166373537434,978.3504537454021,920.4002423466176,1019.1668487525279,0.5156325985697576,0.4843674014302424,49.0,28.0,0.65,2.2117411412965566,True,True,2018,2022,2018,2022,5,
2023_05_NYG_MIA,2023,REG,5,2023-10-08,Sunday,13:00,NYG,16.0,MIA,31.0,Home,15.0,47.0,0.0,2023100804,59242.0,,202310080mia,,401547465,,6,7,525.0,-750.0,12.5,-110.0,-110.0,47.5,-108.0,-112.0,0,outdoors,grass,88.0,8.0,00-0035710,00-0036212,Daniel Jones,Tua Tagovailoa,Brian Daboll,Mike McDaniel,Ron Torbert,MIA00,Hard Rock Stadium,1030.4772446095828,917.8830777453015,1048.261796484973,900.0985258699113,0.6919656647138518,0.3080343352861482,49.0,28.0,0.65,2.2117411412965566,True,True,2018,2022,2018,2022,5,
2023_05_TEN_IND,2023,REG,5,2023-10-08,Sunday,13:00,TEN,16.0,IND,23.0,Home,7.0,39.0,0.0,2023100803,59241.0,,202310080clt,,401547458,,7,7,-142.0,120.0,-2.5,-110.0,-110.0,43.5,-110.0,-110.0,1,open,fieldturf,,,00-0029701,00-0039164,Ryan Tannehill,Anthony Richardson,Mike Vrabel,Shane Steichen,Brad Rogers,IND00,Lucas Oil Stadium,917.5191175894009,983.5137201901265,943.5114921958879,957.5213455836396,0.4455383012914932,0.5544616987085068,49.0,28.0,0.65,2.2117411412965566,True,True,2018,2022,2018,2022,5,
2023_05_CIN_ARI,2023,REG,5,2023-10-08,Sunday,16:05,CIN,34.0,ARI,20.0,Home,-14.0,54.0,0.0,2023100807,59245.0,,202310080crd,,401547466,,7,7,-170.0,142.0,-3.0,-120.0,100.0,45.5,-110.0,-110.0,0,closed,grass,,,00-0036442,00-0033949,Joe Burrow,Joshua Dobbs,Zac Taylor,Jonathan Gannon,Clay Martin,PHO00,State Farm Stadium,925.9256675217356,1034.276029285052,903.5611396192028,1056.6405571875848,0.38638489352358507,0.6136151064764149,49.0,28.0,0.65,2.2117411412965566,True,True,2018,2022,2018,2022,5,
2023_05_PHI_LA,2023,REG,5,2023-10-08,Sunday,16:05,PHI,23.0,LA,14.0,Home,-9.0,37.0,0.0,2023100808,59246.0,,202310080ram,,401547467,,7,7,-192.0,160.0,-3.5,-110.0,-110.0,50.5,-110.0,-110.0,0,dome,matrixturf,,,00-0036389,00-0026498,Jalen Hurts,Matthew Stafford,Nick Sirianni,Sean McVay,Bill Vinovich,LAX01,SoFi Stadium,973.6518296551524,1153.335574656,959.5929961544254,1167.394408156727,0.2945968181251919,0.7054031818748081,49.0,28.0,0.65,2.2117411412965566,True,True,2018,2022,2018,2022,5,
2023_05_KC_MIN,2023,REG,5,2023-10-08,Sunday,16:25,KC,27.0,MIN,20.0,Home,-7.0,47.0,0.0,2023100810,59248.0,,202310080min,,401547462,,7,7,-180.0,150.0,-3.5,-105.0,-115.0,52.5,-110.0,-110.0,0,dome,sportturf,,,00-0033873,00-0029604,Patrick Mahomes,Kirk Cousins,Andy Reid,Kevin O'Connell,Land Clark,MIN01,U.S. Bank Stadium,983.3435415223524,1180.7510221484283,971.6296698200035,1192.4648938507773,0.27384766245102893,0.7261523375489711,49.0,28.0,0.65,2.2117411412965566,True,True,2018,2022,2018,2022,5,
2023_05_NYJ_DEN,2023,REG,5,2023-10-08,Sunday,16:25,NYJ,31.0,DEN,21.0,Home,-10.0,52.0,0.0,2023100809,59247.0,,202310080den,,401547461,,7,7,114.0,-135.0,2.5,-110.0,-110.0,42.5,-110.0,-110.0,0,outdoors,grass,73.0,9.0,00-0037013,00-0029263,Zach Wilson,Russell Wilson,Robert Saleh,Sean Payton,John Hussey,DEN00,Empower Field at Mile High,895.7182526311406,910.7556550626239,868.0023184948964,938.4715891988681,0.5186460265760827,0.4813539734239173,49.0,28.0,0.65,2.2117411412965566,True,True,2018,2022,2018,2022,5,
2023_05_DAL_SF,2023,REG,5,2023-10-08,Sunday,20:20,DAL,10.0,SF,42.0,Home,32.0,52.0,0.0,2023100811,59249.0,,202310080sfo,,401547354,,7,7,150.0,-180.0,3.5,-115.0,-105.0,45.0,-105.0,-115.0,0,outdoors,grass,78.0,10.0,00-0033077,00-0037834,Dak Prescott,Brock Purdy,Mike McCarthy,Kyle Shanahan,Alan Eck,SFO01,Levi's Stadium,1186.7530812612104,1104.976690851398,1212.3608459721386,1079.3689261404697,0.6529255273438657,0.34707447265613434,49.0,28.0,0.65,2.2117411412965566,True,True,2018,2022,2018,2022,5,
2023_05_GB_LV,2023,REG,5,2023-10-09,Monday,20:15,GB,13.0,LV,17.0,Home,4.0,30.0,0.0,2023100900,59250.0,,202310090rai,,401547468,,11,8,-102.0,-118.0,1.0,-110.0,-110.0,45.0,-110.0,-110.0,0,dome,grass,,,00-0036264,00-0031345,Jordan Love,Jimmy Garoppolo,Matt LaFleur,Josh McDaniels,Alan Eck,VEG00,Allegiant Stadium,924.1256777228424,1002.8897763768157,945.0225069641646,981.9929471354935,0.4274600595168055,0.5725399404831946,49.0,28.0,0.65,2.2117411412965566,True,True,2018,2022,2018,2022,5,
2023_06_DEN_KC,2023,REG,6,2023-10-12,Thursday,20:15,DEN,8.0,KC,19.0,Home,11.0,27.0,0.0,2023101200,59251.0,,202310120kan,,401547469,,4,4,470.0,-650.0,10.5,-108.0,-112.0,47.5,-112.0,-108.0,1,outdoors,grass,,,00-0029263,00-0033873,Russell Wilson,Patrick Mahomes,Sean Payton,Andy Reid,Shawn Hochuli,KAN00,GEHA Field at Arrowhead Stadium,1192.4648938507773,868.0023184948964,1197.9784742789664,862.4887380667074,0.883802026346466,0.11619797365353401,49.0,28.0,0.65,2.2117411412965566,True,True,2018,2022,2018,2022,5,
2023_06_BAL_TEN,2023,REG,6,2023-10-15,Sunday,09:30,BAL,24.0,TEN,16.0,Neutral,-8.0,40.0,0.0,2023101500,59252.0,,202310150oti,,401547229,,7,7,-250.0,205.0,-5.5,-112.0,-108.0,42.5,-110.0,-110.0,0,outdoors,,,,00-0034796,00-0029701,Lamar Jackson,Ryan Tannehill,John Harbaugh,Mike Vrabel,Bill Vinovich,LON02,Tottenham Stadium,957.5213455836396,1047.721575077042,938.0442245293626,1067.198696131319,0.4114308879305034,0.5885691120694966,49.0,28.0,0.65,2.2117411412965566,True,True,2018,2022,2018,2022,5,
2023_06_CAR_MIA,2023,REG,6,2023-10-15,Sunday,13:00,CAR,21.0,MIA,42.0,Home,21.0,63.0,0.0,2023101507,59259.0,,202310150mia,,401547473,,7,7,700.0,-1100.0,14.0,-110.0,-110.0,47.5,-112.0,-108.0,0,outdoors,grass,87.0,12.0,00-0039150,00-0036212,Bryce Young,Tua Tagovailoa,Frank Reich,Mike McDaniel,Craig Wrolstad,MIA00,Hard Rock Stadium,1048.261796484973,881.9807975317112,1063.7607561611308,866.4818378555536,0.7536864899532912,0.24631351004670876,49.0,28.0,0.65,2.2117411412965566,True,True,2018,2022,2018,2022,5,
2023_06_IND_JAX,2023,REG,6,2023-10-15,Sunday,13:00,IND,20.0,JAX,37.0,Home,17.0,57.0,0.0,2023101506,59258.0,,202310150jax,,401547472,,7,7,170.0,-205.0,4.0,-110.0,-110.0,44.0,-110.0,-110.0,1,outdoors,grass,,,00-0035289,00-0036971,Gardner Minshew,Trevor Lawrence,Shane Steichen,Doug Pederson,Alex Kemp,JAX00,TIAA Bank Stadium,1018.738211348085,943.5114921958879,1040.4925083946123,921.7571951493604,0.644332997347872,0.35566700265212803,49.0,28.0,0.65,2.2117411412965566,True,True,2018,2022,2018,2022,5,
2023_06_MIN_CHI,2023,REG,6,2023-10-15,Sunday,13:00,MIN,19.0,CHI,13.0,Home,-6.0,32.0,0.0,2023101502,59254.0,,202310150chi,,401547475,,7,10,-166.0,140.0,-3.0,-115.0,-105.0,44.5,-112.0,-108.0,1,outdoors,grass,53.0,16.0,00-0029604,00-0036945,Kirk Cousins,Justin Fields,Kevin O'Connell,Matt Eberflus,Brad Allen,CHI98,Soldier Field,872.8597854291543,971.6296698200035,856.1721866297089,988.3172686194489,0.39953950596165405,0.600460494038346,49.0,28.0,0.65,2.2117411412965566,True,True,2018,2022,2018,2022,5,
2023_06_NO_HOU,2023,REG,6,2023-10-15,Sunday,13:00,NO,13.0,HOU,20.0,Home,7.0,33.0,0.0,2023101505,59257.0,,202310150htx,,401547477,,7,7,-130.0,110.0,-2.0,-110.0,-110.0,42.5,-112.0,-108.0,0,closed,astroturf,,,00-0031280,00-0039163,Derek Carr,C.J. Stroud,Dennis Allen,DeMeco Ryans,Alan Eck,HOU00,NRG Stadium,930.6448113849544,1019.1668487525279,958.4156995246932,991.3959606127892,0.4137722043172047,0.5862277956827953,49.0,28.0,0.65,2.2117411412965566,True,True,2018,2022,2018,2022,5,
2023_06_SEA_CIN,2023,REG,6,2023-10-15,Sunday,13:00,SEA,13.0,CIN,17.0,Home,4.0,30.0,0.0,2023101503,59255.0,,202310150cin,,401547471,,13,7,130.0,-155.0,3.0,-112.0,-108.0,45.5,-108.0,-112.0,0,outdoors,fieldturf,57.0,15.0,00-0030565,00-0036442,Geno Smith,Joe Burrow,Pete Carroll,Zac Taylor,Adrian Hill,CIN00,Paycor Stadium,1056.6405571875848,1028.0018643660217,1071.2126836413547,1013.4297379122519,0.5807951777839786,0.4192048222160214,49.0,28.0,0.65,2.2117411412965566,True,True,2018,2022,2018,2022,5,
2023_06_SF_CLE,2023,REG,6,2023-10-15,Sunday,13:00,SF,17.0,CLE,19.0,Home,2.0,36.0,0.0,2023101504,59256.0,,202310150cle,,401547476,,7,14,-470.0,360.0,-9.5,-115.0,-105.0,36.0,-110.0,-110.0,0,outdoors,grass,53.0,15.0,00-0037834,00-0033275,Brock Purdy,Phillip Walker,Kyle Shanahan,Kevin Stefanski,John Hussey,CLE00,FirstEnergy Stadium,1004.2885852860798,1212.3608459721386,1023.8572371693559,1192.7921940888625,0.2618105675058224,0.7381894324941776,49.0,28.0,0.65,2.2117411412965566,True,True,2018,2022,2018,2022,5,
2023_06_WAS_ATL,2023,REG,6,2023-10-15,Sunday,13:00,WAS,24.0,ATL,16.0,Home,-8.0,40.0,0.0,2023101501,59253.0,,202310150atl,,401547470,,10,7,105.0,-125.0,1.5,-108.0,-112.0,42.0,-110.0,-110.0,0,closed,fieldturf,,,00-0037077,00-0038122,Sam Howell,Desmond Ridder,Ron Rivera,Arthur Smith,Clete Blakeman,ATL97,Mercedes-Benz Stadium,949.3854983475097,930.7436300812291,921.2008087764618,958.928319652277,0.5667226991003054,0.43327730089969463,49.0,28.0,0.65,2.2117411412965566,True,True,2018,2022,2018,2022,5,
2023_06_NE_LV,2023,REG,6,2023-10-15,Sunday,16:05,NE,17.0,LV,21.0,Home,4.0,38.0,0.0,2023101509,59261.0,,202310150rai,,401547474,,7,6,124.0,-148.0,3.0,-118.0,-102.0,41.5,-110.0,-110.0,0,dome,grass,,,00-0036972,00-0031345,Mac Jones,Jimmy Garoppolo,Bill Belichick,Josh McDaniels,Brad Rogers,VEG00,Allegiant Stadium,945.0225069641646,920.4002423466176,959.8170003698921,905.6057489408901,0.5751557164395943,0.4248442835604057,49.0,28.0,0.65,2.2117411412965566,True,True,2018,2022,2018,2022,5,
2023_06_ARI_LA,2023,REG,6,2023-10-15,Sunday,16:25,ARI,9.0,LA,26.0,Home,17.0,35.0,0.0,2023101510,59262.0,,202310150ram,,401547479,,7,7,270.0,-340.0,7.0,-105.0,-115.0,48.0,-110.0,-110.0,1,dome,matrixturf,,,00-0033949,00-0026498,Joshua Dobbs,Matthew Stafford,Jonathan Gannon,Sean McVay,Ron Torbert,LAX01,SoFi Stadium,959.5929961544254,903.5611396192028,983.1156064824222,880.0385292912059,0.6186273876488958,0.3813726123511042,49.0,28.0,0.65,2.2117411412965566,True,True,2018,2022,2018,2022,5,
2023_06_DET_TB,2023,REG,6,2023-10-15,Sunday,16:25,DET,20.0,TB,6.0,Home,-14.0,26.0,0.0,2023101508,59260.0,,202310150tam,,401547478,,7,14,-162.0,136.0,-3.0,-115.0,-105.0,43.5,-112.0,-108.0,0,outdoors,grass,77.0,13.0,00-0033106,00-0034855,Jared Goff,Baker Mayfield,Dan Campbell,Todd Bowles,Clay Martin,TAM00,Raymond James Stadium,1024.7465887038013,1080.5581909151713,997.4895744956088,1107.8152051233637,0.4600611562881726,0.5399388437118273,49.0,28.0,0.65,2.2117411412965566,True,True,2018,2022,2018,2022,5,
2023_06_PHI_NYJ,2023,REG,6,2023-10-15,Sunday,16:25,PHI,14.0,NYJ,20.0,Home,6.0,34.0,0.0,2023101511,59263.0,,202310150nyj,,401547480,,7,7,-305.0,245.0,-6.5,-115.0,-105.0,43.0,-105.0,-115.0,0,outdoors,fieldturf,59.0,11.0,00-0036389,00-0037013,Jalen Hurts,Zach Wilson,Nick Sirianni,Robert Saleh,Scott Novak,NYC01,MetLife Stadium,938.4715891988681,1167.394408156727,974.5626623188075,1131.3033350367875,0.23928477263428793,0.7607152273657121,49.0,28.0,0.65,2.2117411412965566,True,True,2018,2022,2018,2022,5,
2023_06_NYG_BUF,2023,REG,6,2023-10-15,Sunday,20:20,NYG,9.0,BUF,14.0,Home,5.0,23.0,0.0,2023101512,59264.0,,202310150buf,,401547481,,7,7,750.0,-1200.0,15.5,-110.0,-110.0,43.5,-110.0,-110.0,0,outdoors,a_turf,46.0,7.0,00-0028118,00-0034857,Tyrod Taylor,Josh Allen,Brian Daboll,Sean McDermott,Tra Blake,BUF00,New Era Field,1146.824714976067,900.0985258699113,1152.8446357327246,894.0786051132538,0.829409926605579,0.170590073394421,49.0,28.0,0.65,2.2117411412965566,True,True,2018,2022,2018,2022,5,
2023_06_DAL_LAC,2023,REG,6,2023-10-16,Monday,20:15,DAL,20.0,LAC,17.0,Home,-3.0,37.0,0.0,2023101600,59265.0,,202310160sdg,,401547482,,8,15,-130.0,110.0,-1.5,-112.0,-108.0,49.5,-108.0,-112.0,0,dome,matrixturf,,,00-0033077,00-0036355,Dak Prescott,Justin Herbert,Mike McCarthy,Brandon Staley,Land Clark,LAX01,SoFi Stadium,1020.4375324322082,1079.3689261404697,1006.6387539527697,1093.1677046199081,0.4556033791588323,0.5443966208411677,49.0,28.0,0.65,2.2117411412965566,True,True,2018,2022,2018,2022,5,
2023_07_JAX_NO,2023,REG,7,2023-10-19,Thursday,20:15,JAX,31.0,NO,24.0,Home,-7.0,55.0,0.0,2023101900,59266.0,,202310190nor,,401547483,,4,4,124.0,-148.0,2.5,-108.0,-112.0,41.0,-110.0,-110.0,0,dome,sportturf,,,00-0036971,00-0031280,Trevor Lawrence,Derek Carr,Doug Pederson,Dennis Allen,Land Clark,NOR00,Mercedes-Benz Superdome,991.3959606127892,1040.4925083946123,969.9639492750858,1061.9245197323155,0.46967688526873985,0.5303231147312601,49.0,28.0,0.65,2.2117411412965566,True,True,2018,2022,2018,2022,5,
2023_07_ATL_TB,2023,REG,7,2023-10-22,Sunday,13:00,ATL,16.0,TB,13.0,Home,-3.0,29.0,0.0,2023102205,59272.0,,202310220tam,,401547491,,7,7,124.0,-148.0,3.0,-115.0,-105.0,37.5,-115.0,-105.0,1,outdoors,grass,79.0,3.0,00-0038122,00-0034855,Desmond Ridder,Baker Mayfield,Arthur Smith,Todd Bowles,Ron Torbert,TAM00,Raymond James Stadium,997.4895744956088,921.2008087764618,976.6705042337127,942.019879038358,0.6457328064114092,0.3542671935885908,49.0,28.0,0.65,2.2117411412965566,True,True,2018,2022,2018,2022,5,
2023_07_BUF_NE,2023,REG,7,2023-10-22,Sunday,13:00,BUF,25.0,NE,29.0,Home,4.0,54.0,0.0,2023102203,59270.0,,202310220nwe,,401547485,,7,7,-395.0,310.0,-7.5,-110.0,-110.0,41.0,-110.0,-110.0,1,outdoors,fieldturf,55.0,13.0,00-0034857,00-0036972,Josh Allen,Mac Jones,Sean McDermott,Bill Belichick,Clete Blakeman,BOS00,Gillette Stadium,905.6057489408901,1152.8446357327246,936.4713165564713,1121.9790681171435,0.22062283471806537,0.7793771652819346,49.0,28.0,0.65,2.2117411412965566,True,True,2018,2022,2018,2022,5,
2023_07_CLE_IND,2023,REG,7,2023-10-22,Sunday,13:00,CLE,39.0,IND,38.0,Home,-1.0,77.0,0.0,2023102202,59269.0,,202310220clt,,401547484,,7,7,-180.0,150.0,-3.5,-108.0,-112.0,40.0,-110.0,-110.0,0,open,fieldturf,,,00-0033537,00-0035289,Deshaun Watson,Gardner Minshew,Kevin Stefanski,Shane Steichen,Shawn Smith,IND00,Lucas Oil Stadium,921.7571951493604,1023.8572371693559,915.8898464707845,1029.7245858479318,0.3949494729089487,0.6050505270910513,49.0,28.0,0.65,2.2117411412965566,True,True,2018,2022,2018,2022,5,
2023_07_DET_BAL,2023,REG,7,2023-10-22,Sunday,13:00,DET,6.0,BAL,38.0,Home,32.0,44.0,0.0,2023102200,59267.0,,202310220rav,,401547489,,7,7,136.0,-162.0,3.0,-105.0,-115.0,43.5,-108.0,-112.0,0,outdoors,grass,62.0,16.0,00-0033106,00-0034796,Jared Goff,Lamar Jackson,Dan Campbell,John Harbaugh,Brad Rogers,BAL00,M&T Bank Stadium,1067.198696131319,1107.8152051233637,1107.5677311582083,1067.4461700964744,0.4818513605814848,0.5181486394185152,49.0,28.0,0.65,2.2117411412965566,True,True,2018,2022,2018,2022,5,
2023_07_LV_CHI,2023,REG,7,2023-10-22,Sunday,13:00,LV,12.0,CHI,30.0,Home,18.0,42.0,0.0,2023102201,59268.0,,202310220chi,,401547490,,7,7,-142.0,120.0,-2.5,-110.0,-110.0,38.5,-110.0,-110.0,0,outdoors,grass,52.0,8.0,00-0026625,00-0038416,Brian Hoyer,Tyson Bagent,Josh McDaniels,Matt Eberflus,Clay Martin,CHI98,Soldier Field,856.1721866297089,959.8170003698921,897.1900185699095,918.7991684296915,0.3928264981905146,0.6071735018094855,49.0,28.0,0.65,2.2117411412965566,True,True,2018,2022,2018,2022,5,
2023_07_WAS_NYG,2023,REG,7,2023-10-22,Sunday,13:00,WAS,7.0,NYG,14.0,Home,7.0,21.0,0.0,2023102204,59271.0,,202310220nyg,,401547486,,7,7,-162.0,136.0,-3.0,-108.0,-112.0,37.0,-112.0,-108.0,1,outdoors,fieldturf,54.0,14.0,00-0037077,00-0028118,Sam Howell,Tyrod Taylor,Ron Rivera,Brian Daboll,John Hussey,NYC01,MetLife Stadium,894.0786051132538,958.928319652277,919.9809140499391,933.0260107155917,0.4471669583913766,0.5528330416086233,49.0,28.0,0.65,2.2117411412965566,True,True,2018,2022,2018,2022,5,
2023_07_ARI_SEA,2023,REG,7,2023-10-22,Sunday,16:05,ARI,10.0,SEA,20.0,Home,10.0,30.0,0.0,2023102207,59274.0,,202310220sea,,401547493,,7,7,350.0,-455.0,9.5,-112.0,-108.0,43.5,-110.0,-110.0,1,outdoors,fieldturf,56.0,5.0,00-0033949,00-0030565,Joshua Dobbs,Geno Smith,Jonathan Gannon,Pete Carroll,Scott Novak,SEA00,Lumen Field,1013.4297379122519,880.0385292912059,1027.4422426720607,866.026024531397,0.7168809846213086,0.28311901537869144,49.0,28.0,0.65,2.2117411412965566,True,True,2018,2022,2018,2022,5,
2023_07_PIT_LA,2023,REG,7,2023-10-22,Sunday,16:05,PIT,24.0,LA,17.0,Home,-7.0,41.0,0.0,2023102206,59273.0,,202310220ram,,401547492,,14,7,145.0,-175.0,3.5,-118.0,-102.0,44.0,-112.0,-108.0,0,dome,matrixturf,,,00-0038102,00-0026498,Kenny Pickett,Matthew Stafford,Mike Tomlin,Sean McVay,Craig Wrolstad,LAX01,SoFi Stadium,983.1156064824222,1016.0407241150014,960.4583506382155,1038.6979799592082,0.4929126606972821,0.5070873393027179,49.0,28.0,0.65,2.2117411412965566,True,True,2018,2022,2018,2022,5,
2023_07_GB_DEN,2023,REG,7,2023-10-22,Sunday,16:25,GB,17.0,DEN,19.0,Home,2.0,36.0,0.0,2023102208,59275.0,,202310220den,,401547487,,13,10,-102.0,-118.0,1.5,-112.0,-108.0,44.0,-110.0,-110.0,0,outdoors,grass,72.0,9.0,00-0036264,00-0029263,Jordan Love,Russell Wilson,Matt LaFleur,Sean Payton,Alex Kemp,DEN00,Empower Field at Mile High,862.4887380667074,981.9929471354935,878.4554407123504,966.0262444898505,0.37127741878141524,0.6287225812185848,49.0,28.0,0.65,2.2117411412965566,True,True,2018,2022,2018,2022,5,
2023_07_LAC_KC,2023,REG,7,2023-10-22,Sunday,16:25,LAC,17.0,KC,31.0,Home,14.0,48.0,0.0,2023102209,59276.0,,202310220kan,,401547488,,6,10,215.0,-265.0,5.5,-105.0,-115.0,48.5,-108.0,-112.0,1,outdoors,grass,72.0,10.0,00-0036355,00-0033873,Justin Herbert,Patrick Mahomes,Brandon Staley,Andy Reid,Tra Blake,KAN00,GEHA Field at Arrowhead Stadium,1197.9784742789664,1006.6387539527697,1210.0093793235062,994.6078489082298,0.7794769555966595,0.22052304440334047,49.0,28.0,0.65,2.2117411412965566,True,True,2018,2022,2018,2022,5,
2023_07_MIA_PHI,2023,REG,7,2023-10-22,Sunday,20:20,MIA,17.0,PHI,31.0,Home,14.0,48.0,0.0,2023102210,59277.0,,202310220phi,,401547494,,7,7,130.0,-155.0,3.0,-112.0,-108.0,52.0,-110.0,-110.0,0,outdoors,grass,55.0,17.0,00-0036212,00-0036389,Tua Tagovailoa,Jalen Hurts,Mike McDaniel,Nick Sirianni,Brad Allen,PHI00,Lincoln Financial Field,1131.3033350367875,1063.7607561611308,1152.3401257036016,1042.7239654943166,0.6341326432705384,0.3658673567294616,49.0,28.0,0.65,2.2117411412965566,True,True,2018,2022,2018,2022,5,
2023_07_SF_MIN,2023,REG,7,2023-10-23,Monday,20:15,SF,17.0,MIN,22.0,Home,5.0,39.0,0.0,2023102300,59278.0,,202310230min,,401547495,,8,8,-325.0,260.0,-7.0,-105.0,-115.0,44.5,-110.0,-110.0,0,dome,sportturf,,,00-0037834,00-0029604,Brock Purdy,Kirk Cousins,Kyle Shanahan,Kevin O'Connell,Carl Cheffers,MIN01,U.S. Bank Stadium,988.3172686194489,1192.7921940888625,1020.0020562009342,1161.1074065073772,0.265832394872678,0.734167605127322,49.0,28.0,0.65,2.2117411412965566,True,True,2018,2022,2018,2022,5,
2023_08_TB_BUF,2023,REG,8,2023-10-26,Thursday,20:15,TB,18.0,BUF,24.0,Home,6.0,42.0,0.0,2023102600,59279.0,,202310260buf,,401547496,,4,4,370.0,-485.0,10.0,-112.0,-108.0,43.0,-110.0,-110.0,0,outdoors,a_turf,66.0,10.0,00-0034855,00-0034857,Baker Mayfield,Josh Allen,Todd Bowles,Sean McDermott,Scott Novak,BUF00,New Era Field,1121.9790681171435,976.6705042337127,1132.7451685215683,965.9044038292877,0.7305951657538494,0.2694048342461506,49.0,28.0,0.65,2.2117411412965566,True,True,2018,2022,2018,2022,5,
2023_08_ATL_TEN,2023,REG,8,2023-10-29,Sunday,13:00,ATL,23.0,TEN,28.0,Home,5.0,51.0,0.0,2023102907,59287.0,,202310290oti,,401547500,,7,14,-130.0,110.0,-2.5,-110.0,-110.0,35.0,-110.0,-110.0,0,outdoors,grass,77.0,7.0,00-0038122,00-0039152,Desmond Ridder,Will Levis,Arthur Smith,Mike Vrabel,Clay Martin,NAS00,Nissan Stadium,938.0442245293626,942.019879038358,956.3221443566109,923.7419592111097,0.5345188138851061,0.46548118611489386,49.0,28.0,0.65,2.2117411412965566,True,True,2018,2022,2018,2022,5,
2023_08_HOU_CAR,2023,REG,8,2023-10-29,Sunday,13:00,HOU,13.0,CAR,15.0,Home,2.0,28.0,0.0,2023102900,59280.0,,202310290car,,401547504,,14,14,-162.0,136.0,-3.0,-118.0,-102.0,43.0,-110.0,-110.0,0,outdoors,grass,77.0,14.0,00-0039163,00-0039150,C.J. Stroud,Bryce Young,DeMeco Ryans,Frank Reich,John Hussey,CAR00,Bank of America Stadium,866.4818378555536,958.4156995246932,881.2964275915267,943.6011097887201,0.40901642957792556,0.5909835704220745,49.0,28.0,0.65,2.2117411412965566,True,True,2018,2022,2018,2022,5,
2023_08_JAX_PIT,2023,REG,8,2023-10-29,Sunday,13:00,JAX,20.0,PIT,10.0,Home,-10.0,30.0,0.0,2023102906,59286.0,,202310290pit,,401547499,,10,7,-135.0,114.0,-2.5,-110.0,-110.0,41.0,-110.0,-110.0,0,outdoors,grass,58.0,2.0,00-0036971,00-0038102,Trevor Lawrence,Kenny Pickett,Doug Pederson,Mike Tomlin,Alan Eck,PIT00,Acrisure Stadium,1038.6979799592082,1061.9245197323155,1011.7124362473055,1088.9100634442182,0.5068691292670897,0.4931308707329103,49.0,28.0,0.65,2.2117411412965566,True,True,2018,2022,2018,2022,5,
2023_08_LA_DAL,2023,REG,8,2023-10-29,Sunday,13:00,LA,20.0,DAL,43.0,Home,23.0,63.0,0.0,2023102901,59281.0,,202310290dal,,401547505,,7,13,250.0,-310.0,6.5,-105.0,-115.0,44.5,-110.0,-110.0,0,closed,matrixturf,,,00-0026498,00-0033077,Matthew Stafford,Dak Prescott,Sean McVay,Mike McCarthy,Adrian Hill,DAL00,AT&T Stadium,1093.1677046199081,960.4583506382155,1111.796877544425,941.8291777136988,0.7160836641773541,0.28391633582264586,49.0,28.0,0.65,2.2117411412965566,True,True,2018,2022,2018,2022,5,
2023_08_MIN_GB,2023,REG,8,2023-10-29,Sunday,13:00,MIN,24.0,GB,10.0,Home,-14.0,34.0,0.0,2023102902,59282.0,,202310290gnb,,401547506,,6,7,-112.0,-108.0,-1.0,-108.0,-112.0,41.5,-108.0,-112.0,1,outdoors,grass,39.0,8.0,00-0029604,00-0036264,Kirk Cousins,Jordan Love,Kevin O'Connell,Matt LaFleur,Shawn Hochuli,GNB00,Lambeau Field,966.0262444898505,1020.0020562009342,938.591033016833,1047.4372676739517,0.46268729854577556,0.5373127014542245,49.0,28.0,0.65,2.2117411412965566,True,True,2018,2022,2018,2022,5,
2023_08_NE_MIA,2023,REG,8,2023-10-29,Sunday,13:00,NE,17.0,MIA,31.0,Home,14.0,48.0,0.0,2023102904,59284.0,,202310290mia,,401547497,,7,7,300.0,-380.0,7.5,-110.0,-110.0,46.5,-110.0,-110.0,1,outdoors,grass,83.0,17.0,00-0036972,00-0036212,Mac Jones,Tua Tagovailoa,Bill Belichick,Mike McDaniel,Land Clark,MIA00,Hard Rock Stadium,1042.7239654943166,936.4713165564713,1060.5847594253632,918.6105226254247,0.6841306804521378,0.31586931954786224,49.0,28.0,0.65,2.2117411412965566,True,True,2018,2022,2018,2022,5,
2023_08_NO_IND,2023,REG,8,2023-10-29,Sunday,13:00,NO,38.0,IND,27.0,Home,-11.0,65.0,0.0,2023102903,59283.0,,202310290clt,,401547507,,10,7,-130.0,110.0,-2.0,-110.0,-110.0,43.5,-110.0,-110.0,0,closed,fieldturf,,,00-0031280,00-0035289,Derek Carr,Gardner Minshew,Dennis Allen,Shane Steichen,Craig Wrolstad,IND00,Lucas Oil Stadium,915.8898464707845,969.9639492750858,890.7240631421587,995.1297326037117,0.4625466370060308,0.5374533629939692,49.0,28.0,0.65,2.2117411412965566,True,True,2018,2022,2018,2022,5,
2023_08_NYJ_NYG,2023,REG,8,2023-10-29,Sunday,13:00,NYJ,13.0,NYG,10.0,Home,-3.0,23.0,1.0,2023102905,59285.0,,202310290nyg,,401547498,,14,7,-162.0,136.0,-3.0,-115.0,-105.0,35.0,-112.0,-108.0,0,outdoors,fieldturf,52.0,6.0,00-0037013,00-0028118,Zach Wilson,Tyrod Taylor,Robert Saleh,Brian Daboll,Shawn Smith,NYC01,MetLife Stadium,919.9809140499391,974.5626623188075,913.5530191934191,980.9905571753275,0.4618202556623564,0.5381797443376436,49.0,28.0,0.65,2.2117411412965566,True,True,2018,2022,2018,2022,5,
2023_08_PHI_WAS,2023,REG,8,2023-10-29,Sunday,13:00,PHI,38.0,WAS,31.0,Home,-7.0,69.0,0.0,2023102908,59288.0,,202310290was,,401547508,,7,7,-305.0,245.0,-7.0,-110.0,-110.0,42.5,-110.0,-110.0,1,outdoors,grass,69.0,4.0,00-0036389,00-0037077,Jalen Hurts,Sam Howell,Nick Sirianni,Ron Rivera,Carl Cheffers,WAS00,FedExField,933.0260107155917,1152.3401257036016,922.4514765536803,1162.9146598655132,0.24949778348542287,0.7505022165145772,49.0,28.0,0.65,2.2117411412965566,True,True,2018,2022,2018,2022,5,
2023_08_CLE_SEA,2023,REG,8,2023-10-29,Sunday,16:05,CLE,20.0,SEA,24.0,Home,4.0,44.0,0.0,2023102909,59289.0,,202310290sea,,401547509,,7,7,164.0,-198.0,4.0,-110.0,-110.0,39.5,-112.0,-108.0,0,outdoors,fieldturf,47.0,3.0,00-0033275,00-0030565,Phillip Walker,Geno Smith,Kevin Stefanski,Pete Carroll,Bill Vinovich,SEA00,Lumen Field,1027.4422426720607,1029.7245858479318,1043.762344115026,1013.4044844049664,0.5369432352365697,0.4630567647634303,49.0,28.0,0.65,2.2117411412965566,True,True,2018,2022,2018,2022,5,
2023_08_BAL_ARI,2023,REG,8,2023-10-29,Sunday,16:25,BAL,31.0,ARI,24.0,Home,-7.0,55.0,0.0,2023102910,59290.0,,202310290crd,,401547501,,7,7,-500.0,380.0,-9.5,-110.0,-110.0,44.5,-110.0,-110.0,0,closed,grass,,,00-0034796,00-0033949,Lamar Jackson,Joshua Dobbs,John Harbaugh,Jonathan Gannon,Tra Blake,PHO00,State Farm Stadium,866.026024531397,1107.5677311582083,856.5224483875825,1117.071307302023,0.2263136174132795,0.7736863825867205,49.0,28.0,0.65,2.2117411412965566,True,True,2018,2022,2018,2022,5,
2023_08_CIN_SF,2023,REG,8,2023-10-29,Sunday,16:25,CIN,31.0,SF,17.0,Home,-14.0,48.0,0.0,2023102912,59292.0,,202310290sfo,,401547503,,14,6,170.0,-205.0,4.0,-105.0,-115.0,44.0,-110.0,-110.0,0,outdoors,grass,74.0,10.0,00-0036442,00-0037834,Joe Burrow,Brock Purdy,Zac Taylor,Kyle Shanahan,Ron Torbert,SFO01,Levi's Stadium,1161.1074065073772,1071.2126836413547,1119.0503035962881,1113.2697865524437,0.6634387937278426,0.33656120627215735,49.0,28.0,0.65,2.2117411412965566,True,True,2018,2022,2018,2022,5,
2023_08_KC_DEN,2023,REG,8,2023-10-29,Sunday,16:25,KC,9.0,DEN,24.0,Home,15.0,33.0,0.0,2023102911,59291.0,,202310290den,,401547502,,7,7,-340.0,270.0,-7.0,-102.0,-118.0,45.5,-110.0,-110.0,1,outdoors,grass,26.0,7.0,00-0033873,00-0029263,Patrick Mahomes,Russell Wilson,Andy Reid,Sean Payton,Brad Allen,DEN00,Empower Field at Mile High,878.4554407123504,1210.0093793235062,939.1398885572762,1149.3249314785805,0.14837582149888942,0.8516241785011106,49.0,28.0,0.65,2.2117411412965566,True,True,2018,2022,2018,2022,5,
2023_08_CHI_LAC,2023,REG,8,2023-10-29,Sunday,20:20,CHI,13.0,LAC,30.0,Home,17.0,43.0,0.0,2023102913,59293.0,,202310290sdg,,401547510,,7,7,340.0,-440.0,9.5,-108.0,-112.0,46.0,-112.0,-108.0,0,dome,matrixturf,,,00-0038416,00-0036355,Tyson Bagent,Justin Herbert,Matt Eberflus,Brandon Staley,Brad Rogers,LAX01,SoFi Stadium,994.6078489082298,897.1900185699095,1014.4154975462325,877.3823699319069,0.673039151094868,0.326960848905132,49.0,28.0,0.65,2.2117411412965566,True,True,2018,2022,2018,2022,5,
2023_08_LV_DET,2023,REG,8,2023-10-30,Monday,20:15,LV,14.0,DET,26.0,Home,12.0,40.0,0.0,2023103000,59294.0,,202310300det,,401547511,,8,8,270.0,-340.0,7.0,-110.0,-110.0,46.0,-110.0,-110.0,0,dome,fieldturf,,,00-0031345,00-0033106,Jimmy Garoppolo,Jared Goff,Josh McDaniels,Dan Campbell,Clete Blakeman,DET00,Ford Field,1067.4461700964744,918.7991684296915,1081.4192006225144,904.8261379036514,0.7343608815409672,0.26563911845903276,49.0,28.0,0.65,2.2117411412965566,True,True,2018,2022,2018,2022,5,
2023_09_TEN_PIT,2023,REG,9,2023-11-02,Thursday,20:15,TEN,16.0,PIT,20.0,Home,4.0,36.0,0.0,2023110200,59295.0,,202311020pit,,401547512,,4,4,145.0,-175.0,3.5,-120.0,100.0,37.0,-108.0,-112.0,0,outdoors,grass,40.0,5.0,00-0039152,00-0038102,Will Levis,Kenny Pickett,Mike Vrabel,Mike Tomlin,John Hussey,PIT00,Acrisure Stadium,1011.7124362473055,956.3221443566109,1024.8440943838668,943.1904862200495,0.6177556925974695,0.38224430740253046,49.0,28.0,0.65,2.2117411412965566,True,True,2018,2022,2018,2022,5,
2023_09_MIA_KC,2023,REG,9,2023-11-05,Sunday,09:30,MIA,14.0,KC,21.0,Neutral,7.0,35.0,0.0,2023110500,59296.0,,202311050kan,,401547230,,7,7,-105.0,-115.0,1.0,-112.0,-108.0,51.0,-108.0,-112.0,0,outdoors,grass,,,00-0036212,00-0033873,Tua Tagovailoa,Patrick Mahomes,Mike McDaniel,Andy Reid,Clay Martin,FRA00,Deutsche Bank Park,1149.3249314785805,1060.5847594253632,1164.1136552669661,1045.7960356369776,0.6619531862763051,0.33804681372369494,49.0,28.0,0.65,2.2117411412965566,True,True,2018,2022,2018,2022,5,
2023_09_ARI_CLE,2023,REG,9,2023-11-05,Sunday,13:00,ARI,0.0,CLE,27.0,Home,27.0,27.0,0.0,2023110503,59299.0,,202311050cle,,401547514,,7,7,525.0,-750.0,13.0,-112.0,-108.0,38.0,-110.0,-110.0,0,outdoors,grass,56.0,7.0,00-0038582,00-0033537,Clayton Tune,Deshaun Watson,Jonathan Gannon,Kevin Stefanski,Carl Cheffers,CLE00,FirstEnergy Stadium,1013.4044844049664,856.5224483875825,1030.8718752930436,839.0550574995054,0.7435050439873843,0.25649495601261574,49.0,28.0,0.65,2.2117411412965566,True,True,2018,2022,2018,2022,5,
2023_09_CHI_NO,2023,REG,9,2023-11-05,Sunday,13:00,CHI,17.0,NO,24.0,Home,7.0,41.0,0.0,2023110507,59303.0,,202311050nor,,401547516,,7,7,340.0,-440.0,9.0,-108.0,-112.0,42.0,-110.0,-110.0,0,dome,sportturf,,,00-0038416,00-0031280,Tyson Bagent,Derek Carr,Matt Eberflus,Dennis Allen,Ron Torbert,NOR00,Mercedes-Benz Superdome,995.1297326037117,877.3823699319069,1008.1672203046829,864.3448822309356,0.698252300116725,0.301747699883275,49.0,28.0,0.65,2.2117411412965566,True,True,2018,2022,2018,2022,5,
2023_09_LA_GB,2023,REG,9,2023-11-05,Sunday,13:00,LA,3.0,GB,20.0,Home,17.0,23.0,0.0,2023110504,59300.0,,202311050gnb,,401547519,,7,7,160.0,-198.0,3.5,-108.0,-112.0,38.0,-112.0,-108.0,0,outdoors,grass,51.0,8.0,00-0034955,00-0036264,Brett Rypien,Jordan Love,Sean McVay,Matt LaFleur,Clete Blakeman,GNB00,Lambeau Field,938.591033016833,941.8291777136988,967.9993564522202,912.4208542783115,0.5355749608029041,0.4644250391970959,49.0,28.0,0.65,2.2117411412965566,True,True,2018,2022,2018,2022,5,
2023_09_MIN_ATL,2023,REG,9,2023-11-05,Sunday,13:00,MIN,31.0,ATL,28.0,Home,-3.0,59.0,0.0,2023110501,59297.0,,202311050atl,,401547518,,7,7,160.0,-192.0,3.5,-108.0,-112.0,38.5,-112.0,-108.0,0,open,fieldturf,,,00-0038598,00-0031800,Jaren Hall,Taylor Heinicke,Kevin O'Connell,Arthur Smith,Shawn Smith,ATL97,Mercedes-Benz Stadium,923.7419592111097,1047.4372676739517,912.9796077327313,1058.1996191523301,0.3656634031141993,0.6343365968858007,49.0,28.0,0.65,2.2117411412965566,True,True,2018,2022,2018,2022,5,
2023_09_SEA_BAL,2023,REG,9,2023-11-05,Sunday,13:00,SEA,3.0,BAL,37.0,Home,34.0,40.0,0.0,2023110502,59298.0,,202311050rav,,401547513,,7,7,220.0,-270.0,6.0,-110.0,-110.0,44.5,-112.0,-108.0,0,outdoors,grass,70.0,6.0,00-0030565,00-0034796,Geno Smith,Lamar Jackson,Pete Carroll,John Harbaugh,Shawn Hochuli,BAL00,M&T Bank Stadium,1117.071307302023,1043.762344115026,1144.0436299807243,1016.7900214363247,0.6417990877858216,0.3582009122141784,49.0,28.0,0.65,2.2117411412965566,True,True,2018,2022,2018,2022,5,
2023_09_TB_HOU,2023,REG,9,2023-11-05,Sunday,13:00,TB,37.0,HOU,39.0,Home,2.0,76.0,0.0,2023110505,59301.0,,202311050htx,,401547515,,10,7,124.0,-148.0,2.5,100.0,-120.0,39.5,-110.0,-110.0,0,closed,astroturf,,,00-0034855,00-0039163,Baker Mayfield,C.J. Stroud,Todd Bowles,DeMeco Ryans,Land Clark,HOU00,NRG Stadium,943.6011097887201,965.9044038292877,955.5402724268633,953.9652411911445,0.5081974842889567,0.4918025157110433,49.0,28.0,0.65,2.2117411412965566,True,True,2018,2022,2018,2022,5,
2023_09_WAS_NE,2023,REG,9,2023-11-05,Sunday,13:00,WAS,20.0,NE,17.0,Home,-3.0,37.0,0.0,2023110506,59302.0,,202311050nwe,,401547520,,7,7,130.0,-155.0,2.5,100.0,-120.0,40.5,-110.0,-110.0,0,outdoors,fieldturf,62.0,6.0,00-0037077,00-0036972,Sam Howell,Mac Jones,Ron Rivera,Bill Belichick,Adrian Hill,BOS00,Gillette Stadium,918.6105226254247,922.4514765536803,902.0057669672437,939.0562322118612,0.5347117345046505,0.4652882654953495,49.0,28.0,0.65,2.2117411412965566,True,True,2018,2022,2018,2022,5,
2023_09_IND_CAR,2023,REG,9,2023-11-05,Sunday,16:05,IND,27.0,CAR,13.0,Home,-14.0,40.0,0.0,2023110508,59304.0,,202311050car,,401547517,,7,7,-130.0,110.0,-1.5,-108.0,-112.0,45.0,-110.0,-110.0,0,outdoors,grass,75.0,2.0,00-0035289,00-0039150,Gardner Minshew,Bryce Young,Shane Steichen,Frank Reich,Bill Vinovich,CAR00,Bank of America Stadium,881.2964275915267,890.7240631421587,849.4276340879219,922.5928566457635,0.5267023518312838,0.4732976481687162,49.0,28.0,0.65,2.2117411412965566,True,True,2018,2022,2018,2022,5,
2023_09_DAL_PHI,2023,REG,9,2023-11-05,Sunday,16:25,DAL,23.0,PHI,28.0,Home,5.0,51.0,0.0,2023110510,59306.0,,202311050phi,,401547522,,7,7,145.0,-175.0,3.5,-118.0,-102.0,46.5,-110.0,-110.0,1,outdoors,grass,64.0,6.0,00-0033077,00-0036389,Dak Prescott,Jalen Hurts,Mike McCarthy,Nick Sirianni,Tra Blake,PHI00,Lincoln Financial Field,1162.9146598655132,1111.796877544425,1177.7844819318755,1096.9270554780626,0.6119315208256253,0.3880684791743747,49.0,28.0,0.65,2.2117411412965566,True,True,2018,2022,2018,2022,5,
2023_09_NYG_LV,2023,REG,9,2023-11-05,Sunday,16:25,NYG,6.0,LV,30.0,Home,24.0,36.0,0.0,2023110509,59305.0,,202311050rai,,401547521,,7,6,-102.0,-118.0,1.0,-110.0,-110.0,38.5,-112.0,-108.0,0,dome,grass,,,00-0035710,00-0038579,Daniel Jones,Aidan O'Connell,Brian Daboll,Antonio Pierce,Alan Eck,VEG00,Allegiant Stadium,904.8261379036514,913.5530191934191,938.2140051625342,880.1651519345363,0.5277078324014265,0.4722921675985735,49.0,28.0,0.65,2.2117411412965566,True,True,2018,2022,2018,2022,5,
2023_09_BUF_CIN,2023,REG,9,2023-11-05,Sunday,20:20,BUF,18.0,CIN,24.0,Home,6.0,42.0,0.0,2023110511,59307.0,,202311050cin,,401547523,,10,7,105.0,-125.0,1.5,-108.0,-112.0,51.0,-110.0,-110.0,0,outdoors,fieldturf,51.0,5.0,00-0034857,00-0036442,Josh Allen,Joe Burrow,Sean McDermott,Zac Taylor,Alex Kemp,CIN00,Paycor Stadium,1113.2697865524437,1132.7451685215683,1134.2151800490808,1111.7997750249313,0.5122654503055722,0.48773454969442775,49.0,28.0,0.65,2.2117411412965566,True,True,2018,2022,2018,2022,5,
2023_09_LAC_NYJ,2023,REG,9,2023-11-06,Monday,20:15,LAC,27.0,NYJ,6.0,Home,-21.0,33.0,0.0,2023110600,59308.0,,202311060nyj,,401547524,,8,8,-170.0,142.0,-3.0,-118.0,-102.0,41.0,-110.0,-110.0,0,outdoors,fieldturf,48.0,4.0,00-0036355,00-0037013,Justin Herbert,Zach Wilson,Brandon Staley,Robert Saleh,Craig Wrolstad,NYC01,MetLife Stadium,980.9905571753275,1014.4154975462325,947.3678218203819,1048.038232901178,0.4921935176398817,0.5078064823601183,49.0,28.0,0.65,2.2117411412965566,True,True,2018,2022,2018,2022,5,
2023_10_CAR_CHI,2023,REG,10,2023-11-09,Thursday,20:15,CAR,13.0,CHI,16.0,Home,3.0,29.0,0.0,2023110900,59309.0,,202311090chi,,401547525,,4,4,150.0,-180.0,3.0,100.0,-120.0,38.0,-105.0,-115.0,0,outdoors,grass,51.0,8.0,00-0039150,00-0038416,Bryce Young,Tyson Bagent,Frank Reich,Matt Eberflus,Clete Blakeman,CHI98,Soldier Field,864.3448822309356,849.4276340879219,877.5561696303221,836.2163466885354,0.5614506517286768,0.4385493482713232,49.0,28.0,0.65,2.2117411412965566,True,True,2018,2022,2018,2022,5,
2023_10_IND_NE,2023,REG,10,2023-11-12,Sunday,09:30,IND,10.0,NE,6.0,Neutral,-4.0,16.0,0.0,2023111200,59310.0,,202311120nwe,,401547231,,7,7,-118.0,-102.0,-1.0,-110.0,-110.0,42.0,-110.0,-110.0,0,outdoors,grass,,,00-0035289,00-0036972,Gardner Minshew,Mac Jones,Shane Steichen,Bill Belichick,Tra Blake,FRA00,Deutsche Bank Park,902.0057669672437,922.5928566457635,883.7357421388522,940.8628814741551,0.5106664170000367,0.4893335829999633,49.0,28.0,0.65,2.2117411412965566,True,True,2018,2022,2018,2022,5,
2023_10_CLE_BAL,2023,REG,10,2023-11-12,Sunday,13:00,CLE,33.0,BAL,31.0,Home,-2.0,64.0,0.0,2023111201,59311.0,,202311120rav,,401547531,,7,7,210.0,-258.0,6.0,-112.0,-108.0,38.5,-108.0,-112.0,1,outdoors,grass,49.0,4.0,00-0033537,00-0034796,Deshaun Watson,Lamar Jackson,Kevin Stefanski,John Harbaugh,Land Clark,BAL00,M&T Bank Stadium,1144.0436299807243,1030.8718752930436,1126.0284906524566,1048.8870146213112,0.6926739038081494,0.3073260961918506,49.0,28.0,0.65,2.2117411412965566,True,True,2018,2022,2018,2022,5,
2023_10_GB_PIT,2023,REG,10,2023-11-12,Sunday,13:00,GB,19.0,PIT,23.0,Home,4.0,42.0,0.0,2023111205,59315.0,,202311120pit,,401547527,,7,10,140.0,-166.0,3.0,100.0,-120.0,38.5,-112.0,-108.0,0,outdoors,grass,50.0,5.0,00-0036264,00-0038102,Jordan Love,Kenny Pickett,Matt LaFleur,Mike Tomlin,Scott Novak,PIT00,Acrisure Stadium,1024.8440943838668,967.9993564522202,1037.8995851426314,954.9438656934556,0.6197307539772763,0.3802692460227237,49.0,28.0,0.65,2.2117411412965566,True,True,2018,2022,2018,2022,5,
2023_10_HOU_CIN,2023,REG,10,2023-11-12,Sunday,13:00,HOU,30.0,CIN,27.0,Home,-3.0,57.0,0.0,2023111202,59312.0,,202311120cin,,401547526,,7,7,205.0,-250.0,5.5,-110.0,-110.0,46.0,-110.0,-110.0,0,outdoors,fieldturf,56.0,6.0,00-0039163,00-0036442,C.J. Stroud,Joe Burrow,DeMeco Ryans,Zac Taylor,Carl Cheffers,CIN00,Paycor Stadium,1134.2151800490808,955.5402724268633,1108.2266462613884,981.5288062145556,0.7666903393773559,0.23330966062264413,49.0,28.0,0.65,2.2117411412965566,True,True,2018,2022,2018,2022,5,
2023_10_NO_MIN,2023,REG,10,2023-11-12,Sunday,13:00,NO,19.0,MIN,27.0,Home,8.0,46.0,0.0,2023111204,59314.0,,202311120min,,401547533,,7,7,-155.0,130.0,-3.0,-105.0,-115.0,41.0,-112.0,-108.0,0,dome,sportturf,,,00-0031280,00-0033949,Derek Carr,Joshua Dobbs,Dennis Allen,Kevin O'Connell,Adrian Hill,MIN01,U.S. Bank Stadium,1058.1996191523301,1008.1672203046829,1076.5128859199265,989.8539535370866,0.6104467736458999,0.38955322635410006,49.0,28.0,0.65,2.2117411412965566,True,True,2018,2022,2018,2022,5,
2023_10_SF_JAX,2023,REG,10,2023-11-12,Sunday,13:00,SF,34.0,JAX,3.0,Home,-31.0,37.0,0.0,2023111203,59313.0,,202311120jax,,401547532,,14,14,-170.0,142.0,-3.0,-112.0,-108.0,44.5,-112.0,-108.0,0,outdoors,grass,59.0,11.0,00-0037834,00-0036971,Brock Purdy,Trevor Lawrence,Kyle Shanahan,Doug Pederson,Brad Allen,JAX00,TIAA Bank Stadium,1088.9100634442182,1119.0503035962881,1050.7928256973862,1157.16754134312,0.4969199857904192,0.5030800142095808,49.0,28.0,0.65,2.2117411412965566,True,True,2018,2022,2018,2022,5,
2023_10_TEN_TB,2023,REG,10,2023-11-12,Sunday,13:00,TEN,6.0,TB,20.0,Home,14.0,26.0,0.0,2023111206,59316.0,,202311120tam,,401547528,,10,7,120.0,-142.0,2.5,-105.0,-115.0,39.5,-110.0,-110.0,0,outdoors,grass,85.0,6.0,00-0039152,00-0034855,Will Levis,Baker Mayfield,Mike Vrabel,Todd Bowles,Alan Eck,TAM00,Raymond James Stadium,953.9652411911445,943.1904862200495,980.1671738249217,916.9885535862722,0.5555708346729352,0.4444291653270648,49.0,28.0,0.65,2.2117411412965566,True,True,2018,2022,2018,2022,5,
2023_10_ATL_ARI,2023,REG,10,2023-11-12,Sunday,16:05,ATL,23.0,ARI,25.0,Home,2.0,48.0,0.0,2023111207,59317.0,,202311120crd,,401547529,,7,7,-130.0,110.0,-2.0,-110.0,-110.0,43.5,-108.0,-112.0,0,closed,grass,,,00-0031800,00-0035228,Taylor Heinicke,Kyler Murray,Arthur Smith,Jonathan Gannon,Craig Wrolstad,PHO00,State Farm Stadium,839.0550574995054,912.9796077327313,853.1174984060966,898.9171668261401,0.4342914995872163,0.5657085004127838,49.0,28.0,0.65,2.2117411412965566,True,True,2018,2022,2018,2022,5,
2023_10_DET_LAC,2023,REG,10,2023-11-12,Sunday,16:05,DET,41.0,LAC,38.0,Home,-3.0,79.0,0.0,2023111208,59318.0,,202311120sdg,,401547530,,13,6,-142.0,120.0,-2.5,-110.0,-110.0,48.5,-110.0,-110.0,0,dome,matrixturf,,,00-0033106,00-0036355,Jared Goff,Justin Herbert,Dan Campbell,Brandon Staley,Shawn Smith,LAX01,SoFi Stadium,1048.038232901178,1081.4192006225144,1032.9566123846346,1096.5008211390577,0.492256784068333,0.507743215931667,49.0,28.0,0.65,2.2117411412965566,True,True,2018,2022,2018,2022,5,
2023_10_NYG_DAL,2023,REG,10,2023-11-12,Sunday,16:25,NYG,17.0,DAL,49.0,Home,32.0,66.0,0.0,2023111209,59319.0,,202311120dal,,401547534,,7,7,1100.0,-2100.0,17.5,-108.0,-112.0,38.5,-108.0,-112.0,1,closed,matrixturf,,,00-0038476,00-0033077,Tommy DeVito,Dak Prescott,Brian Daboll,Mike McCarthy,Brad Rogers,DAL00,AT&T Stadium,1096.9270554780626,880.1651519345363,1110.6175386607022,866.4746687518968,0.8036022946466772,0.1963977053533228,49.0,28.0,0.65,2.2117411412965566,True,True,2018,2022,2018,2022,5,
2023_10_WAS_SEA,2023,REG,10,2023-11-12,Sunday,16:25,WAS,26.0,SEA,29.0,Home,3.0,55.0,0.0,2023111210,59320.0,,202311120sea,,401547535,,7,7,220.0,-270.0,6.0,-110.0,-110.0,44.0,-112.0,-108.0,0,outdoors,fieldturf,52.0,4.0,00-0037077,00-0030565,Sam Howell,Geno Smith,Ron Rivera,Pete Carroll,Alex Kemp,SEA00,Lumen Field,1016.7900214363247,939.0562322118612,1027.115864306299,928.7303893418868,0.6476333846246914,0.35236661537530856,49.0,28.0,0.65,2.2117411412965566,True,True,2018,2022,2018,2022,5,
2023_10_NYJ_LV,2023,REG,10,2023-11-12,Sunday,20:20,NYJ,12.0,LV,16.0,Home,4.0,28.0,0.0,2023111211,59321.0,,202311120rai,,401547536,,6,7,-115.0,-105.0,-1.0,-108.0,-112.0,35.5,-112.0,-108.0,0,dome,grass,,,00-0037013,00-0038579,Zach Wilson,Aidan O'Connell,Robert Saleh,Antonio Pierce,Shawn Hochuli,VEG00,Allegiant Stadium,938.2140051625342,947.3678218203819,954.9328071612481,930.649019821668,0.5270952684000866,0.4729047315999134,49.0,28.0,0.65,2.2117411412965566,True,True,2018,2022,2018,2022,5,
2023_10_DEN_BUF,2023,REG,10,2023-11-13,Monday,20:15,DEN,24.0,BUF,22.0,Home,-2.0,46.0,0.0,2023111300,59322.0,,202311130buf,,401547537,,15,8,310.0,-395.0,7.5,-112.0,-108.0,47.5,-112.0,-108.0,0,outdoors,a_turf,49.0,10.0,00-0029263,00-0034857,Russell Wilson,Josh Allen,Sean Payton,Sean McDermott,Bill Vinovich,BUF00,New Era Field,1111.7997750249313,939.1398885572762,1091.4337174482541,959.5059461339534,0.7604396088109697,0.23956039118903028,49.0,28.0,0.65,2.2117411412965566,True,True,2018,2022,2018,2022,5,
2023_11_CIN_BAL,2023,REG,11,2023-11-16,Thursday,20:15,CIN,20.0,BAL,34.0,Home,14.0,54.0,0.0,2023111600,59323.0,,202311160rav,,401547538,,4,4,170.0,-205.0,4.0,-112.0,-108.0,46.5,-112.0,-108.0,1,outdoors,grass,56.0,1.0,00-0036442,00-0034796,Joe Burrow,Lamar Jackson,Zac Taylor,John Harbaugh,Adrian Hill,BAL00,M&T Bank Stadium,1126.0284906524566,1108.2266462613884,1151.5628274746216,1082.6923094392234,0.5655349542119504,0.43446504578804956,49.0,28.0,0.65,2.2117411412965566,True,True,2018,2022,2018,2022,5,
2023_11_ARI_HOU,2023,REG,11,2023-11-19,Sunday,13:00,ARI,16.0,HOU,21.0,Home,5.0,37.0,0.0,2023111904,59328.0,,202311190htx,,401547540,,7,7,205.0,-250.0,5.5,-108.0,-112.0,48.0,-110.0,-110.0,0,closed,astroturf,,,00-0035228,00-0039163,Kyler Murray,C.J. Stroud,Jonathan Gannon,DeMeco Ryans,Alex Kemp,HOU00,NRG Stadium,981.5288062145556,853.1174984060966,992.2383442324538,842.4079603881985,0.7110267367374379,0.2889732632625621,49.0,28.0,0.65,2.2117411412965566,True,True,2018,2022,2018,2022,5,
2023_11_CHI_DET,2023,REG,11,2023-11-19,Sunday,13:00,CHI,26.0,DET,31.0,Home,5.0,57.0,0.0,2023111902,59326.0,,202311190det,,401547546,,10,7,340.0,-440.0,8.0,-110.0,-110.0,48.0,-110.0,-110.0,1,dome,fieldturf,,,00-0036945,00-0033106,Justin Fields,Jared Goff,Matt Eberflus,Dan Campbell,Scott Novak,DET00,Ford Field,1096.5008211390577,877.5561696303221,1103.4396453633426,870.6173454060373,0.8055777972605791,0.1944222027394209,49.0,28.0,0.65,2.2117411412965566,True,True,2018,2022,2018,2022,5,
2023_11_DAL_CAR,2023,REG,11,2023-11-19,Sunday,13:00,DAL,33.0,CAR,10.0,Home,-23.0,43.0,0.0,2023111900,59324.0,,202311190car,,401547545,,7,10,-650.0,470.0,-11.0,-110.0,-110.0,43.0,-108.0,-112.0,0,outdoors,grass,65.0,2.0,00-0033077,00-0039150,Dak Prescott,Bryce Young,Mike McCarthy,Frank Reich,Clay Martin,CAR00,Bank of America Stadium,836.2163466885354,1110.6175386607022,823.8751277400399,1122.9587576091976,0.19491264882844378,0.8050873511715562,49.0,28.0,0.65,2.2117411412965566,True,True,2018,2022,2018,2022,5,
2023_11_LAC_GB,2023,REG,11,2023-11-19,Sunday,13:00,LAC,20.0,GB,23.0,Home,3.0,43.0,0.0,2023111903,59327.0,,202311190gnb,,401547547,,7,7,-162.0,136.0,-3.0,-110.0,-110.0,44.0,-108.0,-112.0,0,outdoors,grass,45.0,5.0,00-0036355,00-0036264,Justin Herbert,Jordan Love,Brandon Staley,Matt LaFleur,John Hussey,GNB00,Lambeau Field,954.9438656934556,1032.9566123846346,972.9038477221618,1014.9966303559283,0.4285189134514704,0.5714810865485296,49.0,28.0,0.65,2.2117411412965566,True,True,2018,2022,2018,2022,5,
2023_11_LV_MIA,2023,REG,11,2023-11-19,Sunday,13:00,LV,13.0,MIA,20.0,Home,7.0,33.0,0.0,2023111906,59330.0,,202311190mia,,401547542,,7,14,700.0,-1100.0,14.0,-110.0,-110.0,44.5,-110.0,-110.0,0,outdoors,grass,82.0,7.0,00-0038579,00-0036212,Aidan O'Connell,Tua Tagovailoa,Antonio Pierce,Mike McDaniel,Bill Vinovich,MIA00,Hard Rock Stadium,1045.7960356369776,954.9328071612481,1060.4519269387154,940.2769158595103,0.664682523653348,0.335317476346652,49.0,28.0,0.65,2.2117411412965566,True,True,2018,2022,2018,2022,5,
2023_11_NYG_WAS,2023,REG,11,2023-11-19,Sunday,13:00,NYG,31.0,WAS,19.0,Home,-12.0,50.0,0.0,2023111907,59331.0,,202311190was,,401547548,,7,7,310.0,-395.0,7.5,-110.0,-110.0,39.0,-110.0,-110.0,1,outdoors,grass,56.0,7.0,00-0038476,00-0037077,Tommy DeVito,Sam Howell,Brian Daboll,Ron Rivera,Brad Allen,WAS00,FedExField,928.7303893418868,866.4746687518968,891.5742107821769,903.6308473116068,0.6270433986479189,0.3729566013520811,49.0,28.0,0.65,2.2117411412965566,True,True,2018,2022,2018,2022,5,
2023_11_PIT_CLE,2023,REG,11,2023-11-19,Sunday,13:00,PIT,10.0,CLE,13.0,Home,3.0,23.0,0.0,2023111901,59325.0,,202311190cle,,401547539,,7,7,120.0,-142.0,2.5,-105.0,-115.0,34.0,-108.0,-112.0,1,outdoors,grass,48.0,11.0,00-0038102,00-0038583,Kenny Pickett,Dorian Thompson-Robinson,Mike Tomlin,Kevin Stefanski,Shawn Hochuli,CLE00,FirstEnergy Stadium,1048.8870146213112,1037.8995851426314,1062.289808773982,1024.4967909899606,0.5558730966537955,0.4441269033462045,49.0,28.0,0.65,2.2117411412965566,True,True,2018,2022,2018,2022,5,
2023_11_TEN_JAX,2023,REG,11,2023-11-19,Sunday,13:00,TEN,14.0,JAX,34.0,Home,20.0,48.0,0.0,2023111905,59329.0,,202311190jax,,401547541,,7,7,235.0,-290.0,6.5,-105.0,-115.0,40.0,-110.0,-110.0,1,outdoors,grass,75.0,3.0,00-0039152,00-0036971,Will Levis,Trevor Lawrence,Mike Vrabel,Doug Pederson,Brad Rogers,JAX00,TIAA Bank Stadium,1050.7928256973862,916.9885535862722,1068.550587917572,899.2307913660862,0.7173633370802154,0.2826366629197846,49.0,28.0,0.65,2.2117411412965566,True,True,2018,2022,2018,2022,5,
2023_11_TB_SF,2023,REG,11,2023-11-19,Sunday,16:05,TB,14.0,SF,27.0,Home,13.0,41.0,0.0,2023111908,59332.0,,202311190sfo,,401547549,,7,7,625.0,-950.0,13.5,-110.0,-110.0,41.5,-108.0,-112.0,0,outdoors,grass,65.0,10.0,00-0034855,00-0037834,Baker Mayfield,Brock Purdy,Todd Bowles,Kyle Shanahan,Craig Wrolstad,SFO01,Levi's Stadium,1157.16754134312,980.1671738249217,1169.7381666893286,967.5965484787133,0.764961643928762,0.23503835607123802,49.0,28.0,0.65,2.2117411412965566,True,True,2018,2022,2018,2022,5,
2023_11_NYJ_BUF,2023,REG,11,2023-11-19,Sunday,16:25,NYJ,6.0,BUF,32.0,Home,26.0,38.0,0.0,2023111909,59333.0,,202311190buf,,401547543,,7,6,310.0,-395.0,8.0,-108.0,-112.0,39.5,-112.0,-108.0,1,outdoors,a_turf,40.0,9.0,00-0037013,00-0034857,Zach Wilson,Josh Allen,Robert Saleh,Sean McDermott,Alan Eck,BUF00,New Era Field,1091.4337174482541,930.649019821668,1108.3957169895066,913.6870202804157,0.7477658509263414,0.2522341490736586,49.0,28.0,0.65,2.2117411412965566,True,True,2018,2022,2018,2022,5,
2023_11_SEA_LA,2023,REG,11,2023-11-19,Sunday,16:25,SEA,16.0,LA,17.0,Home,1.0,33.0,0.0,2023111910,59334.0,,202311190ram,,401547544,,7,14,114.0,-135.0,2.5,-110.0,-110.0,45.0,-108.0,-112.0,1,dome,matrixturf,,,00-0030565,00-0026498,Geno Smith,Matthew Stafford,Pete Carroll,Sean McVay,Carl Cheffers,LAX01,SoFi Stadium,912.4208542783115,1027.115864306299,922.368126400688,1017.1685921839226,0.37776239823509905,0.622237601764901,49.0,28.0,0.65,2.2117411412965566,True,True,2018,2022,2018,2022,5,
2023_11_MIN_DEN,2023,REG,11,2023-11-19,Sunday,20:20,MIN,20.0,DEN,21.0,Home,1.0,41.0,0.0,2023111911,59335.0,,202311190den,,401547550,,7,6,120.0,-142.0,2.5,-102.0,-118.0,43.5,-115.0,-105.0,0,outdoors,grass,53.0,3.0,00-0033949,00-0029263,Joshua Dobbs,Russell Wilson,Kevin O'Connell,Sean Payton,Ron Torbert,DEN00,Empower Field at Mile High,959.5059461339534,1076.5128859199265,969.514094651657,1066.5047374022229,0.3746392472960305,0.6253607527039695,49.0,28.0,0.65,2.2117411412965566,True,True,2018,2022,2018,2022,5,
2023_11_PHI_KC,2023,REG,11,2023-11-20,Monday,20:15,PHI,21.0,KC,17.0,Home,-4.0,38.0,0.0,2023112000,59336.0,,202311200kan,,401547345,,15,15,124.0,-148.0,2.5,100.0,-120.0,46.0,-108.0,-112.0,0,outdoors,grass,45.0,12.0,00-0036389,00-0033873,Jalen Hurts,Patrick Mahomes,Nick Sirianni,Andy Reid,Shawn Smith,KAN00,GEHA Field at Arrowhead Stadium,1164.1136552669661,1177.7844819318755,1145.428954219422,1196.4691829794197,0.5206096540099738,0.47939034599002617,49.0,28.0,0.65,2.2117411412965566,True,True,2018,2022,2018,2022,5,
2023_12_GB_DET,2023,REG,12,2023-11-23,Thursday,12:30,GB,29.0,DET,22.0,Home,-7.0,51.0,0.0,2023112300,59337.0,,202311230det,,401547552,,4,4,330.0,-425.0,8.5,-105.0,-115.0,47.0,-108.0,-112.0,1,dome,fieldturf,,,00-0036264,00-0033106,Jordan Love,Jared Goff,Matt LaFleur,Dan Campbell,Carl Cheffers,DET00,Ford Field,1103.4396453633426,972.9038477221618,1068.0151653925682,1008.3283276929362,0.7135330143976956,0.28646698560230444,49.0,28.0,0.65,2.2117411412965566,True,True,2018,2022,2018,2022,5,
2023_12_WAS_DAL,2023,REG,12,2023-11-23,Thursday,16:30,WAS,10.0,DAL,45.0,Home,35.0,55.0,0.0,2023112301,59338.0,,202311230dal,,401547551,,4,4,550.0,-800.0,13.0,-110.0,-110.0,48.0,-112.0,-110.0,1,closed,matrixturf,,,00-0037077,00-0033077,Sam Howell,Dak Prescott,Ron Rivera,Mike McCarthy,Bill Vinovich,DAL00,AT&T Stadium,1122.9587576091976,891.5742107821769,1135.9870790703426,878.5458893210318,0.8165487238043351,0.18345127619566493,49.0,28.0,0.65,2.2117411412965566,True,True,2018,2022,2018,2022,5,
2023_12_SF_SEA,2023,REG,12,2023-11-23,Thursday,20:20,SF,31.0,SEA,13.0,Home,-18.0,44.0,0.0,2023112302,59339.0,,202311230sea,,401547553,,4,4,-355.0,280.0,-7.0,-112.0,-108.0,43.5,-115.0,-105.0,1,outdoors,fieldturf,39.0,4.0,00-0037834,00-0030565,Brock Purdy,Geno Smith,Kyle Shanahan,Pete Carroll,Tra Blake,SEA00,Lumen Field,1017.1685921839226,1169.7381666893286,996.9166648992885,1189.9900939739628,0.3280362856661517,0.6719637143338484,49.0,28.0,0.65,2.2117411412965566,True,True,2018,2022,2018,2022,5,
2023_12_MIA_NYJ,2023,REG,12,2023-11-24,Friday,15:00,MIA,34.0,NYJ,13.0,Home,-21.0,47.0,0.0,2023112400,59340.0,,202311240nyj,,401547242,,5,5,-500.0,380.0,-9.5,-120.0,100.0,40.0,-110.0,-110.0,1,outdoors,fieldturf,48.0,11.0,00-0036212,00-0034177,Tua Tagovailoa,Tim Boyle,Mike McDaniel,Robert Saleh,John Hussey,NYC01,MetLife Stadium,913.6870202804157,1060.4519269387154,891.8922512617411,1082.2466959573899,0.3354436348459021,0.6645563651540979,49.0,28.0,0.65,2.2117411412965566,True,True,2018,2022,2018,2022,5,
2023_12_CAR_TEN,2023,REG,12,2023-11-26,Sunday,13:00,CAR,10.0,TEN,17.0,Home,7.0,27.0,0.0,2023112605,59346.0,,202311260oti,,401547561,,7,7,145.0,-175.0,3.5,-112.0,-105.0,36.0,-112.0,-108.0,0,outdoors,grass,51.0,13.0,00-0039150,00-0039152,Bryce Young,Will Levis,Frank Reich,Mike Vrabel,Ron Torbert,NAS00,Nissan Stadium,899.2307913660862,823.8751277400399,914.8732860744697,808.2326330316565,0.6445030822775436,0.3554969177224564,49.0,28.0,0.65,2.2117411412965566,True,True,2018,2022,2018,2022,5,
2023_12_JAX_HOU,2023,REG,12,2023-11-26,Sunday,13:00,JAX,24.0,HOU,21.0,Home,-3.0,45.0,0.0,2023112602,59343.0,,202311260htx,,401547555,,7,7,-115.0,-105.0,-1.0,-110.0,-110.0,48.0,-108.0,-112.0,1,closed,astroturf,,,00-0036971,00-0039163,Trevor Lawrence,C.J. Stroud,Doug Pederson,DeMeco Ryans,Clay Martin,HOU00,NRG Stadium,992.2383442324538,1068.550587917572,979.2881075450695,1081.5008246049563,0.43091777663255093,0.5690822233674491,49.0,28.0,0.65,2.2117411412965566,True,True,2018,2022,2018,2022,5,
2023_12_NE_NYG,2023,REG,12,2023-11-26,Sunday,13:00,NE,7.0,NYG,10.0,Home,3.0,17.0,0.0,2023112604,59345.0,,202311260nyg,,401547560,,14,7,-218.0,180.0,-4.5,-108.0,-112.0,36.5,-105.0,-115.0,0,outdoors,fieldturf,43.0,6.0,00-0036972,00-0038476,Mac Jones,Tommy DeVito,Bill Belichick,Brian Daboll,Scott Novak,NYC01,MetLife Stadium,903.6308473116068,883.7357421388522,916.6011899211493,870.7653995293097,0.5684932749559418,0.4315067250440582,49.0,28.0,0.65,2.2117411412965566,True,True,2018,2022,2018,2022,5,
2023_12_NO_ATL,2023,REG,12,2023-11-26,Sunday,13:00,NO,15.0,ATL,24.0,Home,9.0,39.0,0.0,2023112600,59341.0,,202311260atl,,401547559,,14,14,-130.0,110.0,-2.0,-110.0,-110.0,42.0,-110.0,-110.0,1,closed,fieldturf,,,00-0031280,00-0038122,Derek Carr,Desmond Ridder,Dennis Allen,Arthur Smith,Brad Allen,ATL97,Mercedes-Benz Stadium,898.9171668261401,989.8539535370866,929.879730458863,958.8913899043637,0.4104045441939495,0.5895954558060506,49.0,28.0,0.65,2.2117411412965566,True,True,2018,2022,2018,2022,5,
2023_12_PIT_CIN,2023,REG,12,2023-11-26,Sunday,13:00,PIT,16.0,CIN,10.0,Home,-6.0,26.0,0.0,2023112601,59342.0,,202311260cin,,401547554,,7,10,-135.0,114.0,-2.0,-112.0,-108.0,36.0,-108.0,-112.0,1,outdoors,fieldturf,48.0,9.0,00-0038102,00-0035100,Kenny Pickett,Jake Browning,Mike Tomlin,Zac Taylor,Brad Rogers,CIN00,Paycor Stadium,1082.6923094392234,1024.4967909899606,1054.8037205550784,1052.3853798741056,0.6215615013290714,0.3784384986709286,49.0,28.0,0.65,2.2117411412965566,True,True,2018,2022,2018,2022,5,
2023_12_TB_IND,2023,REG,12,2023-11-26,Sunday,13:00,TB,20.0,IND,27.0,Home,7.0,47.0,0.0,2023112603,59344.0,,202311260clt,,401547556,,7,14,130.0,-155.0,2.5,-105.0,-115.0,45.0,-112.0,-108.0,0,closed,fieldturf,,,00-0034855,00-0035289,Baker Mayfield,Gardner Minshew,Todd Bowles,Shane Steichen,Clete Blakeman,IND00,Lucas Oil Stadium,940.8628814741551,967.5965484787133,963.80020774199,944.6592222108784,0.5018223916039097,0.49817760839609027,49.0,28.0,0.65,2.2117411412965566,True,True,2018,2022,2018,2022,5,
2023_12_CLE_DEN,2023,REG,12,2023-11-26,Sunday,16:05,CLE,12.0,DEN,29.0,Home,17.0,41.0,0.0,2023112607,59348.0,,202311260den,,401547563,,7,7,105.0,-125.0,1.5,-110.0,-110.0,37.5,-110.0,-110.0,0,outdoors,grass,40.0,5.0,00-0038583,00-0029263,Dorian Thompson-Robinson,Russell Wilson,Kevin Stefanski,Sean Payton,Adrian Hill,DEN00,Empower Field at Mile High,969.514094651657,1062.289808773982,1008.5828587412592,1023.2210446843799,0.4078455410639258,0.5921544589360742,49.0,28.0,0.65,2.2117411412965566,True,True,2018,2022,2018,2022,5,
2023_12_LA_ARI,2023,REG,12,2023-11-26,Sunday,16:05,LA,37.0,ARI,14.0,Home,-23.0,51.0,0.0,2023112606,59347.0,,202311260crd,,401547562,,7,7,-148.0,124.0,-3.0,-105.0,-115.0,45.0,-112.0,-108.0,1,closed,grass,,,00-0026498,00-0035228,Matthew Stafford,Kyler Murray,Sean McVay,Jonathan Gannon,Shawn Smith,PHO00,State Farm Stadium,842.4079603881985,922.368126400688,813.1215568741468,951.6545299147397,0.4257758578265418,0.5742241421734582,49.0,28.0,0.65,2.2117411412965566,True,True,2018,2022,2018,2022,5,
2023_12_BUF_PHI,2023,REG,12,2023-11-26,Sunday,16:25,BUF,34.0,PHI,37.0,Home,3.0,71.0,1.0,2023112609,59350.0,,202311260phi,,401547558,,7,6,124.0,-148.0,2.5,-105.0,-115.0,49.0,-108.0,-112.0,0,outdoors,grass,47.0,6.0,00-0034857,00-0036389,Josh Allen,Jalen Hurts,Sean McDermott,Nick Sirianni,Shawn Hochuli,PHI00,Lincoln Financial Field,1196.4691829794197,1108.3957169895066,1199.0628809331236,1105.8020190358027,0.6610938488745494,0.33890615112545064,49.0,28.0,0.65,2.2117411412965566,True,True,2018,2022,2018,2022,5,
2023_12_KC_LV,2023,REG,12,2023-11-26,Sunday,16:25,KC,31.0,LV,17.0,Home,-14.0,48.0,0.0,2023112608,59349.0,,202311260rai,,401547557,,6,7,-500.0,380.0,-9.0,-110.0,-110.0,42.5,-112.0,-108.0,1,dome,grass,,,00-0033873,00-0038579,Patrick Mahomes,Aidan O'Connell,Andy Reid,Antonio Pierce,Land Clark,VEG00,Allegiant Stadium,940.2769158595103,1145.428954219422,925.5589195228438,1160.1469505560885,0.26507237816932866,0.7349276218306713,49.0,28.0,0.65,2.2117411412965566,True,True,2018,2022,2018,2022,5,
2023_12_BAL_LAC,2023,REG,12,2023-11-26,Sunday,20:20,BAL,20.0,LAC,10.0,Home,-10.0,30.0,0.0,2023112610,59351.0,,202311260sdg,,401547564,,10,7,-170.0,142.0,-3.0,-115.0,-105.0,49.0,-110.0,-110.0,0,dome,matrixturf,,,00-0034796,00-0036355,Lamar Jackson,Justin Herbert,John Harbaugh,Brandon Staley,Alan Eck,LAX01,SoFi Stadium,1014.9966303559283,1151.5628274746216,997.3456821125243,1169.2137757180255,0.34865483954271403,0.651345160457286,49.0,28.0,0.65,2.2117411412965566,True,True,2018,2022,2018,2022,5,
2023_12_CHI_MIN,2023,REG,12,2023-11-27,Monday,20:15,CHI,12.0,MIN,10.0,Home,-2.0,22.0,0.0,2023112700,59352.0,,202311270min,,401547565,,8,8,140.0,-166.0,3.0,-105.0,-115.0,43.5,-110.0,-110.0,1,dome,sportturf,,,00-0036945,00-0033949,Justin Fields,Joshua Dobbs,Matt Eberflus,Kevin O'Connell,Alex Kemp,MIN01,U.S. Bank Stadium,1066.5047374022229,870.6173454060373,1045.2624040954297,891.8596787128305,0.7839439106395207,0.21605608936047926,49.0,28.0,0.65,2.2117411412965566,True,True,2018,2022,2018,2022,5,
2023_13_SEA_DAL,2023,REG,13,2023-11-30,Thursday,20:15,SEA,35.0,DAL,41.0,Home,6.0,76.0,0.0,2023113000,59353.0,,202311300dal,,401547566,,7,7,380.0,-500.0,9.5,-102.0,-118.0,47.5,-110.0,-110.0,0,closed,matrixturf,,,00-0030565,00-0033077,Geno Smith,Dak Prescott,Pete Carroll,Mike McCarthy,Clete Blakeman,DAL00,AT&T Stadium,1135.9870790703426,996.9166648992885,1147.0670837301484,985.8366602394826,0.7234689690711611,0.2765310309288389,49.0,28.0,0.65,2.2117411412965566,True,True,2018,2022,2018,2022,5,
2023_13_ARI_PIT,2023,REG,13,2023-12-03,Sunday,13:00,ARI,24.0,PIT,10.0,Home,-14.0,34.0,0.0,2023120303,59357.0,,202312030pit,,401547568,,7,7,230.0,-285.0,6.0,-105.0,-115.0,41.0,-112.0,-108.0,0,outdoors,grass,56.0,12.0,00-0035228,00-0038102,Kyler Murray,Kenny Pickett,Jonathan Gannon,Mike Tomlin,Land Clark,PIT00,Acrisure Stadium,1052.3853798741056,813.1215568741468,996.1644423404996,869.3424944077528,0.823245724944651,0.17675427505534902,49.0,28.0,0.65,2.2117411412965566,True,True,2018,2022,2018,2022,5,
2023_13_ATL_NYJ,2023,REG,13,2023-12-03,Sunday,13:00,ATL,13.0,NYJ,8.0,Home,-5.0,21.0,0.0,2023120302,59356.0,,202312030nyj,,401547573,,7,9,-125.0,105.0,-2.0,-108.0,-112.0,33.0,-110.0,-110.0,0,outdoors,fieldturf,50.0,8.0,00-0038122,00-0034177,Desmond Ridder,Tim Boyle,Arthur Smith,Robert Saleh,Ron Torbert,NYC01,MetLife Stadium,891.8922512617411,929.879730458863,872.7020026841509,949.0699790364532,0.48563081981745815,0.5143691801825419,49.0,28.0,0.65,2.2117411412965566,True,True,2018,2022,2018,2022,5,
2023_13_DEN_HOU,2023,REG,13,2023-12-03,Sunday,13:00,DEN,17.0,HOU,22.0,Home,5.0,39.0,0.0,2023120307,59361.0,,202312030htx,,401547571,,7,7,142.0,-170.0,3.5,-122.0,102.0,47.5,-110.0,-110.0,0,closed,astroturf,,,00-0029263,00-0039163,Russell Wilson,C.J. Stroud,Sean Payton,DeMeco Ryans,Shawn Smith,HOU00,NRG Stadium,979.2881075450695,1008.5828587412592,999.2215628758124,988.6494034105162,0.49813671187328606,0.501863288126714,49.0,28.0,0.65,2.2117411412965566,True,True,2018,2022,2018,2022,5,
2023_13_DET_NO,2023,REG,13,2023-12-03,Sunday,13:00,DET,33.0,NO,28.0,Home,-5.0,61.0,0.0,2023120301,59355.0,,202312030nor,,401547572,,10,7,-198.0,164.0,-4.0,-110.0,-110.0,47.5,-108.0,-112.0,0,dome,sportturf,,,00-0033106,00-0031280,Jared Goff,Derek Carr,Dan Campbell,Dennis Allen,Clay Martin,NOR00,Mercedes-Benz Superdome,958.8913899043637,1068.0151653925682,944.1394887353383,1082.7670665615935,0.38532986691428633,0.6146701330857136,49.0,28.0,0.65,2.2117411412965566,True,True,2018,2022,2018,2022,5,
2023_13_IND_TEN,2023,REG,13,2023-12-03,Sunday,13:00,IND,31.0,TEN,28.0,Home,-3.0,59.0,1.0,2023120305,59359.0,,202312030oti,,401547570,,7,7,-122.0,102.0,-1.5,-110.0,-110.0,42.0,-108.0,-112.0,1,outdoors,grass,53.0,13.0,00-0035289,00-0039152,Gardner Minshew,Will Levis,Shane Steichen,Mike Vrabel,Craig Wrolstad,NAS00,Nissan Stadium,914.8732860744697,963.80020774199,908.1826009896321,970.4908928268276,0.4699201062183169,0.5300798937816831,49.0,28.0,0.65,2.2117411412965566,True,True,2018,2022,2018,2022,5,
2023_13_LAC_NE,2023,REG,13,2023-12-03,Sunday,13:00,LAC,6.0,NE,0.0,Home,-6.0,6.0,0.0,2023120300,59354.0,,202312030nwe,,401547567,,7,7,-225.0,185.0,-4.5,-110.0,-110.0,38.5,-108.0,-112.0,0,outdoors,fieldturf,44.0,8.0,00-0036355,00-0038108,Justin Herbert,Bailey Zappe,Brandon Staley,Bill Belichick,Bill Vinovich,BOS00,Gillette Stadium,870.7653995293097,997.3456821125243,855.8360775356407,1012.2750041061933,0.3618199542282185,0.6381800457717814,49.0,28.0,0.65,2.2117411412965566,True,True,2018,2022,2018,2022,5,
2023_13_MIA_WAS,2023,REG,13,2023-12-03,Sunday,13:00,MIA,45.0,WAS,15.0,Home,-30.0,60.0,0.0,2023120306,59360.0,,202312030was,,401547574,,9,10,-455.0,350.0,-8.5,-112.0,-108.0,50.0,-110.0,-110.0,0,outdoors,grass,53.0,2.0,00-0036212,00-0037077,Tua Tagovailoa,Sam Howell,Mike McDaniel,Ron Rivera,Tra Blake,WAS00,FedExField,878.5458893210318,1082.2466959573899,859.7562135571892,1101.0363717212324,0.26670299585541524,0.7332970041445848,49.0,28.0,0.65,2.2117411412965566,True,True,2018,2022,2018,2022,5,
2023_13_CAR_TB,2023,REG,13,2023-12-03,Sunday,16:05,CAR,18.0,TB,21.0,Home,3.0,39.0,0.0,2023120304,59358.0,,202312030tam,,401547569,,7,7,164.0,-198.0,4.0,-110.0,-110.0,37.0,-110.0,-110.0,1,outdoors,grass,81.0,8.0,00-0039150,00-0034855,Bryce Young,Baker Mayfield,Chris Tabor,Todd Bowles,Brad Rogers,TAM00,Raymond James Stadium,944.6592222108784,808.2326330316565,952.64890776945,800.2429474730849,0.7204138839137505,0.2795861160862495,49.0,28.0,0.65,2.2117411412965566,True,True,2018,2022,2018,2022,5,
2023_13_CLE_LA,2023,REG,13,2023-12-03,Sunday,16:25,CLE,19.0,LA,36.0,Home,17.0,55.0,0.0,2023120308,59362.0,,202312030ram,,401547575,,7,7,160.0,-192.0,3.5,-110.0,-110.0,39.5,-110.0,-110.0,0,dome,matrixturf,,,00-0026158,00-0026498,Joe Flacco,Matthew Stafford,Kevin Stefanski,Sean McVay,John Hussey,LAX01,SoFi Stadium,951.6545299147397,1023.2210446843799,988.3933145039233,986.4822600951962,0.4376293042680861,0.5623706957319139,49.0,28.0,0.65,2.2117411412965566,True,True,2018,2022,2018,2022,5,
2023_13_SF_PHI,2023,REG,13,2023-12-03,Sunday,16:25,SF,42.0,PHI,19.0,Home,-23.0,61.0,0.0,2023120309,59363.0,,202312030phi,,401547276,,10,7,-148.0,124.0,-3.0,-105.0,-115.0,46.5,-108.0,-112.0,0,outdoors,grass,52.0,44.0,00-0037834,00-0036389,Brock Purdy,Jalen Hurts,Kyle Shanahan,Nick Sirianni,Alex Kemp,PHI00,Lincoln Financial Field,1199.0628809331236,1189.9900939739628,1159.4490276579395,1229.6039472491468,0.5531504626786394,0.44684953732136057,49.0,28.0,0.65,2.2117411412965566,True,True,2018,2022,2018,2022,5,
2023_13_KC_GB,2023,REG,13,2023-12-03,Sunday,20:20,KC,19.0,GB,27.0,Home,8.0,46.0,0.0,2023120310,59364.0,,202312030gnb,,401547576,,7,10,-265.0,215.0,-5.5,-118.0,-102.0,43.5,-105.0,-115.0,0,outdoors,grass,31.0,9.0,00-0033873,00-0036264,Patrick Mahomes,Jordan Love,Andy Reid,Matt LaFleur,Brad Allen,GNB00,Lambeau Field,1008.3283276929362,1160.1469505560885,1042.9400093074294,1125.5352689415954,0.32898986682353026,0.6710101331764697,49.0,28.0,0.65,2.2117411412965566,True,True,2018,2022,2018,2022,5,
2023_13_CIN_JAX,2023,REG,13,2023-12-04,Monday,20:15,CIN,34.0,JAX,31.0,Home,-3.0,65.0,1.0,2023120400,59365.0,,202312040jax,,401547577,,8,8,410.0,-550.0,10.0,-105.0,-115.0,41.0,-105.0,-115.0,0,outdoors,grass,61.0,4.0,00-0035100,00-0036971,Jake Browning,Trevor Lawrence,Zac Taylor,Doug Pederson,Scott Novak,JAX00,TIAA Bank Stadium,1081.5008246049563,1054.8037205550784,1071.1679810610317,1065.136564099003,0.5780715356089512,0.4219284643910488,49.0,28.0,0.65,2.2117411412965566,True,True,2018,2022,2018,2022,5,
2023_14_NE_PIT,2023,REG,14,2023-12-07,Thursday,20:15,NE,21.0,PIT,18.0,Home,-3.0,39.0,0.0,2023120700,59366.0,,202312070pit,,401547578,,4,4,220.0,-270.0,6.0,-118.0,-102.0,30.0,-105.0,-115.0,0,outdoors,grass,42.0,5.0,00-0038108,00-0033869,Bailey Zappe,Mitchell Trubisky,Bill Belichick,Mike Tomlin,Clay Martin,PIT00,Acrisure Stadium,996.1644423404996,855.8360775356407,972.0557479165981,879.9447719595422,0.7249153376133075,0.2750846623866925,49.0,28.0,0.65,2.2117411412965566,True,True,2018,2022,2018,2022,5,
2023_14_CAR_NO,2023,REG,14,2023-12-10,Sunday,13:00,CAR,6.0,NO,28.0,Home,22.0,34.0,0.0,2023121005,59372.0,,202312100nor,,401547587,,7,7,200.0,-245.0,5.5,-110.0,-110.0,39.0,-110.0,-110.0,1,dome,sportturf,,,00-0039150,00-0031280,Bryce Young,Derek Carr,Chris Tabor,Dennis Allen,Alan Eck,NOR00,Mercedes-Benz Superdome,944.1394887353383,800.2429474730849,961.6007787664403,782.7816574419829,0.7289923193296804,0.27100768067031955,49.0,28.0,0.65,2.2117411412965566,True,True,2018,2022,2018,2022,5,
2023_14_DET_CHI,2023,REG,14,2023-12-10,Sunday,13:00,DET,13.0,CHI,28.0,Home,15.0,41.0,0.0,2023121002,59369.0,,202312100chi,,401547586,,7,13,-170.0,142.0,-3.0,-120.0,100.0,44.5,-110.0,-110.0,1,outdoors,grass,36.0,12.0,00-0033106,00-0036945,Jared Goff,Justin Fields,Dan Campbell,Matt Eberflus,Tra Blake,CHI98,Soldier Field,891.8596787128305,1082.7670665615935,939.5330647113915,1035.0936805630324,0.28135095012629147,0.7186490498737086,49.0,28.0,0.65,2.2117411412965566,True,True,2018,2022,2018,2022,5,
2023_14_HOU_NYJ,2023,REG,14,2023-12-10,Sunday,13:00,HOU,6.0,NYJ,30.0,Home,24.0,36.0,0.0,2023121006,59373.0,,202312100nyj,,401547582,,7,7,-175.0,145.0,-3.5,-108.0,-112.0,33.5,-110.0,-110.0,0,outdoors,fieldturf,58.0,7.0,00-0039163,00-0037013,C.J. Stroud,Zach Wilson,DeMeco Ryans,Robert Saleh,Brad Allen,NYC01,MetLife Stadium,872.7020026841509,999.2215628758124,920.3397946768492,951.5837708831141,0.3619006705332902,0.6380993294667098,49.0,28.0,0.65,2.2117411412965566,True,True,2018,2022,2018,2022,5,
2023_14_IND_CIN,2023,REG,14,2023-12-10,Sunday,13:00,IND,14.0,CIN,34.0,Home,20.0,48.0,0.0,2023121003,59370.0,,202312100cin,,401547580,,7,6,124.0,-148.0,3.0,-118.0,-102.0,45.0,-110.0,-110.0,0,outdoors,fieldturf,40.0,9.0,00-0035289,00-0035100,Gardner Minshew,Jake Browning,Shane Steichen,Zac Taylor,Shawn Hochuli,CIN00,Paycor Stadium,1065.136564099003,970.4908928268276,1086.2504744080504,949.3769825177802,0.6695178628933238,0.3304821371066762,49.0,28.0,0.65,2.2117411412965566,True,True,2018,2022,2018,2022,5,
2023_14_JAX_CLE,2023,REG,14,2023-12-10,Sunday,13:00,JAX,27.0,CLE,31.0,Home,4.0,58.0,0.0,2023121004,59371.0,,202312100cle,,401547581,,6,7,120.0,-142.0,2.5,-108.0,-112.0,37.5,-110.0,-110.0,0,outdoors,grass,39.0,11.0,00-0036971,00-0026158,Trevor Lawrence,Joe Flacco,Doug Pederson,Kevin Stefanski,Ron Torbert,CLE00,FirstEnergy Stadium,986.4822600951962,1071.1679810610317,1007.7413720305236,1049.9088691257043,0.4191389119128627,0.5808610880871373,49.0,28.0,0.65,2.2117411412965566,True,True,2018,2022,2018,2022,5,
2023_14_LA_BAL,2023,REG,14,2023-12-10,Sunday,13:00,LA,31.0,BAL,37.0,Home,6.0,68.0,1.0,2023121001,59368.0,,202312100rav,,401547585,,7,14,285.0,-360.0,7.5,-115.0,-105.0,42.0,-110.0,-110.0,0,outdoors,grass,57.0,5.0,00-0026498,00-0034796,Matthew Stafford,Lamar Jackson,Sean McVay,John Harbaugh,Scott Novak,BAL00,M&T Bank Stadium,1169.2137757180255,988.3933145039233,1168.4699208949196,989.1371693270293,0.7688923232271787,0.2311076767728213,49.0,28.0,0.65,2.2117411412965566,True,True,2018,2022,2018,2022,5,
2023_14_TB_ATL,2023,REG,14,2023-12-10,Sunday,13:00,TB,29.0,ATL,25.0,Home,-4.0,54.0,0.0,2023121000,59367.0,,202312100atl,,401547579,,7,7,105.0,-125.0,1.5,-108.0,-112.0,41.5,-110.0,-110.0,1,closed,fieldturf,,,00-0034855,00-0038122,Baker Mayfield,Desmond Ridder,Todd Bowles,Arthur Smith,Alex Kemp,ATL97,Mercedes-Benz Stadium,949.0699790364532,952.64890776945,929.7766028109667,971.9422839949366,0.5350869819509431,0.46491301804905694,49.0,28.0,0.65,2.2117411412965566,True,True,2018,2022,2018,2022,5,
2023_14_MIN_LV,2023,REG,14,2023-12-10,Sunday,16:05,MIN,3.0,LV,0.0,Home,-3.0,3.0,0.0,2023121007,59374.0,,202312100rai,,401547588,,13,14,-155.0,130.0,-3.0,-108.0,-112.0,40.5,-108.0,-112.0,0,dome,grass,,,00-0033949,00-0038579,Joshua Dobbs,Aidan O'Connell,Kevin O'Connell,Antonio Pierce,Craig Wrolstad,VEG00,Allegiant Stadium,925.5589195228438,1045.2624040954297,914.6201935510644,1056.201130067209,0.37100968508319526,0.6289903149168048,49.0,28.0,0.65,2.2117411412965566,True,True,2018,2022,2018,2022,5,
2023_14_SEA_SF,2023,REG,14,2023-12-10,Sunday,16:05,SEA,16.0,SF,28.0,Home,12.0,44.0,0.0,2023121008,59375.0,,202312100sfo,,401547589,,10,7,650.0,-1000.0,14.5,-110.0,-110.0,44.5,-110.0,-110.0,1,outdoors,grass,63.0,5.0,00-0035704,00-0037834,Drew Lock,Brock Purdy,Pete Carroll,Kyle Shanahan,Brad Rogers,SFO01,Levi's Stadium,1229.6039472491468,985.8366602394826,1238.3545072102015,977.0861002784279,0.8269864305901692,0.17301356940983081,49.0,28.0,0.65,2.2117411412965566,True,True,2018,2022,2018,2022,5,
2023_14_BUF_KC,2023,REG,14,2023-12-10,Sunday,16:25,BUF,20.0,KC,17.0,Home,-3.0,37.0,0.0,2023121009,59376.0,,202312100kan,,401547583,,14,7,105.0,-125.0,2.0,-110.0,-110.0,49.5,-110.0,-110.0,0,outdoors,grass,45.0,5.0,00-0034857,00-0033873,Josh Allen,Patrick Mahomes,Sean McDermott,Andy Reid,Carl Cheffers,KAN00,GEHA Field at Arrowhead Stadium,1125.5352689415954,1105.8020190358027,1107.6952830793098,1123.6420048980883,0.5682647029085739,0.4317352970914261,49.0,28.0,0.65,2.2117411412965566,True,True,2018,2022,2018,2022,5,
2023_14_DEN_LAC,2023,REG,14,2023-12-10,Sunday,16:25,DEN,24.0,LAC,7.0,Home,-17.0,31.0,0.0,2023121010,59377.0,,202312100sdg,,401547584,,7,7,136.0,-162.0,3.0,-112.0,-108.0,45.0,-110.0,-110.0,1,dome,matrixturf,,,00-0029263,00-0036355,Russell Wilson,Justin Herbert,Sean Payton,Brandon Staley,Clete Blakeman,LAX01,SoFi Stadium,1012.2750041061933,988.6494034105162,974.6520123852076,1026.272395131502,0.5737532070882772,0.42624679291172285,49.0,28.0,0.65,2.2117411412965566,True,True,2018,2022,2018,2022,5,
2023_14_PHI_DAL,2023,REG,14,2023-12-10,Sunday,20:20,PHI,13.0,DAL,33.0,Home,20.0,46.0,0.0,2023121011,59378.0,,202312100dal,,401547590,,7,10,145.0,-175.0,3.5,-118.0,-102.0,52.5,-110.0,-110.0,1,closed,matrixturf,,,00-0036389,00-0033077,Jalen Hurts,Dak Prescott,Nick Sirianni,Mike McCarthy,John Hussey,DAL00,AT&T Stadium,1147.0670837301484,1159.4490276579395,1179.0499613805873,1127.4661500075006,0.5224610623256939,0.4775389376743061,49.0,28.0,0.65,2.2117411412965566,True,True,2018,2022,2018,2022,5,
2023_14_GB_NYG,2023,REG,14,2023-12-11,Monday,20:15,GB,22.0,NYG,24.0,Home,2.0,46.0,0.0,2023121101,59380.0,,202312110nyg,,401547591,,8,15,-265.0,215.0,-6.0,-112.0,-108.0,37.5,-110.0,-110.0,0,outdoors,fieldturf,39.0,14.0,00-0036264,00-0038476,Jordan Love,Tommy DeVito,Matt LaFleur,Brian Daboll,Land Clark,NYC01,MetLife Stadium,916.6011899211493,1042.9400093074294,932.8525952721634,1026.6886039564154,0.36214096952710845,0.6378590304728915,49.0,28.0,0.65,2.2117411412965566,True,True,2018,2022,2018,2022,5,
2023_14_TEN_MIA,2023,REG,14,2023-12-11,Monday,20:15,TEN,28.0,MIA,27.0,Home,-1.0,55.0,0.0,2023121100,59379.0,,202312110mia,,401547592,,8,8,625.0,-950.0,14.0,-110.0,-110.0,45.0,-110.0,-112.0,0,outdoors,grass,64.0,9.0,00-0039152,00-0036212,Will Levis,Tua Tagovailoa,Mike Vrabel,Mike McDaniel,Adrian Hill,MIA00,Hard Rock Stadium,1101.0363717212324,908.1826009896321,1087.7052344856936,921.5137382251709,0.7809714489203126,0.21902855107968744,49.0,28.0,0.65,2.2117411412965566,True,True,2018,2022,2018,2022,5,
2023_15_LAC_LV,2023,REG,15,2023-12-14,Thursday,20:15,LAC,21.0,LV,63.0,Home,42.0,84.0,0.0,2023121400,59381.0,,202312140rai,,401547593,,4,4,136.0,-162.0,3.0,-110.0,-110.0,36.0,-110.0,-110.0,1,dome,grass,,,00-0035282,00-0038579,Easton Stick,Aidan O'Connell,Brandon Staley,Antonio Pierce,Ron Torbert,VEG00,Allegiant Stadium,914.6201935510644,974.6520123852076,960.7864494869044,928.4857564493676,0.45403267287862903,0.545967327121371,49.0,28.0,0.65,2.2117411412965566,True,True,2018,2022,2018,2022,5,
2023_15_MIN_CIN,2023,REG,15,2023-12-16,Saturday,13:00,MIN,24.0,CIN,27.0,Home,3.0,51.0,1.0,2023121600,59383.0,,202312160cin,,401547604,,6,6,145.0,-175.0,3.0,-105.0,-115.0,41.5,-110.0,-110.0,0,outdoors,fieldturf,53.0,5.0,00-0033319,00-0035100,Nick Mullens,Jake Browning,Kevin O'Connell,Zac Taylor,Bill Vinovich,CIN00,Paycor Stadium,1086.2504744080504,1056.201130067209,1091.2544848622272,1051.1971196130323,0.5827709527749644,0.4172290472250356,49.0,28.0,0.65,2.2117411412965566,True,True,2018,2022,2018,2022,5,
2023_15_PIT_IND,2023,REG,15,2023-12-16,Saturday,16:30,PIT,13.0,IND,30.0,Home,17.0,43.0,0.0,2023121601,59386.0,,202312160clt,,401547607,,9,6,102.0,-122.0,1.5,-110.0,-110.0,41.5,-110.0,-110.0,0,closed,fieldturf,,,00-0033869,00-0035289,Mitchell Trubisky,Gardner Minshew,Mike Tomlin,Shane Steichen,Adrian Hill,IND00,Lucas Oil Stadium,949.3769825177802,972.0557479165981,980.8279374741219,940.6047929602564,0.507657273450113,0.492342726549887,49.0,28.0,0.65,2.2117411412965566,True,True,2018,2022,2018,2022,5,
2023_15_DEN_DET,2023,REG,15,2023-12-16,Saturday,20:15,DEN,17.0,DET,42.0,Home,25.0,59.0,0.0,2023121602,59385.0,,202312160det,,401547606,,6,6,210.0,-258.0,5.5,-108.0,-112.0,49.0,-108.0,-112.0,0,dome,fieldturf,,,00-0029263,00-0033106,Russell Wilson,Jared Goff,Sean Payton,Dan Campbell,John Hussey,DET00,Ford Field,1035.0936805630324,1026.272395131502,1066.8423933125682,994.5236823819662,0.5527925852887366,0.44720741471126335,49.0,28.0,0.65,2.2117411412965566,True,True,2018,2022,2018,2022,5,
2023_15_ATL_CAR,2023,REG,15,2023-12-17,Sunday,13:00,ATL,7.0,CAR,9.0,Home,2.0,16.0,0.0,2023121709,59382.0,,202312170car,,401547603,,7,7,-155.0,130.0,-3.0,-102.0,-118.0,32.0,-110.0,-110.0,1,outdoors,grass,47.0,11.0,00-0038122,00-0039150,Desmond Ridder,Bryce Young,Arthur Smith,Chris Tabor,Land Clark,CAR00,Bank of America Stadium,782.7816574419829,929.7766028109667,799.8889164835589,912.6693437693907,0.3351485048779516,0.6648514951220483,49.0,28.0,0.65,2.2117411412965566,True,True,2018,2022,2018,2022,5,
2023_15_CHI_CLE,2023,REG,15,2023-12-17,Sunday,13:00,CHI,17.0,CLE,20.0,Home,3.0,37.0,0.0,2023121710,59384.0,,202312170cle,,401547605,,7,7,124.0,-148.0,3.0,-120.0,100.0,38.0,-110.0,-110.0,0,outdoors,grass,45.0,15.0,00-0036945,00-0026158,Justin Fields,Joe Flacco,Matt Eberflus,Kevin Stefanski,Brad Allen,CLE00,FirstEnergy Stadium,1007.7413720305236,939.5330647113915,1018.4811711947023,928.7932655472129,0.6350212976165234,0.3649787023834766,49.0,28.0,0.65,2.2117411412965566,True,True,2018,2022,2018,2022,5,
2023_15_HOU_TEN,2023,REG,15,2023-12-17,Sunday,13:00,HOU,19.0,TEN,16.0,Home,-3.0,35.0,1.0,2023121703,59390.0,,202312170oti,,401547595,,7,6,142.0,-170.0,3.0,100.0,-120.0,38.0,-108.0,-112.0,1,outdoors,grass,48.0,9.0,00-0028986,00-0039152,Case Keenum,Will Levis,DeMeco Ryans,Mike Vrabel,Clete Blakeman,NAS00,Nissan Stadium,921.5137382251709,951.5837708831141,913.9342007795204,959.1633083287645,0.4970210187867442,0.5029789812132558,49.0,28.0,0.65,2.2117411412965566,True,True,2018,2022,2018,2022,5,
2023_15_KC_NE,2023,REG,15,2023-12-17,Sunday,13:00,KC,27.0,NE,17.0,Home,-10.0,44.0,0.0,2023121711,59396.0,,202312170nwe,,401547608,,7,10,-485.0,370.0,-10.0,-112.0,-108.0,39.5,-110.0,-110.0,0,outdoors,fieldturf,53.0,7.0,00-0033873,00-0038108,Patrick Mahomes,Bailey Zappe,Andy Reid,Bill Belichick,Shawn Hochuli,BOS00,Gillette Stadium,879.9447719595422,1107.6952830793098,868.2311467481237,1119.4089082907283,0.24051531807662477,0.7594846819233753,49.0,28.0,0.65,2.2117411412965566,True,True,2018,2022,2018,2022,5,
2023_15_NYG_NO,2023,REG,15,2023-12-17,Sunday,13:00,NYG,6.0,NO,24.0,Home,18.0,30.0,0.0,2023121702,59389.0,,202312170nor,,401547599,,6,7,205.0,-250.0,6.0,-108.0,-112.0,39.5,-110.0,-110.0,0,dome,sportturf,,,00-0038476,00-0031280,Tommy DeVito,Derek Carr,Brian Daboll,Dennis Allen,Carl Cheffers,NOR00,Mercedes-Benz Superdome,961.6007787664403,932.8525952721634,988.2491819733644,906.2041920652392,0.5809486253356722,0.41905137466432785,49.0,28.0,0.65,2.2117411412965566,True,True,2018,2022,2018,2022,5,
2023_15_NYJ_MIA,2023,REG,15,2023-12-17,Sunday,13:00,NYJ,0.0,MIA,30.0,Home,30.0,30.0,0.0,2023121701,59388.0,,202312170mia,,401547594,,7,6,275.0,-345.0,7.5,-115.0,-105.0,36.0,-110.0,-110.0,1,outdoors,grass,76.0,15.0,00-0037013,00-0036212,Zach Wilson,Tua Tagovailoa,Robert Saleh,Mike McDaniel,Brad Rogers,MIA00,Hard Rock Stadium,1087.7052344856936,920.3397946768492,1104.8351294682236,903.2098996943191,0.7548435393436668,0.24515646065633323,49.0,28.0,0.65,2.2117411412965566,True,True,2018,2022,2018,2022,5,
2023_15_TB_GB,2023,REG,15,2023-12-17,Sunday,13:00,TB,34.0,GB,20.0,Home,-14.0,54.0,0.0,2023121700,59387.0,,202312170gnb,,401547598,,7,6,180.0,-218.0,4.0,-110.0,-110.0,41.5,-110.0,-110.0,0,outdoors,grass,42.0,8.0,00-0034855,00-0036264,Baker Mayfield,Jordan Love,Todd Bowles,Matt LaFleur,Tra Blake,GNB00,Lambeau Field,1026.6886039564154,971.9422839949366,988.2321758628059,1010.3987120885461,0.6168799639862249,0.3831200360137751,49.0,28.0,0.65,2.2117411412965566,True,True,2018,2022,2018,2022,5,
2023_15_SF_ARI,2023,REG,15,2023-12-17,Sunday,16:05,SF,45.0,ARI,29.0,Home,-16.0,74.0,0.0,2023121704,59391.0,,202312170crd,,401547596,,7,14,-750.0,525.0,-12.5,-110.0,-110.0,48.0,-110.0,-110.0,1,open,grass,,,00-0037834,00-0035228,Brock Purdy,Kyler Murray,Kyle Shanahan,Jonathan Gannon,Scott Novak,PHO00,State Farm Stadium,869.3424944077528,1238.3545072102015,862.6504761185295,1245.046525499425,0.12314026799795035,0.8768597320020497,49.0,28.0,0.65,2.2117411412965566,True,True,2018,2022,2018,2022,5,
2023_15_WAS_LA,2023,REG,15,2023-12-17,Sunday,16:05,WAS,20.0,LA,28.0,Home,8.0,48.0,0.0,2023121705,59392.0,,202312170ram,,401547597,,14,7,240.0,-298.0,6.5,-108.0,-112.0,48.5,-110.0,-110.0,0,dome,matrixturf,,,00-0037077,00-0026498,Sam Howell,Matthew Stafford,Ron Rivera,Sean McVay,Alan Eck,LAX01,SoFi Stadium,989.1371693270293,859.7562135571892,1002.2127745856953,846.6806082985231,0.7121722523188602,0.28782774768113983,49.0,28.0,0.65,2.2117411412965566,True,True,2018,2022,2018,2022,5,
2023_15_DAL_BUF,2023,REG,15,2023-12-17,Sunday,16:25,DAL,10.0,BUF,31.0,Home,21.0,41.0,0.0,2023121706,59393.0,,202312170buf,,401547600,,7,7,114.0,-135.0,2.0,-108.0,-112.0,49.5,-110.0,-110.0,0,outdoors,a_turf,48.0,9.0,00-0033077,00-0034857,Dak Prescott,Josh Allen,Mike McCarthy,Sean McDermott,Craig Wrolstad,BUF00,New Era Field,1123.6420048980883,1179.0499613805873,1161.0436991882996,1141.648267090376,0.46063839614044355,0.5393616038595564,49.0,28.0,0.65,2.2117411412965566,True,True,2018,2022,2018,2022,5,
2023_15_BAL_JAX,2023,REG,15,2023-12-17,Sunday,20:20,BAL,23.0,JAX,7.0,Home,-16.0,30.0,0.0,2023121708,59395.0,,202312170jax,,401547602,,7,7,-225.0,185.0,-4.0,-110.0,-110.0,42.5,-108.0,-112.0,0,outdoors,grass,58.0,13.0,00-0034796,00-0036971,Lamar Jackson,Trevor Lawrence,John Harbaugh,Doug Pederson,Shawn Smith,JAX00,TIAA Bank Stadium,1049.9088691257043,1168.4699208949196,1027.449302437169,1190.9294875834548,0.37254565448458987,0.6274543455154101,49.0,28.0,0.65,2.2117411412965566,True,True,2018,2022,2018,2022,5,
2023_15_PHI_SEA,2023,REG,15,2023-12-18,Monday,20:15,PHI,17.0,SEA,20.0,Home,3.0,37.0,0.0,2023121801,59394.0,,202312180sea,,401547601,,8,8,-238.0,195.0,-5.0,-120.0,100.0,46.0,-112.0,-108.0,0,outdoors,fieldturf,46.0,2.0,00-0036389,00-0035704,Jalen Hurts,Drew Lock,Nick Sirianni,Pete Carroll,Clay Martin,SEA00,Lumen Field,977.0861002784279,1127.4661500075006,998.8489825371549,1105.7032677487734,0.3308205459088045,0.6691794540911955,49.0,28.0,0.65,2.2117411412965566,True,True,2018,2022,2018,2022,5,
2023_16_NO_LA,2023,REG,16,2023-12-21,Thursday,20:15,NO,22.0,LA,30.0,Home,8.0,52.0,0.0,2023122100,59397.0,,202312210ram,,401547609,,4,4,180.0,-218.0,4.0,100.0,-120.0,45.5,-112.0,-108.0,0,dome,matrixturf,,,00-0031280,00-0026498,Derek Carr,Matthew Stafford,Dennis Allen,Sean McVay,Brad Rogers,LAX01,SoFi Stadium,1002.2127745856953,988.2491819733644,1023.2256647968002,967.2362917622596,0.5600985083993251,0.43990149160067493,49.0,28.0,0.65,2.2117411412965566,True,True,2018,2022,2018,2022,5,
2023_16_CIN_PIT,2023,REG,16,2023-12-23,Saturday,16:30,CIN,11.0,PIT,34.0,Home,23.0,45.0,0.0,2023122300,59398.0,,202312230pit,,401547610,,7,7,-155.0,130.0,-3.0,-105.0,-115.0,39.5,-110.0,-110.0,1,outdoors,grass,49.0,5.0,00-0035100,00-0034771,Jake Browning,Mason Rudolph,Zac Taylor,Mike Tomlin,Craig Wrolstad,PIT00,Acrisure Stadium,940.6047929602564,1091.2544848622272,990.5278837533599,1041.3313940691237,0.33047701606583835,0.6695229839341617,49.0,28.0,0.65,2.2117411412965566,True,True,2018,2022,2018,2022,5,
2023_16_BUF_LAC,2023,REG,16,2023-12-23,Saturday,20:00,BUF,24.0,LAC,22.0,Home,-2.0,46.0,0.0,2023122301,59399.0,,202312230sdg,,401547611,,6,9,-800.0,550.0,-13.0,-105.0,-115.0,44.5,-115.0,-105.0,0,dome,matrixturf,,,00-0034857,00-0035282,Josh Allen,Easton Stick,Sean McDermott,Giff Smith,Adrian Hill,LAX01,SoFi Stadium,928.4857564493676,1161.0436991882996,923.2415684459439,1166.2878871917233,0.2354965680819738,0.7645034319180262,49.0,28.0,0.65,2.2117411412965566,True,True,2018,2022,2018,2022,5,
2023_16_CLE_HOU,2023,REG,16,2023-12-24,Sunday,13:00,CLE,36.0,HOU,22.0,Home,-14.0,58.0,0.0,2023122404,59402.0,,202312240htx,,401547612,,7,7,-162.0,136.0,-3.0,-110.0,-110.0,40.0,-110.0,-110.0,0,closed,astroturf,,,00-0026158,00-0028986,Joe Flacco,Case Keenum,Kevin Stefanski,DeMeco Ryans,Tra Blake,HOU00,NRG Stadium,959.1633083287645,1018.4811711947023,932.2454550347147,1045.399024488752,0.45505164506253004,0.54494835493747,49.0,28.0,0.65,2.2117411412965566,True,True,2018,2022,2018,2022,5,
2023_16_DET_MIN,2023,REG,16,2023-12-24,Sunday,13:00,DET,30.0,MIN,24.0,Home,-6.0,54.0,0.0,2023122405,59403.0,,202312240min,,401547618,,8,8,-148.0,124.0,-2.5,-125.0,105.0,47.5,-102.0,-118.0,1,dome,sportturf,,,00-0033106,00-0033319,Jared Goff,Nick Mullens,Dan Campbell,Kevin O'Connell,Land Clark,MIN01,U.S. Bank Stadium,1051.1971196130323,1066.8423933125682,1028.749554856667,1089.2899580689336,0.5177723899689434,0.48222761003105663,49.0,28.0,0.65,2.2117411412965566,True,True,2018,2022,2018,2022,5,
2023_16_GB_CAR,2023,REG,16,2023-12-24,Sunday,13:00,GB,33.0,CAR,30.0,Home,-3.0,63.0,0.0,2023122403,59401.0,,202312240car,,401547617,,7,7,-198.0,164.0,-3.5,-112.0,-108.0,39.5,-110.0,-110.0,0,outdoors,grass,67.0,1.0,00-0036264,00-0039150,Jordan Love,Bryce Young,Matt LaFleur,Chris Tabor,Alex Kemp,CAR00,Bank of America Stadium,799.8889164835589,988.2321758628059,791.7491803549683,996.3719119913965,0.2843449838436175,0.7156550161563825,49.0,28.0,0.65,2.2117411412965566,True,True,2018,2022,2018,2022,5,
2023_16_IND_ATL,2023,REG,16,2023-12-24,Sunday,13:00,IND,10.0,ATL,29.0,Home,19.0,39.0,0.0,2023122402,59400.0,,202312240atl,,401547616,,8,7,130.0,-155.0,3.0,-115.0,-105.0,44.0,-105.0,-115.0,0,closed,fieldturf,,,00-0035289,00-0031800,Gardner Minshew,Taylor Heinicke,Shane Steichen,Arthur Smith,Alan Eck,ATL97,Mercedes-Benz Stadium,912.6693437693907,980.8279374741219,950.3604759428749,943.1368053006377,0.4424631420097634,0.5575368579902367,49.0,28.0,0.65,2.2117411412965566,True,True,2018,2022,2018,2022,5,
2023_16_SEA_TEN,2023,REG,16,2023-12-24,Sunday,13:00,SEA,20.0,TEN,17.0,Home,-3.0,37.0,0.0,2023122407,59405.0,,202312240oti,,401547614,,6,7,-166.0,140.0,-3.0,-110.0,-110.0,42.0,-108.0,-112.0,0,outdoors,grass,61.0,4.0,00-0030565,00-0029701,Geno Smith,Ryan Tannehill,Pete Carroll,Mike Vrabel,Shawn Smith,NAS00,Nissan Stadium,913.9342007795204,998.8489825371549,901.3955727564784,1011.387610560197,0.41881792276122404,0.5811820772387759,49.0,28.0,0.65,2.2117411412965566,True,True,2018,2022,2018,2022,5,
2023_16_WAS_NYJ,2023,REG,16,2023-12-24,Sunday,13:00,WAS,28.0,NYJ,30.0,Home,2.0,58.0,0.0,2023122406,59404.0,,202312240nyj,,401547613,,7,7,140.0,-166.0,3.0,-108.0,-112.0,36.5,-110.0,-110.0,0,outdoors,fieldturf,45.0,2.0,00-0037077,00-0032156,Sam Howell,Trevor Siemian,Ron Rivera,Robert Saleh,Clay Martin,NYC01,MetLife Stadium,903.2098996943191,846.6806082985231,912.1329214282918,837.7575865645505,0.619302728101633,0.380697271898367,49.0,28.0,0.65,2.2117411412965566,True,True,2018,2022,2018,2022,5,
2023_16_JAX_TB,2023,REG,16,2023-12-24,Sunday,16:05,JAX,12.0,TB,30.0,Home,18.0,42.0,0.0,2023122408,59406.0,,202312240tam,,401547615,,7,7,-125.0,105.0,-2.0,-110.0,-110.0,43.0,-108.0,-112.0,0,outdoors,grass,72.0,11.0,00-0036971,00-0034855,Trevor Lawrence,Baker Mayfield,Doug Pederson,Todd Bowles,Brad Allen,TAM00,Raymond James Stadium,1010.3987120885461,1027.449302437169,1041.8309879065202,996.0170266191949,0.5157522524965721,0.4842477475034279,49.0,28.0,0.65,2.2117411412965566,True,True,2018,2022,2018,2022,5,
2023_16_ARI_CHI,2023,REG,16,2023-12-24,Sunday,16:25,ARI,16.0,CHI,27.0,Home,11.0,43.0,0.0,2023122409,59407.0,,202312240chi,,401547619,,7,7,180.0,-218.0,4.5,-110.0,-110.0,42.0,-105.0,-115.0,0,outdoors,grass,52.0,4.0,00-0035228,00-0036945,Kyler Murray,Justin Fields,Jonathan Gannon,Matt Eberflus,John Hussey,CHI98,Soldier Field,928.7932655472129,862.6504761185295,948.2072026007914,843.2365390649509,0.6322611447839797,0.36773885521602034,49.0,28.0,0.65,2.2117411412965566,True,True,2018,2022,2018,2022,5,
2023_16_DAL_MIA,2023,REG,16,2023-12-24,Sunday,16:25,DAL,20.0,MIA,22.0,Home,2.0,42.0,0.0,2023122410,59408.0,,202312240mia,,401547620,,7,7,102.0,-122.0,1.5,-110.0,-110.0,48.5,100.0,-120.0,0,outdoors,grass,75.0,15.0,00-0033077,00-0036212,Dak Prescott,Tua Tagovailoa,Mike McCarthy,Mike McDaniel,Shawn Hochuli,MIA00,Hard Rock Stadium,1104.8351294682236,1141.648267090376,1117.3635470486943,1129.1198495099054,0.4873195950349294,0.5126804049650706,49.0,28.0,0.65,2.2117411412965566,True,True,2018,2022,2018,2022,5,
2023_16_NE_DEN,2023,REG,16,2023-12-24,Sunday,20:15,NE,26.0,DEN,23.0,Home,-3.0,49.0,0.0,2023122411,59409.0,,202312240den,,401547621,,7,8,270.0,-340.0,7.0,-110.0,-110.0,37.5,-110.0,-110.0,0,outdoors,grass,28.0,9.0,00-0038108,00-0029263,Bailey Zappe,Russell Wilson,Bill Belichick,Sean Payton,Carl Cheffers,DEN00,Empower Field at Mile High,994.5236823819662,868.2311467481237,971.1221119314744,891.6327171986155,0.7085142869575325,0.2914857130424675,49.0,28.0,0.65,2.2117411412965566,True,True,2018,2022,2018,2022,5,
2023_16_LV_KC,2023,REG,16,2023-12-25,Monday,13:00,LV,20.0,KC,14.0,Home,-6.0,34.0,0.0,2023122500,59410.0,,202312250kan,,401547351,,11,8,440.0,-600.0,11.0,-102.0,-118.0,40.5,-110.0,-110.0,1,outdoors,grass,38.0,11.0,00-0038579,00-0033873,Aidan O'Connell,Patrick Mahomes,Antonio Pierce,Andy Reid,Clete Blakeman,KAN00,GEHA Field at Arrowhead Stadium,1119.4089082907283,960.7864494869044,1084.2951090962274,995.9002486814053,0.7454109933954614,0.25458900660453865,49.0,28.0,0.65,2.2117411412965566,True,True,2018,2022,2018,2022,5,
2023_16_NYG_PHI,2023,REG,16,2023-12-25,Monday,16:30,NYG,25.0,PHI,33.0,Home,8.0,58.0,0.0,2023122501,59411.0,,202312250phi,,401547241,,8,7,600.0,-900.0,14.0,-112.0,-108.0,41.0,-108.0,-112.0,1,outdoors,grass,51.0,5.0,00-0038476,00-0036389,Tommy DeVito,Jalen Hurts,Brian Daboll,Nick Sirianni,Ron Torbert,PHI00,Lincoln Financial Field,1105.7032677487734,906.2041920652392,1115.0804449214118,896.8270148926008,0.7874445317270168,0.21255546827298322,49.0,28.0,0.65,2.2117411412965566,True,True,2018,2022,2018,2022,5,
2023_16_BAL_SF,2023,REG,16,2023-12-25,Monday,20:15,BAL,33.0,SF,19.0,Home,-14.0,52.0,0.0,2023122502,59412.0,,202312250sfo,,401547622,,8,8,275.0,-345.0,6.5,-105.0,-115.0,47.5,-112.0,-108.0,0,outdoors,grass,56.0,8.0,00-0034796,00-0037834,Lamar Jackson,Brock Purdy,John Harbaugh,Kyle Shanahan,Bill Vinovich,SFO01,Levi's Stadium,1245.046525499425,1190.9294875834548,1206.6549015048097,1229.32111157807,0.616023478500358,0.383976521499642,49.0,28.0,0.65,2.2117411412965566,True,True,2018,2022,2018,2022,5,
2023_17_NYJ_CLE,2023,REG,17,2023-12-28,Thursday,20:15,NYJ,20.0,CLE,37.0,Home,17.0,57.0,0.0,2023122800,59413.0,,202312280cle,,401547623,,4,4,270.0,-345.0,6.5,-105.0,-115.0,33.5,-110.0,-110.0,0,outdoors,grass,47.0,6.0,00-0032156,00-0026158,Trevor Siemian,Joe Flacco,Robert Saleh,Kevin Stefanski,Alex Kemp,CLE00,FirstEnergy Stadium,1045.399024488752,912.1329214282918,1062.2990152672078,895.232930649836,0.716734795104794,0.283265204895206,49.0,28.0,0.65,2.2117411412965566,True,True,2018,2022,2018,2022,5,
2023_17_DET_DAL,2023,REG,17,2023-12-30,Saturday,20:15,DET,19.0,DAL,20.0,Home,1.0,39.0,0.0,2023123000,59414.0,,202312300dal,,401547624,,6,6,195.0,-238.0,5.5,-110.0,-110.0,53.0,-110.0,-110.0,0,closed,matrixturf,,,00-0033106,00-0033077,Jared Goff,Dak Prescott,Dan Campbell,Mike McCarthy,Brad Allen,DAL00,AT&T Stadium,1129.1198495099054,1089.2899580689336,1135.1323844692777,1083.2774231095614,0.5963934883322044,0.4036065116677956,49.0,28.0,0.65,2.2117411412965566,True,True,2018,2022,2018,2022,5,
2023_17_ARI_PHI,2023,REG,17,2023-12-31,Sunday,13:00,ARI,35.0,PHI,31.0,Home,-4.0,66.0,0.0,2023123108,59422.0,,202312310phi,,401547633,,7,6,525.0,-750.0,12.0,-110.0,-110.0,48.0,-110.0,-110.0,0,outdoors,grass,45.0,9.0,00-0035228,00-0036389,Kyler Murray,Jalen Hurts,Jonathan Gannon,Nick Sirianni,Bill Vinovich,PHI00,Lincoln Financial Field,1115.0804449214118,843.2365390649509,1080.0352386667294,878.2817453196333,0.8489052262581083,0.15109477374189173,49.0,28.0,0.65,2.2117411412965566,True,True,2018,2022,2018,2022,5,
2023_17_ATL_CHI,2023,REG,17,2023-12-31,Sunday,13:00,ATL,17.0,CHI,37.0,Home,20.0,54.0,0.0,2023123103,59417.0,,202312310chi,,401547627,,7,7,130.0,-155.0,3.0,-115.0,-105.0,39.0,-110.0,-110.0,0,outdoors,grass,32.0,5.0,00-0031800,00-0036945,Taylor Heinicke,Justin Fields,Arthur Smith,Matt Eberflus,Adrian Hill,CHI98,Soldier Field,948.2072026007914,950.3604759428749,979.065313372066,919.5023651716003,0.5371279625508226,0.4628720374491774,49.0,28.0,0.65,2.2117411412965566,True,True,2018,2022,2018,2022,5,
2023_17_CAR_JAX,2023,REG,17,2023-12-31,Sunday,13:00,CAR,0.0,JAX,26.0,Home,26.0,26.0,0.0,2023123106,59420.0,,202312310jax,,401547629,,7,7,160.0,-192.0,3.5,-110.0,-110.0,38.0,-110.0,-110.0,0,outdoors,grass,56.0,8.0,00-0039150,00-0033936,Bryce Young,C.J. Beathard,Chris Tabor,Doug Pederson,Carl Cheffers,JAX00,TIAA Bank Stadium,996.0170266191949,791.7491803549683,1009.7541549351195,778.0120520390437,0.7920029469240937,0.20799705307590632,49.0,28.0,0.65,2.2117411412965566,True,True,2018,2022,2018,2022,5,
2023_17_LA_NYG,2023,REG,17,2023-12-31,Sunday,13:00,LA,26.0,NYG,25.0,Home,-1.0,51.0,0.0,2023123107,59421.0,,202312310nyg,,401547632,,10,6,-298.0,240.0,-6.0,-112.0,-108.0,43.5,-108.0,-112.0,0,outdoors,fieldturf,41.0,10.0,00-0026498,00-0028118,Matthew Stafford,Tyrod Taylor,Sean McVay,Brian Daboll,Tra Blake,NYC01,MetLife Stadium,896.8270148926008,1023.2256647968002,891.5051136280623,1028.5475660613388,0.36206141585998086,0.6379385841400191,49.0,28.0,0.65,2.2117411412965566,True,True,2018,2022,2018,2022,5,
2023_17_LV_IND,2023,REG,17,2023-12-31,Sunday,13:00,LV,20.0,IND,23.0,Home,3.0,43.0,0.0,2023123105,59419.0,,202312310clt,,401547628,,6,7,150.0,-180.0,3.5,-110.0,-110.0,42.5,-105.0,-115.0,0,closed,fieldturf,,,00-0038579,00-0035289,Aidan O'Connell,Gardner Minshew,Antonio Pierce,Shane Steichen,Shawn Smith,IND00,Lucas Oil Stadium,943.1368053006377,995.9002486814053,959.7730590641713,979.2639949178716,0.46442276533995236,0.5355772346600476,49.0,28.0,0.65,2.2117411412965566,True,True,2018,2022,2018,2022,5,
2023_17_MIA_BAL,2023,REG,17,2023-12-31,Sunday,13:00,MIA,19.0,BAL,56.0,Home,37.0,75.0,0.0,2023123101,59415.0,,202312310rav,,401547625,,7,6,150.0,-180.0,3.0,100.0,-120.0,47.0,-108.0,-112.0,0,outdoors,grass,50.0,7.0,00-0036212,00-0034796,Tua Tagovailoa,Lamar Jackson,Mike McDaniel,John Harbaugh,Clete Blakeman,BAL00,M&T Bank Stadium,1229.32111157807,1117.3635470486943,1252.7196939173193,1093.964964709445,0.6911840139913064,0.30881598600869364,49.0,28.0,0.65,2.2117411412965566,True,True,2018,2022,2018,2022,5,
2023_17_NE_BUF,2023,REG,17,2023-12-31,Sunday,13:00,NE,21.0,BUF,27.0,Home,6.0,48.0,0.0,2023123102,59416.0,,202312310buf,,401547626,,7,8,750.0,-1200.0,15.0,-110.0,-110.0,40.0,-108.0,-112.0,1,outdoors,a_turf,35.0,4.0,00-0038108,00-0034857,Bailey Zappe,Josh Allen,Bill Belichick,Sean McDermott,Alan Eck,BUF00,New Era Field,1166.2878871917233,891.6327171986155,1171.9357243608442,885.9848800294945,0.8509692339433228,0.1490307660566772,49.0,28.0,0.65,2.2117411412965566,True,True,2018,2022,2018,2022,5,
2023_17_NO_TB,2023,REG,17,2023-12-31,Sunday,13:00,NO,23.0,TB,13.0,Home,-10.0,36.0,0.0,2023123109,59423.0,,202312310tam,,401547634,,10,7,124.0,-148.0,2.5,100.0,-120.0,42.5,-112.0,-108.0,1,outdoors,grass,66.0,5.0,00-0031280,00-0034855,Derek Carr,Baker Mayfield,Dennis Allen,Todd Bowles,Land Clark,TAM00,Raymond James Stadium,1041.8309879065202,967.2362917622596,1005.9734840655254,1003.0937956032544,0.6434987973801789,0.3565012026198211,49.0,28.0,0.65,2.2117411412965566,True,True,2018,2022,2018,2022,5,
2023_17_SF_WAS,2023,REG,17,2023-12-31,Sunday,13:00,SF,27.0,WAS,10.0,Home,-17.0,37.0,0.0,2023123110,59424.0,,202312310was,,401547635,,6,7,-1050.0,675.0,-14.0,-115.0,-105.0,49.0,-112.0,-108.0,0,outdoors,grass,48.0,7.0,00-0037834,00-0037077,Brock Purdy,Sam Howell,Kyle Shanahan,Ron Rivera,Ron Torbert,WAS00,FedExField,837.7575865645505,1206.6549015048097,830.9262988938251,1213.486189175535,0.12321157781163779,0.8767884221883622,49.0,28.0,0.65,2.2117411412965566,True,True,2018,2022,2018,2022,5,
2023_17_TEN_HOU,2023,REG,17,2023-12-31,Sunday,13:00,TEN,3.0,HOU,26.0,Home,23.0,29.0,0.0,2023123104,59418.0,,202312310htx,,401547631,,7,7,190.0,-230.0,5.0,-105.0,-115.0,44.0,-108.0,-112.0,1,closed,astroturf,,,00-0039152,00-0039163,Will Levis,C.J. Stroud,Mike Vrabel,DeMeco Ryans,Scott Novak,HOU00,NRG Stadium,932.2454550347147,901.3955727564784,960.7796374474134,872.8613903437797,0.5838910188889364,0.41610898111106365,49.0,28.0,0.65,2.2117411412965566,True,True,2018,2022,2018,2022,5,
2023_17_PIT_SEA,2023,REG,17,2023-12-31,Sunday,16:05,PIT,30.0,SEA,23.0,Home,-7.0,53.0,0.0,2023123111,59425.0,,202312310sea,,401547636,,8,7,185.0,-225.0,4.5,-110.0,-110.0,40.5,-108.0,-112.0,0,outdoors,fieldturf,47.0,4.0,00-0034771,00-0030565,Mason Rudolph,Geno Smith,Mike Tomlin,Pete Carroll,Shawn Hochuli,SEA00,Lumen Field,1011.387610560197,990.5278837533599,984.538695538165,1017.3767987753919,0.5698549056601957,0.4301450943398043,49.0,28.0,0.65,2.2117411412965566,True,True,2018,2022,2018,2022,5,
2023_17_CIN_KC,2023,REG,17,2023-12-31,Sunday,16:25,CIN,17.0,KC,25.0,Home,8.0,42.0,0.0,2023123113,59427.0,,202312310kan,,401547235,,8,6,275.0,-345.0,7.5,-115.0,-105.0,46.0,-112.0,-108.0,0,outdoors,grass,36.0,12.0,00-0035100,00-0033873,Jake Browning,Patrick Mahomes,Zac Taylor,Andy Reid,John Hussey,KAN00,GEHA Field at Arrowhead Stadium,1084.2951090962274,1041.3313940691237,1103.1236823230192,1022.5028208423319,0.6007281479304564,0.39927185206954363,49.0,28.0,0.65,2.2117411412965566,True,True,2018,2022,2018,2022,5,
2023_17_LAC_DEN,2023,REG,17,2023-12-31,Sunday,16:25,LAC,9.0,DEN,16.0,Home,7.0,25.0,0.0,2023123112,59426.0,,202312310den,,401547630,,8,7,164.0,-198.0,3.5,-108.0,-112.0,39.5,-110.0,-110.0,1,outdoors,grass,41.0,6.0,00-0035282,00-0035264,Easton Stick,Jarrett Stidham,Giff Smith,Sean Payton,Craig Wrolstad,DEN00,Empower Field at Mile High,971.1221119314744,923.2415684459439,988.6014336180939,905.7622467593244,0.6074971107024836,0.3925028892975164,49.0,28.0,0.65,2.2117411412965566,True,True,2018,2022,2018,2022,5,
2023_17_GB_MIN,2023,REG,17,2023-12-31,Sunday,20:20,GB,33.0,MIN,10.0,Home,-23.0,43.0,0.0,2023123114,59428.0,,202312310min,,401547637,,7,7,-108.0,-112.0,1.0,-112.0,-108.0,42.5,-112.0,-108.0,1,dome,sportturf,,,00-0036264,00-0038598,Jordan Love,Jaren Hall,Matt LaFleur,Kevin O'Connell,Clay Martin,MIN01,U.S. Bank Stadium,1028.749554856667,996.3719119913965,986.3241895828097,1038.7972772652536,0.5860261610270308,0.41397383897296924,49.0,28.0,0.65,2.2117411412965566,True,True,2018,2022,2018,2022,5,
2023_18_PIT_BAL,2023,REG,18,2024-01-06,Saturday,16:30,PIT,17.0,BAL,10.0,Home,-7.0,27.0,0.0,2024010600,59430.0,,202401060rav,,401547639,,6,6,-155.0,130.0,-3.0,-105.0,-115.0,34.0,-110.0,-110.0,1,outdoors,grass,38.0,15.0,00-0034771,00-0035993,Mason Rudolph,Tyler Huntley,Mike Tomlin,John Harbaugh,Brad Allen,BAL00,M&T Bank Stadium,1252.7196939173193,1017.3767987753919,1209.809630771615,1060.2868619210963,0.8199374197949625,0.18006258020503751,49.0,28.0,0.65,2.2117411412965566,True,True,2018,2022,2018,2022,5,
2023_18_HOU_IND,2023,REG,18,2024-01-06,Saturday,20:15,HOU,23.0,IND,19.0,Home,-4.0,42.0,0.0,2024010601,59435.0,,202401060clt,,401547644,,6,6,-125.0,105.0,-1.5,-110.0,-110.0,47.5,-108.0,-112.0,1,closed,fieldturf,,,00-0039163,00-0035289,C.J. Stroud,Gardner Minshew,DeMeco Ryans,Shane Steichen,Bill Vinovich,IND00,Lucas Oil Stadium,959.7730590641713,960.7796374474134,940.3239373803876,980.2287591311971,0.5387686819328312,0.46123131806716877,49.0,28.0,0.65,2.2117411412965566,True,True,2018,2022,2018,2022,5,
2023_18_ATL_NO,2023,REG,18,2024-01-07,Sunday,13:00,ATL,17.0,NO,48.0,Home,31.0,65.0,0.0,2024010700,59440.0,,202401070nor,,401547649,,7,7,145.0,-175.0,3.5,-122.0,102.0,41.5,-108.0,-112.0,1,dome,sportturf,,,00-0038122,00-0031280,Desmond Ridder,Derek Carr,Arthur Smith,Dennis Allen,John Hussey,NOR00,Mercedes-Benz Superdome,1003.0937956032544,919.5023651716003,1028.2835217150423,894.3126390598123,0.655289437238363,0.34471056276163703,49.0,28.0,0.65,2.2117411412965566,True,True,2018,2022,2018,2022,5,
2023_18_CLE_CIN,2023,REG,18,2024-01-07,Sunday,13:00,CLE,14.0,CIN,31.0,Home,17.0,45.0,0.0,2024010701,59432.0,,202401070cin,,401547641,,10,7,285.0,-360.0,7.5,-115.0,-105.0,37.0,-112.0,-108.0,1,outdoors,fieldturf,38.0,12.0,00-0032436,00-0035100,Jeff Driskel,Jake Browning,Kevin Stefanski,Zac Taylor,Alan Eck,CIN00,Paycor Stadium,1022.5028208423319,1062.2990152672078,1055.7852778234071,1029.0165582861325,0.4830304316593471,0.5169695683406529,49.0,28.0,0.65,2.2117411412965566,True,True,2018,2022,2018,2022,5,
2023_18_JAX_TEN,2023,REG,18,2024-01-07,Sunday,13:00,JAX,20.0,TEN,28.0,Home,8.0,48.0,0.0,2024010702,59443.0,,202401070oti,,401547652,,7,7,-185.0,154.0,-3.5,-102.0,-118.0,41.5,-112.0,-108.0,1,outdoors,grass,41.0,11.0,00-0036971,00-0029701,Trevor Lawrence,Ryan Tannehill,Doug Pederson,Mike Vrabel,Tra Blake,NAS00,Nissan Stadium,872.8613903437797,1009.7541549351195,906.2407708783688,976.3747744005303,0.34822805189659223,0.6517719481034078,49.0,28.0,0.65,2.2117411412965566,True,True,2018,2022,2018,2022,5,
2023_18_MIN_DET,2023,REG,18,2024-01-07,Sunday,13:00,MIN,20.0,DET,30.0,Home,10.0,50.0,0.0,2024010703,59433.0,,202401070det,,401547642,,7,8,170.0,-205.0,3.5,-102.0,-118.0,47.5,-110.0,-110.0,1,dome,fieldturf,,,00-0033319,00-0033106,Nick Mullens,Jared Goff,Kevin O'Connell,Dan Campbell,Brad Rogers,DET00,Ford Field,1083.2774231095614,986.3241895828097,1099.7430243828674,969.8585883095038,0.6724503497762587,0.3275496502237413,49.0,28.0,0.65,2.2117411412965566,True,True,2018,2022,2018,2022,5,
2023_18_NYJ_NE,2023,REG,18,2024-01-07,Sunday,13:00,NYJ,17.0,NE,3.0,Home,-14.0,20.0,0.0,2024010704,59439.0,,202401070nwe,,401547648,,10,7,120.0,-142.0,2.5,-112.0,-108.0,28.5,-110.0,-110.0,1,outdoors,fieldturf,33.0,14.0,00-0032156,00-0038108,Trevor Siemian,Bailey Zappe,Robert Saleh,Bill Belichick,Land Clark,BOS00,Gillette Stadium,885.9848800294945,895.232930649836,854.0978690236036,927.119941655727,0.5269600510874339,0.47303994891256607,49.0,28.0,0.65,2.2117411412965566,True,True,2018,2022,2018,2022,5,
2023_18_TB_CAR,2023,REG,18,2024-01-07,Sunday,13:00,TB,9.0,CAR,0.0,Home,-9.0,9.0,0.0,2024010705,59431.0,,202401070car,,401547640,,7,7,-245.0,200.0,-5.0,-105.0,-115.0,36.5,-110.0,-110.0,1,outdoors,grass,54.0,19.0,00-0034855,00-0039150,Baker Mayfield,Bryce Young,Todd Bowles,Chris Tabor,Clete Blakeman,CAR00,Bank of America Stadium,778.0120520390437,1005.9734840655254,766.7753699139175,1017.2101661906516,0.24029360044618356,0.7597063995538165,49.0,28.0,0.65,2.2117411412965566,True,True,2018,2022,2018,2022,5,
2023_18_CHI_GB,2023,REG,18,2024-01-07,Sunday,16:25,CHI,9.0,GB,17.0,Home,8.0,26.0,0.0,2024010706,59434.0,,202401070gnb,,401547643,,7,7,124.0,-148.0,2.5,-102.0,-118.0,45.5,-108.0,-112.0,1,outdoors,grass,34.0,7.0,00-0036945,00-0036264,Justin Fields,Jordan Love,Matt Eberflus,Matt LaFleur,Carl Cheffers,GNB00,Lambeau Field,1038.7972772652536,979.065313372066,1056.4153176980415,961.4472729392782,0.623639679365136,0.376360320634864,49.0,28.0,0.65,2.2117411412965566,True,True,2018,2022,2018,2022,5,
2023_18_DAL_WAS,2023,REG,18,2024-01-07,Sunday,16:25,DAL,38.0,WAS,10.0,Home,-28.0,48.0,0.0,2024010707,59444.0,,202401070was,,401547653,,8,7,-850.0,575.0,-13.0,-115.0,-105.0,47.5,-110.0,-110.0,1,outdoors,grass,48.0,13.0,00-0033077,00-0037077,Dak Prescott,Sam Howell,Mike McCarthy,Ron Rivera,Shawn Smith,WAS00,FedExField,830.9262988938251,1135.1323844692777,819.6993465605317,1146.359336802571,0.16938811240504853,0.8306118875949515,49.0,28.0,0.65,2.2117411412965566,True,True,2018,2022,2018,2022,5,
2023_18_DEN_LV,2023,REG,18,2024-01-07,Sunday,16:25,DEN,14.0,LV,27.0,Home,13.0,41.0,0.0,2024010708,59437.0,,202401070rai,,401547646,,7,7,145.0,-175.0,3.5,-118.0,-102.0,37.5,-115.0,-105.0,1,dome,grass,,,00-0035264,00-0038579,Jarrett Stidham,Aidan O'Connell,Sean Payton,Antonio Pierce,Shawn Hochuli,VEG00,Allegiant Stadium,979.2639949178716,988.6014336180939,1006.6960029193622,961.1694256166033,0.5268317835276402,0.47316821647235985,49.0,28.0,0.65,2.2117411412965566,True,True,2018,2022,2018,2022,5,
2023_18_KC_LAC,2023,REG,18,2024-01-07,Sunday,16:25,KC,13.0,LAC,12.0,Home,-1.0,25.0,0.0,2024010709,59436.0,,202401070sdg,,401547645,,7,7,154.0,-185.0,3.5,-115.0,-105.0,35.0,-108.0,-115.0,1,dome,matrixturf,,,00-0027948,00-0035282,Blaine Gabbert,Easton Stick,Andy Reid,Giff Smith,Scott Novak,LAX01,SoFi Stadium,905.7622467593244,1103.1236823230192,901.8567953893096,1107.029133693034,0.27390037348947077,0.7260996265105293,49.0,28.0,0.65,2.2117411412965566,True,True,2018,2022,2018,2022,5,
2023_18_LA_SF,2023,REG,18,2024-01-07,Sunday,16:25,LA,21.0,SF,20.0,Home,-1.0,41.0,0.0,2024010710,59442.0,,202401070sfo,,401547651,,7,7,200.0,-245.0,5.5,-108.0,-112.0,40.0,-108.0,-112.0,1,outdoors,grass,52.0,11.0,00-0032950,00-0034869,Carson Wentz,Sam Darnold,Sean McVay,Kyle Shanahan,Clay Martin,SFO01,Levi's Stadium,1213.486189175535,1028.5475660613388,1200.3423594897877,1041.691395747086,0.7730779377759558,0.2269220622240442,49.0,28.0,0.65,2.2117411412965566,True,True,2018,2022,2018,2022,5,
2023_18_PHI_NYG,2023,REG,18,2024-01-07,Sunday,16:25,PHI,10.0,NYG,27.0,Home,17.0,37.0,0.0,2024010711,59441.0,,202401070nyg,,401547650,,7,7,-238.0,190.0,-4.5,-112.0,-108.0,43.0,-105.0,-115.0,1,outdoors,fieldturf,36.0,12.0,00-0036389,00-0028118,Jalen Hurts,Tyrod Taylor,Nick Sirianni,Brian Daboll,Craig Wrolstad,NYC01,MetLife Stadium,891.5051136280623,1080.0352386667294,940.9540983355431,1030.5862539592486,0.28412614031456135,0.7158738596854386,49.0,28.0,0.65,2.2117411412965566,True,True,2018,2022,2018,2022,5,
2023_18_SEA_ARI,2023,REG,18,2024-01-07,Sunday,16:25,SEA,21.0,ARI,20.0,Home,-1.0,41.0,0.0,2024010712,59429.0,,202401070crd,,401547638,,7,7,-155.0,130.0,-2.5,-122.0,102.0,48.0,-110.0,-110.0,1,closed,grass,,,00-0030565,00-0035228,Geno Smith,Kyler Murray,Pete Carroll,Jonathan Gannon,Adrian Hill,PHO00,State Farm Stadium,878.2817453196333,984.538695538165,872.5096798387265,990.3107610190718,0.3892458829069373,0.6107541170930627,49.0,28.0,0.65,2.2117411412965566,True,True,2018,2022,2018,2022,5,
2023_18_BUF_MIA,2023,REG,18,2024-01-07,Sunday,20:20,BUF,21.0,MIA,14.0,Home,-7.0,35.0,0.0,2024010713,59438.0,,202401070mia,,401547647,,7,7,-155.0,130.0,-2.5,-125.0,105.0,47.5,-110.0,-110.0,1,outdoors,grass,63.0,6.0,00-0034857,00-0036212,Josh Allen,Tua Tagovailoa,Sean McDermott,Mike McDaniel,Alex Kemp,MIA00,Hard Rock Stadium,1093.964964709445,1171.9357243608442,1074.6593210858348,1191.2413679844544,0.42857810372022737,0.5714218962797726,49.0,28.0,0.65,2.2117411412965566,True,True,2018,2022,2018,2022,5,
2023_19_CLE_HOU,2023,WC,19,2024-01-13,Saturday,16:30,CLE,14.0,HOU,45.0,Home,31.0,59.0,0.0,2024011300,59494.0,,202401130htx,,401547749,,6,7,-148.0,124.0,-2.5,-110.0,-110.0,45.0,-105.0,-115.0,0,closed,astroturf,,,00-0026158,00-0039163,Joe Flacco,C.J. Stroud,Kevin Stefanski,DeMeco Ryans,Clay Martin,HOU00,NRG Stadium,980.2287591311971,1029.0165582861325,1021.301933006397,987.9433844109326,0.470119599790801,0.529880400209199,49.0,28.0,0.65,2.2117411412965566,True,True,2018,2022,2018,2022,5,
2023_19_MIA_KC,2023,WC,19,2024-01-13,Saturday,20:00,MIA,7.0,KC,26.0,Home,19.0,33.0,0.0,2024011301,59495.0,,202401130kan,,401547750,,6,6,190.0,-230.0,4.5,-102.0,-118.0,43.5,-118.0,-102.0,0,outdoors,grass,-4.0,19.0,00-0036212,00-0033873,Tua Tagovailoa,Patrick Mahomes,Mike McDaniel,Andy Reid,Brad Rogers,KAN00,GEHA Field at Arrowhead Stadium,1107.029133693034,1074.6593210858348,1133.7710381272627,1047.9174166516061,0.5860152259119489,0.4139847740880511,49.0,28.0,0.65,2.2117411412965566,True,True,2018,2022,2018,2022,5,
2023_19_GB_DAL,2023,WC,19,2024-01-14,Sunday,16:30,GB,48.0,DAL,32.0,Home,-16.0,80.0,0.0,2024011401,59497.0,,202401140dal,,401547752,,7,7,275.0,-345.0,7.0,102.0,-122.0,52.5,-105.0,-115.0,0,closed,matrixturf,,,00-0036264,00-0033077,Jordan Love,Dak Prescott,Matt LaFleur,Mike McCarthy,Ron Torbert,DAL00,AT&T Stadium,1146.359336802571,1056.4153176980415,1102.3531561296577,1100.4214983709549,0.6635021535942868,0.33649784640571323,49.0,28.0,0.65,2.2117411412965566,True,True,2018,2022,2018,2022,5,
2023_19_LA_DET,2023,WC,19,2024-01-14,Sunday,20:00,LA,23.0,DET,24.0,Home,1.0,47.0,0.0,2024011402,59498.0,,202401140det,,401547753,,7,7,136.0,-162.0,3.5,-122.0,102.0,52.5,-102.0,-118.0,0,dome,fieldturf,,,00-0026498,00-0033106,Matthew Stafford,Jared Goff,Sean McVay,Dan Campbell,Craig Wrolstad,DET00,Ford Field,1099.7430243828674,1041.691395747086,1105.3385740869821,1036.0958460429713,0.6213666475330171,0.37863335246698293,49.0,28.0,0.65,2.2117411412965566,True,True,2018,2022,2018,2022,5,
2023_19_PIT_BUF,2023,WC,19,2024-01-15,Monday,16:30,PIT,17.0,BUF,31.0,Home,14.0,48.0,0.0,2024011501,59496.0,,202401150buf,,401547751,,9,8,370.0,-485.0,10.0,-108.0,-112.0,39.5,-115.0,-105.0,0,outdoors,a_turf,17.0,10.0,00-0034771,00-0034857,Mason Rudolph,Josh Allen,Mike Tomlin,Sean McDermott,Carl Cheffers,BUF00,New Era Field,1191.2413679844544,1060.2868619210963,1207.2424379671647,1044.285791938386,0.7140254306422136,0.2859745693577864,49.0,28.0,0.65,2.2117411412965566,True,True,2018,2022,2018,2022,5,
2023_19_PHI_TB,2023,WC,19,2024-01-15,Monday,20:00,PHI,9.0,TB,32.0,Home,23.0,41.0,0.0,2024011500,59499.0,,202401150tam,,401547754,,8,8,-162.0,136.0,-2.5,-125.0,105.0,43.0,-102.0,-118.0,0,outdoors,grass,65.0,2.0,00-0036389,00-0034855,Jalen Hurts,Baker Mayfield,Nick Sirianni,Todd Bowles,Adrian Hill,TAM00,Raymond James Stadium,1017.2101661906516,1030.5862539592486,1050.710662930364,997.0857572195362,0.5210330818034605,0.47896691819653947,49.0,28.0,0.65,2.2117411412965566,True,True,2018,2022,2018,2022,5,
2023_20_HOU_BAL,2023,DIV,20,2024-01-20,Saturday,16:30,HOU,10.0,BAL,34.0,Home,24.0,44.0,0.0,2024012000,59500.0,,202401200rav,,401547755,,7,14,330.0,-425.0,10.0,-115.0,-105.0,44.0,-105.0,-115.0,0,outdoors,grass,27.0,16.0,00-0039163,00-0034796,C.J. Stroud,Lamar Jackson,DeMeco Ryans,John Harbaugh,John Hussey,BAL00,M&T Bank Stadium,1209.809630771615,1021.301933006397,1224.3094729302404,1006.8020908477716,0.7766619242356819,0.22333807576431808,49.0,28.0,0.65,2.2117411412965566,True,True,2018,2022,2018,2022,5,
2023_20_GB_SF,2023,DIV,20,2024-01-20,Saturday,20:15,GB,21.0,SF,24.0,Home,3.0,45.0,0.0,2024012001,59501.0,,202401200sfo,,401547756,,6,13,360.0,-470.0,10.5,-112.0,-108.0,50.5,-105.0,-115.0,0,outdoors,grass,59.0,8.0,00-0036264,00-0037834,Jordan Love,Brock Purdy,Matt LaFleur,Kyle Shanahan,Alex Kemp,SFO01,Levi's Stadium,1200.3423594897877,1100.4214983709549,1209.7405871915607,1091.0232706691818,0.6762019313223541,0.32379806867764593,49.0,28.0,0.65,2.2117411412965566,True,True,2018,2022,2018,2022,5,
2023_20_TB_DET,2023,DIV,20,2024-01-21,Sunday,15:00,TB,23.0,DET,31.0,Home,8.0,54.0,0.0,2024012100,59502.0,,202401210det,,401547757,,6,7,225.0,-278.0,6.0,-102.0,-118.0,49.5,-105.0,-115.0,0,dome,fieldturf,,,00-0034855,00-0033106,Baker Mayfield,Jared Goff,Todd Bowles,Dan Campbell,Bill Vinovich,DET00,Ford Field,1105.3385740869821,1050.710662930364,1123.3207085294928,1032.7285284878533,0.6167188586935344,0.3832811413064656,49.0,28.0,0.65,2.2117411412965566,True,True,2018,2022,2018,2022,5,
2023_20_KC_BUF,2023,DIV,20,2024-01-21,Sunday,18:30,KC,27.0,BUF,24.0,Home,-3.0,51.0,0.0,2024012101,59503.0,,202401210buf,,401547758,,8,6,120.0,-142.0,2.5,-110.0,-110.0,45.5,-108.0,-112.0,0,outdoors,a_turf,25.0,11.0,00-0033873,00-0034857,Patrick Mahomes,Josh Allen,Andy Reid,Sean McDermott,Shawn Hochuli,BUF00,New Era Field,1207.2424379671647,1133.7710381272627,1186.5710545290221,1154.4424215654053,0.6420140231616661,0.3579859768383339,49.0,28.0,0.65,2.2117411412965566,True,True,2018,2022,2018,2022,5,
2023_21_KC_BAL,2023,CON,21,2024-01-28,Sunday,15:00,KC,17.0,BAL,10.0,Home,-7.0,27.0,0.0,2024012800,59504.0,,202401280rav,,401547379,,7,8,180.0,-218.0,4.5,-110.0,-112.0,44.0,-105.0,-115.0,0,outdoors,grass,47.0,7.0,00-0033873,00-0034796,Patrick Mahomes,Lamar Jackson,Andy Reid,John Harbaugh,Shawn Smith,BAL00,M&T Bank Stadium,1224.3094729302404,1154.4424215654053,1193.5861473719613,1185.1657471236845,0.6372314796231161,0.3627685203768839,49.0,28.0,0.65,2.2117411412965566,True,True,2018,2022,2018,2022,5,
2023_21_DET_SF,2023,CON,21,2024-01-28,Sunday,18:30,DET,31.0,SF,34.0,Home,3.0,65.0,0.0,2024012801,59505.0,,202401280sfo,,401547380,,7,8,260.0,-325.0,7.5,-120.0,100.0,52.5,-110.0,-110.0,0,outdoors,grass,69.0,5.0,00-0033106,00-0037834,Jared Goff,Brock Purdy,Dan Campbell,Kyle Shanahan,Clete Blakeman,SFO01,Levi's Stadium,1209.7405871915607,1123.3207085294928,1219.6970654541428,1113.3642302669107,0.6589579111600037,0.3410420888399963,49.0,28.0,0.65,2.2117411412965566,True,True,2018,2022,2018,2022,5,
2023_22_SF_KC,2023,SB,22,2024-02-11,Sunday,18:30,SF,22.0,KC,25.0,Neutral,3.0,47.0,1.0,2024021100,59506.0,,202402110kan,,401547378,,14,14,-120.0,100.0,-1.5,-110.0,-110.0,47.0,-110.0,-110.0,0,dome,grass,,,00-0037834,00-0033873,Brock Purdy,Patrick Mahomes,Kyle Shanahan,Andy Reid,Bill Vinovich,VEG00,Allegiant Stadium,1185.1657471236845,1219.6970654541428,1193.1562749345646,1211.7065376432627,0.4906017844086373,0.5093982155913628,49.0,28.0,0.65,2.2117411412965566,True,True,2018,2022,2018,2022,5,
2024_01_BAL_KC,2024,REG,1,2024-09-05,Thursday,20:20,BAL,20.0,KC,27.0,Home,7.0,47.0,0.0,2024090500,59508.0,,202409050kan,,401671789,6449.0,7,7,124.0,-148.0,3.0,-118.0,-102.0,46.0,-110.0,-110.0,0,outdoors,grass,67.0,8.0,00-0034796,00-0033873,Lamar Jackson,Patrick Mahomes,John Harbaugh,Andy Reid,Shawn Hochuli,KAN00,GEHA Field at Arrowhead Stadium,1119.9645960663984,1118.64930047503,1138.4616064255254,1100.152290115903,0.546371804503738,0.453628195496262,44.0,31.0,0.65,2.2113884594003403,True,True,2018,2023,2018,2023,6,
2024_01_GB_PHI,2024,REG,1,2024-09-06,Friday,20:15,GB,29.0,PHI,34.0,Neutral,5.0,63.0,0.0,2024090600,59509.0,,202409060phi,,401671805,6450.0,7,7,110.0,-130.0,2.0,-110.0,-110.0,49.5,-112.0,-108.0,0,outdoors,,,,00-0036264,00-0036389,Jordan Love,Jalen Hurts,Matt LaFleur,Nick Sirianni,Ron Torbert,SAO00,Arena Corinthians,1004.8966349547512,1053.516163022326,1023.776363721055,1034.6364342560223,0.47466517594382673,0.5253348240561733,44.0,31.0,0.65,2.2113884594003403,True,True,2018,2023,2018,2023,6,
2024_01_ARI_BUF,2024,REG,1,2024-09-08,Sunday,13:00,ARI,28.0,BUF,34.0,Home,6.0,62.0,0.0,2024090801,59511.0,,202409080buf,,401671617,6452.0,7,7,250.0,-310.0,6.5,-105.0,-115.0,46.0,-112.0,-108.0,0,outdoors,a_turf,61.0,20.0,00-0035228,00-0034857,Kyler Murray,Josh Allen,Jonathan Gannon,Sean McDermott,Tra Blake,BUF00,New Era Field,1115.9137294139991,919.0712461879132,1123.3594836867453,911.6254919151671,0.7877752140143456,0.21222478598565442,44.0,31.0,0.65,2.2113884594003403,True,True,2018,2023,2018,2023,6,
2024_01_CAR_NO,2024,REG,1,2024-09-08,Sunday,13:00,CAR,10.0,NO,47.0,Home,37.0,57.0,0.0,2024090806,59516.0,,202409080nor,,401671734,6457.0,7,7,160.0,-192.0,3.5,-108.0,-112.0,41.5,-112.0,-108.0,1,dome,sportturf,,,00-0039150,00-0031280,Bryce Young,Derek Carr,Dave Canales,Dennis Allen,Alan Eck,NOR00,Mercedes-Benz Superdome,1016.3589391257325,857.3050672040938,1033.0715770552295,840.5924292745967,0.7491413462362716,0.2508586537637284,44.0,31.0,0.65,2.2113884594003403,True,True,2018,2023,2018,2023,6,
2024_01_HOU_IND,2024,REG,1,2024-09-08,Sunday,13:00,HOU,29.0,IND,27.0,Home,-2.0,56.0,0.0,2024090804,59514.0,,202409080clt,,401671861,6455.0,7,7,-155.0,130.0,-3.0,-108.0,-112.0,49.0,-112.0,-108.0,1,closed,fieldturf,,,00-0039163,00-0039164,C.J. Stroud,Anthony Richardson,DeMeco Ryans,Shane Steichen,John Hussey,IND00,Lucas Oil Stadium,963.109331204235,999.853412393219,952.3884569908032,1010.5742866066507,0.4917343557540251,0.508265644245975,44.0,31.0,0.65,2.2113884594003403,True,True,2018,2023,2018,2023,6,
2024_01_JAX_MIA,2024,REG,1,2024-09-08,Sunday,13:00,JAX,17.0,MIA,20.0,Home,3.0,37.0,0.0,2024090805,59515.0,,202409080mia,,401671849,6456.0,7,7,150.0,-180.0,3.5,-110.0,-110.0,49.5,-112.0,-108.0,0,outdoors,grass,91.0,10.0,00-0036971,00-0036212,Trevor Lawrence,Tua Tagovailoa,Doug Pederson,Mike McDaniel,Craig Wrolstad,MIA00,Hard Rock Stadium,1031.3381400341154,987.3009213966171,1041.8383915063102,976.8006699244223,0.6063389641675894,0.39366103583241063,44.0,31.0,0.65,2.2113884594003403,True,True,2018,2023,2018,2023,6,
2024_01_MIN_NYG,2024,REG,1,2024-09-08,Sunday,13:00,MIN,28.0,NYG,6.0,Home,-22.0,34.0,0.0,2024090807,59517.0,,202409080nyg,,401671712,6458.0,7,7,-115.0,-105.0,-1.0,-108.0,-112.0,42.5,-108.0,-112.0,0,outdoors,fieldturf,64.0,10.0,00-0034869,00-0035710,Sam Darnold,Daniel Jones,Kevin O'Connell,Brian Daboll,Alex Kemp,NYC01,MetLife Stadium,961.5219997190737,983.627691190361,929.4002944601468,1015.7493964492879,0.5127971434643651,0.4872028565356349,44.0,31.0,0.65,2.2113884594003403,True,True,2018,2023,2018,2023,6,
2024_01_NE_CIN,2024,REG,1,2024-09-08,Sunday,13:00,NE,16.0,CIN,10.0,Home,-6.0,26.0,0.0,2024090803,59513.0,,202409080cin,,401671628,6454.0,7,7,295.0,-375.0,8.0,-110.0,-110.0,40.5,-112.0,-108.0,0,outdoors,fieldturf,66.0,5.0,00-0033119,00-0036442,Jacoby Brissett,Joe Burrow,Jerod Mayo,Zac Taylor,Land Clark,CIN00,Paycor Stadium,1036.708338180411,911.4344433519523,1007.0806993712494,941.0620821611138,0.7108641820387432,0.28913581796125676,44.0,31.0,0.65,2.2113884594003403,True,True,2018,2023,2018,2023,6,
2024_01_PIT_ATL,2024,REG,1,2024-09-08,Sunday,13:00,PIT,18.0,ATL,10.0,Home,-8.0,28.0,0.0,2024090800,59510.0,,202409080atl,,401671744,6451.0,7,7,160.0,-192.0,4.0,-110.0,-110.0,43.0,-115.0,-105.0,0,closed,fieldturf,,,00-0036945,00-0029604,Justin Fields,Kirk Cousins,Mike Tomlin,Raheem Morris,Brad Rogers,ATL97,Mercedes-Benz Stadium,935.2151582726312,1025.1482404630794,917.5031816953275,1042.860217040383,0.4159926221076741,0.5840073778923258,44.0,31.0,0.65,2.2113884594003403,True,True,2018,2023,2018,2023,6,
2024_01_TEN_CHI,2024,REG,1,2024-09-08,Sunday,13:00,TEN,17.0,CHI,24.0,Home,7.0,41.0,0.0,2024090802,59512.0,,202409080chi,,401671719,6453.0,7,7,164.0,-198.0,4.0,-108.0,-112.0,43.0,-110.0,-110.0,0,outdoors,grass,67.0,8.0,00-0039152,00-0039918,Will Levis,Caleb Williams,Brian Callahan,Matt Eberflus,Shawn Smith,CHI98,Soldier Field,971.5185997574181,942.3756130350399,988.2040413902106,925.6901714022474,0.5856984221742133,0.4143015778257867,44.0,31.0,0.65,2.2113884594003403,True,True,2018,2023,2018,2023,6,
2024_01_DEN_SEA,2024,REG,1,2024-09-08,Sunday,16:05,DEN,20.0,SEA,26.0,Home,6.0,46.0,0.0,2024090809,59519.0,,202409080sea,,401671664,6460.0,7,7,225.0,-278.0,6.5,-110.0,-110.0,42.0,-108.0,-112.0,0,outdoors,fieldturf,65.0,7.0,00-0039732,00-0030565,Bo Nix,Geno Smith,Sean Payton,Mike Macdonald,Brad Allen,SEA00,Lumen Field,994.2800145706399,974.8911190471081,1010.4797479345507,958.6913856831973,0.5720112623345687,0.42798873766543133,44.0,31.0,0.65,2.2113884594003403,True,True,2018,2023,2018,2023,6,
2024_01_LV_LAC,2024,REG,1,2024-09-08,Sunday,16:05,LV,10.0,LAC,22.0,Home,12.0,32.0,0.0,2024090808,59518.0,,202409080sdg,,401671659,6459.0,7,7,130.0,-155.0,3.0,-118.0,-102.0,41.0,-108.0,-112.0,1,dome,matrixturf,,,00-0035289,00-0036355,Gardner Minshew,Justin Herbert,Antonio Pierce,Jim Harbaugh,Scott Novak,LAX01,SoFi Stadium,942.4743863279793,1000.9986835092868,970.3579427480531,973.115127089213,0.4604720104156058,0.5395279895843942,44.0,31.0,0.65,2.2113884594003403,True,True,2018,2023,2018,2023,6,
2024_01_DAL_CLE,2024,REG,1,2024-09-08,Sunday,16:25,DAL,33.0,CLE,17.0,Home,-16.0,50.0,0.0,2024090810,59520.0,,202409080cle,,401671761,6461.0,7,7,110.0,-130.0,2.5,-112.0,-108.0,42.0,-108.0,-112.0,0,outdoors,grass,69.0,17.0,00-0033077,00-0033537,Dak Prescott,Deshaun Watson,Mike McCarthy,Kevin Stefanski,Clete Blakeman,CLE00,FirstEnergy Stadium,994.0905643114381,1066.7339808554261,969.7277954036515,1091.0967497632128,0.44035565528077775,0.5596443447192223,44.0,31.0,0.65,2.2113884594003403,True,True,2018,2023,2018,2023,6,
2024_01_WAS_TB,2024,REG,1,2024-09-08,Sunday,16:25,WAS,20.0,TB,37.0,Home,17.0,57.0,0.0,2024090811,59521.0,,202409080tam,,401671770,6462.0,7,7,164.0,-198.0,4.0,-112.0,-108.0,42.0,-110.0,-110.0,0,outdoors,grass,93.0,6.0,00-0039910,00-0034855,Jayden Daniels,Baker Mayfield,Dan Quinn,Todd Bowles,Bill Vinovich,TAM00,Raymond James Stadium,1019.9028810643171,890.2586444433443,1035.1237845197895,875.037740987872,0.7160074489396729,0.28399255106032706,44.0,31.0,0.65,2.2113884594003403,True,True,2018,2023,2018,2023,6,
2024_01_LA_DET,2024,REG,1,2024-09-08,Sunday,20:20,LA,20.0,DET,26.0,Home,6.0,46.0,1.0,2024090812,59522.0,,202409080det,,401671792,6463.0,7,7,185.0,-225.0,5.0,-108.0,-112.0,54.0,-112.0,-108.0,0,dome,fieldturf,,,00-0026498,00-0033106,Matthew Stafford,Jared Goff,Sean McVay,Dan Campbell,Adrian Hill,DET00,Ford Field,1068.3454612827625,1020.328536869753,1073.5109757405778,1015.1630224119377,0.6117936396244364,0.38820636037556355,44.0,31.0,0.65,2.2113884594003403,True,True,2018,2023,2018,2023,6,
2024_01_NYJ_SF,2024,REG,1,2024-09-09,Monday,20:15,NYJ,19.0,SF,32.0,Home,13.0,51.0,0.0,2024090900,59523.0,,202409090sfo,,401671696,6464.0,7,7,150.0,-180.0,3.5,-115.0,-105.0,43.0,-108.0,-112.0,0,outdoors,grass,76.0,10.0,00-0023459,00-0037834,Aaron Rodgers,Brock Purdy,Robert Saleh,Kyle Shanahan,Carl Cheffers,SFO01,Levi's Stadium,1131.8792064827726,952.4681227929874,1142.8774068155874,941.4699224601727,0.7705153725984836,0.22948462740151643,44.0,31.0,0.65,2.2113884594003403,True,True,2018,2023,2018,2023,6,
2024_02_BUF_MIA,2024,REG,2,2024-09-12,Thursday,20:15,BUF,31.0,MIA,10.0,Home,-21.0,41.0,0.0,2024091200,59524.0,,202409120mia,,401671807,6465.0,4,4,114.0,-135.0,2.5,-110.0,-110.0,48.5,-105.0,-115.0,1,outdoors,grass,86.0,3.0,00-0034857,00-0036212,Josh Allen,Tua Tagovailoa,Sean McDermott,Mike McDaniel,Bill Vinovich,MIA00,Hard Rock Stadium,1041.8383915063102,1123.3594836867453,1016.1181249027051,1149.0797502903506,0.42780244778196,0.57219755221804,44.0,31.0,0.65,2.2113884594003403,True,True,2018,2023,2018,2023,6,
2024_02_CLE_JAX,2024,REG,2,2024-09-15,Sunday,13:00,CLE,18.0,JAX,13.0,Home,-5.0,31.0,0.0,2024091505,59530.0,,202409150jax,,401671635,6471.0,7,7,142.0,-170.0,3.0,100.0,-120.0,41.5,-108.0,-112.0,0,outdoors,grass,80.0,12.0,00-0033537,00-0036971,Deshaun Watson,Trevor Lawrence,Kevin Stefanski,Doug Pederson,Adrian Hill,JAX00,TIAA Bank Stadium,976.8006699244223,969.7277954036515,956.6816092961402,989.8468560319336,0.5545730018997267,0.4454269981002733,44.0,31.0,0.65,2.2113884594003403,True,True,2018,2023,2018,2023,6,
2024_02_IND_GB,2024,REG,2,2024-09-15,Sunday,13:00,IND,10.0,GB,16.0,Home,6.0,26.0,0.0,2024091504,59529.0,,202409150gnb,,401671723,6470.0,7,9,-142.0,120.0,-3.0,-102.0,-118.0,41.5,-110.0,-110.0,0,outdoors,grass,85.0,7.0,00-0039164,00-0038128,Anthony Richardson,Malik Willis,Shane Steichen,Matt LaFleur,Shawn Hochuli,GNB00,Lambeau Field,1034.6364342560223,952.3884569908032,1047.2502723442988,939.7746189025266,0.6574402433113302,0.3425597566886698,44.0,31.0,0.65,2.2113884594003403,True,True,2018,2023,2018,2023,6,
2024_02_LAC_CAR,2024,REG,2,2024-09-15,Sunday,13:00,LAC,26.0,CAR,3.0,Home,-23.0,29.0,0.0,2024091501,59526.0,,202409150car,,401671652,6467.0,7,7,-225.0,185.0,-5.0,-110.0,-110.0,39.0,-112.0,-108.0,0,outdoors,grass,78.0,13.0,00-0036355,00-0039150,Justin Herbert,Bryce Young,Jim Harbaugh,Dave Canales,Brad Rogers,CAR00,Bank of America Stadium,840.5924292745967,970.3579427480531,818.7110937717089,992.239278250941,0.3615737809993063,0.6384262190006937,44.0,31.0,0.65,2.2113884594003403,True,True,2018,2023,2018,2023,6,
2024_02_LV_BAL,2024,REG,2,2024-09-15,Sunday,13:00,LV,26.0,BAL,23.0,Home,-3.0,49.0,0.0,2024091500,59525.0,,202409150rav,,401671624,6466.0,7,10,350.0,-455.0,9.0,-112.0,-108.0,41.0,-108.0,-112.0,0,outdoors,grass,76.0,10.0,00-0035289,00-0034796,Gardner Minshew,Lamar Jackson,Antonio Pierce,John Harbaugh,Tra Blake,BAL00,M&T Bank Stadium,1100.152290115903,973.115127089213,1078.9650425151265,994.3023746899896,0.7129459405400596,0.28705405945994045,44.0,31.0,0.65,2.2113884594003403,True,True,2018,2023,2018,2023,6,
2024_02_NO_DAL,2024,REG,2,2024-09-15,Sunday,13:00,NO,44.0,DAL,19.0,Home,-25.0,63.0,0.0,2024091502,59527.0,,202409150dal,,401671709,6468.0,7,7,235.0,-290.0,6.5,-112.0,-108.0,47.0,-108.0,-112.0,0,closed,matrixturf,,,00-0031280,00-0033077,Derek Carr,Dak Prescott,Dennis Allen,Mike McCarthy,Adrian Hill,DAL00,AT&T Stadium,1091.0967497632128,1033.0715770552295,1048.845563157741,1075.3227636607012,0.6253853422296213,0.3746146577703787,44.0,31.0,0.65,2.2113884594003403,True,True,2018,2023,2018,2023,6,
2024_02_NYG_WAS,2024,REG,2,2024-09-15,Sunday,13:00,NYG,18.0,WAS,21.0,Home,3.0,39.0,0.0,2024091509,59534.0,,202409150was,,401671716,6475.0,7,7,105.0,-125.0,1.5,-108.0,-112.0,42.5,-105.0,-115.0,1,outdoors,grass,82.0,11.0,00-0035710,00-0039910,Daniel Jones,Jayden Daniels,Brian Daboll,Dan Quinn,Scott Novak,WAS00,FedExField,875.037740987872,929.4002944601468,889.9132474617063,914.5247879863125,0.4664291656022433,0.5335708343977568,44.0,31.0,0.65,2.2113884594003403,True,True,2018,2023,2018,2023,6,
2024_02_NYJ_TEN,2024,REG,2,2024-09-15,Sunday,13:00,NYJ,24.0,TEN,17.0,Home,-7.0,41.0,0.0,2024091508,59533.0,,202409150oti,,401671636,6474.0,6,7,-180.0,150.0,-3.5,-112.0,-108.0,41.5,-112.0,-108.0,0,outdoors,grass,80.0,13.0,00-0023459,00-0039152,Aaron Rodgers,Will Levis,Robert Saleh,Brian Callahan,Alan Eck,NAS00,Nissan Stadium,925.6901714022474,941.4699224601727,903.946739314635,963.2133545477851,0.5218896979916643,0.4781103020083357,44.0,31.0,0.65,2.2113884594003403,True,True,2018,2023,2018,2023,6,
2024_02_SEA_NE,2024,REG,2,2024-09-15,Sunday,13:00,SEA,23.0,NE,20.0,Home,-3.0,43.0,1.0,2024091507,59532.0,,202409150nwe,,401671702,6473.0,7,7,-170.0,142.0,-3.5,-102.0,-118.0,39.0,-110.0,-110.0,0,outdoors,fieldturf,77.0,5.0,00-0030565,00-0033119,Geno Smith,Jacoby Brissett,Mike Macdonald,Jerod Mayo,Carl Cheffers,BOS00,Gillette Stadium,941.0620821611138,1010.4797479345507,935.7774056061442,1015.7644244895204,0.4449367679522238,0.5550632320477762,44.0,31.0,0.65,2.2113884594003403,True,True,2018,2023,2018,2023,6,
2024_02_SF_MIN,2024,REG,2,2024-09-15,Sunday,13:00,SF,17.0,MIN,23.0,Home,6.0,40.0,0.0,2024091506,59531.0,,202409150min,,401671645,6472.0,6,7,-218.0,180.0,-4.5,-112.0,-108.0,46.5,-108.0,-112.0,0,dome,sportturf,,,00-0037834,00-0034869,Brock Purdy,Sam Darnold,Kyle Shanahan,Kevin O'Connell,Brad Allen,MIN01,U.S. Bank Stadium,1015.7493964492879,1142.8774068155874,1041.4550590986382,1117.1717441662372,0.36508583893751645,0.6349141610624836,44.0,31.0,0.65,2.2113884594003403,True,True,2018,2023,2018,2023,6,
2024_02_TB_DET,2024,REG,2,2024-09-15,Sunday,13:00,TB,20.0,DET,16.0,Home,-4.0,36.0,0.0,2024091503,59528.0,,202409150det,,401671721,6469.0,7,7,295.0,-375.0,7.5,-108.0,-112.0,51.5,-112.0,-108.0,0,dome,fieldturf,,,00-0034855,00-0033106,Baker Mayfield,Jared Goff,Todd Bowles,Dan Campbell,Clay Martin,DET00,Ford Field,1073.5109757405778,1035.1237845197895,1053.7194147885086,1054.9153454718587,0.5985494495742152,0.4014505504257848,44.0,31.0,0.65,2.2113884594003403,True,True,2018,2023,2018,2023,6,
2024_02_LA_ARI,2024,REG,2,2024-09-15,Sunday,16:05,LA,10.0,ARI,41.0,Home,31.0,51.0,0.0,2024091510,59535.0,,202409150crd,,401671754,6476.0,7,7,-112.0,-108.0,-1.0,-105.0,-115.0,47.5,-118.0,-102.0,1,closed,grass,,,00-0026498,00-0035228,Matthew Stafford,Kyler Murray,Sean McVay,Jonathan Gannon,John Hussey,PHO00,State Farm Stadium,911.6254919151671,1015.1630224119377,954.6175797754764,972.1709345516284,0.39710086579570547,0.6028991342042945,44.0,31.0,0.65,2.2113884594003403,True,True,2018,2023,2018,2023,6,
2024_02_CIN_KC,2024,REG,2,2024-09-15,Sunday,16:25,CIN,25.0,KC,26.0,Home,1.0,51.0,0.0,2024091512,59537.0,,202409150kan,,401671670,6478.0,7,10,235.0,-290.0,6.5,-105.0,-115.0,47.5,-108.0,-112.0,0,outdoors,grass,89.0,8.0,00-0036442,00-0033873,Joe Burrow,Patrick Mahomes,Zac Taylor,Andy Reid,Alex Kemp,KAN00,GEHA Field at Arrowhead Stadium,1138.4616064255254,1007.0806993712494,1142.0830333450208,1003.459272451754,0.7180358655810136,0.2819641344189864,44.0,31.0,0.65,2.2113884594003403,True,True,2018,2023,2018,2023,6,
2024_02_PIT_DEN,2024,REG,2,2024-09-15,Sunday,16:25,PIT,13.0,DEN,6.0,Home,-7.0,19.0,0.0,2024091511,59536.0,,202409150den,,401671668,6477.0,7,7,-155.0,130.0,-3.0,-102.0,-118.0,36.5,-112.0,-108.0,0,outdoors,grass,83.0,4.0,00-0036945,00-0039732,Justin Fields,Bo Nix,Mike Tomlin,Sean Payton,Clete Blakeman,DEN00,Empower Field at Mile High,958.6913856831973,1042.860217040383,941.559441500097,1059.9921612234834,0.42407566462949103,0.575924335370509,44.0,31.0,0.65,2.2113884594003403,True,True,2018,2023,2018,2023,6,
2024_02_CHI_HOU,2024,REG,2,2024-09-15,Sunday,20:20,CHI,13.0,HOU,19.0,Home,6.0,32.0,0.0,2024091513,59538.0,,202409150htx,,401671786,6479.0,7,7,210.0,-258.0,6.0,-108.0,-112.0,45.5,-105.0,-115.0,0,closed,astroturf,,,00-0039918,00-0039163,Caleb Williams,C.J. Stroud,Matt Eberflus,DeMeco Ryans,Land Clark,HOU00,NRG Stadium,1010.5742866066507,988.2040413902106,1026.5939663103925,972.1843616864687,0.5762074847094615,0.4237925152905385,44.0,31.0,0.65,2.2113884594003403,True,True,2018,2023,2018,2023,6,
2024_02_ATL_PHI,2024,REG,2,2024-09-16,Monday,20:15,ATL,22.0,PHI,21.0,Home,-1.0,43.0,0.0,2024091600,59539.0,,202409160phi,,401671691,6480.0,8,10,215.0,-265.0,5.5,-105.0,-115.0,46.5,-110.0,-110.0,0,outdoors,grass,71.0,9.0,00-0029604,00-0036389,Kirk Cousins,Jalen Hurts,Raheem Morris,Nick Sirianni,Craig Wrolstad,PHI00,Lincoln Financial Field,1023.776363721055,917.5031816953275,1013.6581415820576,927.6214038343248,0.6878759811318426,0.31212401886815744,44.0,31.0,0.65,2.2113884594003403,True,True,2018,2023,2018,2023,6,
2024_03_NE_NYJ,2024,REG,3,2024-09-19,Thursday,20:15,NE,3.0,NYJ,24.0,Home,21.0,27.0,0.0,2024091900,59540.0,,202409190nyj,,401671808,6481.0,4,4,230.0,-285.0,6.5,-110.0,-110.0,39.0,-108.0,-112.0,1,outdoors,fieldturf,75.0,5.0,00-0033119,00-0023459,Jacoby Brissett,Aaron Rodgers,Jerod Mayo,Robert Saleh,John Hussey,NYC01,MetLife Stadium,963.2133545477851,935.7774056061442,988.1776049467088,910.8131552072205,0.5833119748398315,0.41668802516016845,44.0,31.0,0.65,2.2113884594003403,True,True,2018,2023,2018,2023,6,
2024_03_CHI_IND,2024,REG,3,2024-09-22,Sunday,13:00,CHI,16.0,IND,21.0,Home,5.0,37.0,0.0,2024092201,59542.0,,202409220clt,,401671865,6483.0,7,7,105.0,-125.0,1.5,-108.0,-112.0,43.0,-105.0,-115.0,0,closed,fieldturf,,,00-0039918,00-0039164,Caleb Williams,Anthony Richardson,Matt Eberflus,Shane Steichen,Adrian Hill,IND00,Lucas Oil Stadium,939.7746189025266,972.1843616864687,957.6837425735423,954.275238015453,0.4979712281842419,0.5020287718157581,44.0,31.0,0.65,2.2113884594003403,True,True,2018,2023,2018,2023,6,
2024_03_DEN_TB,2024,REG,3,2024-09-22,Sunday,13:00,DEN,26.0,TB,7.0,Home,-19.0,33.0,0.0,2024092205,59546.0,,202409220tam,,401671741,6487.0,7,7,200.0,-245.0,6.0,-112.0,-108.0,40.5,-108.0,-112.0,0,outdoors,grass,85.0,6.0,00-0039732,00-0034855,Bo Nix,Baker Mayfield,Sean Payton,Todd Bowles,Alan Eck,TAM00,Raymond James Stadium,1054.9153454718587,941.559441500097,1010.4803485634156,985.9944384085401,0.6965619750440011,0.3034380249559989,44.0,31.0,0.65,2.2113884594003403,True,True,2018,2023,2018,2023,6,
2024_03_GB_TEN,2024,REG,3,2024-09-22,Sunday,13:00,GB,30.0,TEN,14.0,Home,-16.0,44.0,0.0,2024092206,59547.0,,202409220oti,,401671823,6488.0,7,7,136.0,-162.0,3.0,-112.0,-108.0,37.0,-108.0,-112.0,0,outdoors,grass,87.0,7.0,00-0038128,00-0039152,Malik Willis,Will Levis,Matt LaFleur,Brian Callahan,Clay Martin,NAS00,Nissan Stadium,903.946739314635,1047.2502723442988,885.5079696726218,1065.689041986312,0.3437852063216981,0.6562147936783018,44.0,31.0,0.65,2.2113884594003403,True,True,2018,2023,2018,2023,6,
2024_03_HOU_MIN,2024,REG,3,2024-09-22,Sunday,13:00,HOU,7.0,MIN,34.0,Home,27.0,41.0,0.0,2024092202,59543.0,,202409220min,,401671646,6484.0,7,7,-135.0,114.0,-2.0,-112.0,-108.0,46.0,-108.0,-112.0,0,dome,sportturf,,,00-0039163,00-0034869,C.J. Stroud,Sam Darnold,DeMeco Ryans,Kevin O'Connell,Shawn Hochuli,MIN01,U.S. Bank Stadium,1041.4550590986382,1026.5939663103925,1069.666816640449,998.3822087685817,0.5656187528357888,0.4343812471642112,44.0,31.0,0.65,2.2113884594003403,True,True,2018,2023,2018,2023,6,
2024_03_LAC_PIT,2024,REG,3,2024-09-22,Sunday,13:00,LAC,10.0,PIT,20.0,Home,10.0,30.0,0.0,2024092204,59545.0,,202409220pit,,401671632,6486.0,7,7,124.0,-148.0,3.0,-118.0,-102.0,36.0,-115.0,-105.0,0,outdoors,grass,72.0,2.0,00-0036355,00-0036945,Justin Herbert,Justin Fields,Jim Harbaugh,Mike Tomlin,Alex Kemp,PIT00,Acrisure Stadium,1059.9921612234834,992.239278250941,1076.5028553815696,975.7285840928549,0.6384094352782882,0.3615905647217118,44.0,31.0,0.65,2.2113884594003403,True,True,2018,2023,2018,2023,6,
2024_03_NYG_CLE,2024,REG,3,2024-09-22,Sunday,13:00,NYG,21.0,CLE,15.0,Home,-6.0,36.0,0.0,2024092200,59541.0,,202409220cle,,401671855,6482.0,7,7,220.0,-270.0,6.5,-112.0,-108.0,38.0,-108.0,-112.0,0,outdoors,grass,76.0,4.0,00-0035710,00-0033537,Daniel Jones,Deshaun Watson,Brian Daboll,Kevin Stefanski,Craig Wrolstad,CLE00,FirstEnergy Stadium,989.8468560319336,914.5247879863125,963.4671403395187,940.9045036787275,0.6484057902164195,0.35159420978358047,44.0,31.0,0.65,2.2113884594003403,True,True,2018,2023,2018,2023,6,
2024_03_PHI_NO,2024,REG,3,2024-09-22,Sunday,13:00,PHI,15.0,NO,12.0,Home,-3.0,27.0,0.0,2024092203,59544.0,,202409220nor,,401671736,6485.0,6,7,120.0,-142.0,2.5,-105.0,-115.0,49.0,-110.0,-110.0,0,dome,sportturf,,,00-0036389,00-0031280,Jalen Hurts,Derek Carr,Nick Sirianni,Dennis Allen,Scott Novak,NOR00,Mercedes-Benz Superdome,1075.3227636607012,1013.6581415820576,1057.1732077422887,1031.80769750047,0.6302805221945796,0.36971947780542036,44.0,31.0,0.65,2.2113884594003403,True,True,2018,2023,2018,2023,6,
2024_03_CAR_LV,2024,REG,3,2024-09-22,Sunday,16:05,CAR,36.0,LV,22.0,Home,-14.0,58.0,0.0,2024092207,59548.0,,202409220rai,,401671658,6489.0,7,7,200.0,-245.0,5.5,-110.0,-110.0,40.0,-108.0,-112.0,0,dome,grass,,,00-0027973,00-0035289,Andy Dalton,Gardner Minshew,Dave Canales,Antonio Pierce,Bill Vinovich,VEG00,Allegiant Stadium,994.3023746899896,818.7110937717089,948.7152836174316,864.2981848442669,0.766604218362007,0.23339578163799302,44.0,31.0,0.65,2.2113884594003403,True,True,2018,2023,2018,2023,6,
2024_03_MIA_SEA,2024,REG,3,2024-09-22,Sunday,16:05,MIA,3.0,SEA,24.0,Home,21.0,27.0,0.0,2024092208,59549.0,,202409220sea,,401671662,6490.0,10,7,170.0,-205.0,4.0,-110.0,-110.0,41.5,-110.0,-110.0,0,outdoors,fieldturf,64.0,2.0,00-0037327,00-0030565,Skylar Thompson,Geno Smith,Mike McDaniel,Mike Macdonald,Land Clark,SEA00,Lumen Field,1015.7644244895204,1016.1181249027051,1043.4248832169044,988.4576661753209,0.5439895426240211,0.4560104573759789,44.0,31.0,0.65,2.2113884594003403,True,True,2018,2023,2018,2023,6,
2024_03_BAL_DAL,2024,REG,3,2024-09-22,Sunday,16:25,BAL,28.0,DAL,25.0,Home,-3.0,53.0,0.0,2024092210,59551.0,,202409220dal,,401671763,6492.0,7,7,-120.0,100.0,-1.5,-110.0,-110.0,47.5,-112.0,-108.0,0,closed,matrixturf,,,00-0034796,00-0033077,Lamar Jackson,Dak Prescott,John Harbaugh,Mike McCarthy,Ron Torbert,DAL00,AT&T Stadium,1048.845563157741,1078.9650425151265,1035.0135239855954,1092.797081687272,0.5012671683531388,0.4987328316468612,44.0,31.0,0.65,2.2113884594003403,True,True,2018,2023,2018,2023,6,
2024_03_DET_ARI,2024,REG,3,2024-09-22,Sunday,16:25,DET,20.0,ARI,13.0,Home,-7.0,33.0,0.0,2024092209,59550.0,,202409220crd,,401671771,6491.0,7,7,-148.0,124.0,-3.0,-102.0,-118.0,51.5,-112.0,-108.0,0,closed,grass,,,00-0033106,00-0035228,Jared Goff,Kyler Murray,Dan Campbell,Jonathan Gannon,Brad Rogers,PHO00,State Farm Stadium,954.6175797754764,1053.7194147885086,938.4350260624371,1069.901968501548,0.4032297558781328,0.5967702441218672,44.0,31.0,0.65,2.2113884594003403,True,True,2018,2023,2018,2023,6,
2024_03_SF_LA,2024,REG,3,2024-09-22,Sunday,16:25,SF,24.0,LA,27.0,Home,3.0,51.0,0.0,2024092211,59552.0,,202409220ram,,401671772,6493.0,7,7,-258.0,210.0,-6.0,-108.0,-112.0,44.5,-110.0,-110.0,1,dome,matrixturf,,,00-0037834,00-0026498,Brock Purdy,Matthew Stafford,Kyle Shanahan,Sean McVay,Clete Blakeman,LAX01,SoFi Stadium,972.1709345516284,1117.1717441662372,991.324592679315,1098.0180860385508,0.34158443091118545,0.6584155690888145,44.0,31.0,0.65,2.2113884594003403,True,True,2018,2023,2018,2023,6,
2024_03_KC_ATL,2024,REG,3,2024-09-22,Sunday,20:20,KC,22.0,ATL,17.0,Home,-5.0,39.0,0.0,2024092212,59553.0,,202409220atl,,401671793,6494.0,7,6,-170.0,142.0,-3.0,-118.0,-102.0,46.0,-108.0,-112.0,0,closed,fieldturf,,,00-0033873,00-0029604,Patrick Mahomes,Kirk Cousins,Andy Reid,Raheem Morris,Tra Blake,ATL97,Mercedes-Benz Stadium,927.6214038343248,1142.0830333450208,919.1296358934534,1150.5748012858924,0.258057363194642,0.741942636805358,44.0,31.0,0.65,2.2113884594003403,True,True,2018,2023,2018,2023,6,
2024_03_JAX_BUF,2024,REG,3,2024-09-23,Monday,19:30,JAX,10.0,BUF,47.0,Home,37.0,57.0,0.0,2024092300,59554.0,,202409230buf,,401671682,6495.0,8,11,180.0,-218.0,4.0,-108.0,-112.0,46.5,-110.0,-110.0,0,outdoors,a_turf,68.0,5.0,00-0036971,00-0034857,Trevor Lawrence,Josh Allen,Doug Pederson,Sean McDermott,Shawn Smith,BUF00,New Era Field,1149.0797502903506,956.6816092961402,1163.3070971426093,942.4542624438815,0.7834665066164589,0.2165334933835411,44.0,31.0,0.65,2.2113884594003403,True,True,2018,2023,2018,2023,6,
2024_03_WAS_CIN,2024,REG,3,2024-09-23,Monday,20:15,WAS,38.0,CIN,33.0,Home,-5.0,71.0,0.0,2024092301,59555.0,,202409230cin,,401671490,6496.0,8,8,280.0,-355.0,7.5,-115.0,-105.0,46.0,-112.0,-108.0,0,outdoors,fieldturf,69.0,5.0,00-0039910,00-0036442,Jayden Daniels,Joe Burrow,Dan Quinn,Zac Taylor,Brad Allen,CIN00,Paycor Stadium,1003.459272451754,889.9132474617063,976.8712398304966,916.5012800829637,0.6967932465535781,0.3032067534464219,44.0,31.0,0.65,2.2113884594003403,True,True,2018,2023,2018,2023,6,
2024_04_DAL_NYG,2024,REG,4,2024-09-26,Thursday,20:15,DAL,20.0,NYG,15.0,Home,-5.0,35.0,0.0,2024092600,59556.0,,202409260nyg,,401671812,6497.0,4,4,-250.0,205.0,-5.5,-115.0,-105.0,45.0,-112.0,-108.0,1,outdoors,fieldturf,74.0,3.0,00-0033077,00-0035710,Dak Prescott,Daniel Jones,Mike McCarthy,Brian Daboll,Clay Martin,NYC01,MetLife Stadium,940.9045036787275,1035.0135239855954,926.6896370248439,1049.228390639479,0.4101646602157135,0.5898353397842865,44.0,31.0,0.65,2.2113884594003403,True,True,2018,2023,2018,2023,6,
2024_04_CIN_CAR,2024,REG,4,2024-09-29,Sunday,13:00,CIN,34.0,CAR,24.0,Home,-10.0,58.0,0.0,2024092901,59558.0,,202409290car,,401671745,6499.0,6,7,-205.0,170.0,-4.5,-112.0,-108.0,47.0,-108.0,-112.0,0,outdoors,grass,78.0,6.0,00-0036442,00-0027973,Joe Burrow,Andy Dalton,Zac Taylor,Dave Canales,Adrian Hill,CAR00,Bank of America Stadium,864.2981848442669,976.8712398304966,846.5992111983,994.5702134764633,0.3847174910552716,0.6152825089447285,44.0,31.0,0.65,2.2113884594003403,True,True,2018,2023,2018,2023,6,
2024_04_DEN_NYJ,2024,REG,4,2024-09-29,Sunday,13:00,DEN,10.0,NYJ,9.0,Home,-1.0,19.0,0.0,2024092906,59563.0,,202409290nyj,,401671622,6504.0,7,10,330.0,-425.0,7.5,-108.0,-112.0,39.5,-112.0,-108.0,0,outdoors,fieldturf,67.0,8.0,00-0039732,00-0023459,Bo Nix,Aaron Rodgers,Sean Payton,Robert Saleh,Ron Torbert,NYC01,MetLife Stadium,988.1776049467088,985.9944384085401,980.5095583737852,993.6624849814636,0.547609738997045,0.452390261002955,44.0,31.0,0.65,2.2113884594003403,True,True,2018,2023,2018,2023,6,
2024_04_JAX_HOU,2024,REG,4,2024-09-29,Sunday,13:00,JAX,20.0,HOU,24.0,Home,4.0,44.0,0.0,2024092904,59561.0,,202409290htx,,401671857,6502.0,6,7,195.0,-238.0,5.5,-108.0,-112.0,44.5,-108.0,-112.0,1,closed,astroturf,,,00-0036971,00-0039163,Trevor Lawrence,C.J. Stroud,Doug Pederson,DeMeco Ryans,Tra Blake,HOU00,NRG Stadium,998.3822087685817,942.4542624438815,1010.009762235074,930.8267089773891,0.6225527367355539,0.3774472632644461,44.0,31.0,0.65,2.2113884594003403,True,True,2018,2023,2018,2023,6,
2024_04_LA_CHI,2024,REG,4,2024-09-29,Sunday,13:00,LA,18.0,CHI,24.0,Home,6.0,42.0,0.0,2024092902,59559.0,,202409290chi,,401671871,6500.0,7,7,136.0,-162.0,3.0,-112.0,-108.0,40.0,-105.0,-115.0,0,outdoors,grass,70.0,16.0,00-0026498,00-0039918,Matthew Stafford,Caleb Williams,Sean McVay,Matt Eberflus,Brad Rogers,CHI98,Soldier Field,954.275238015453,991.324592679315,974.0254662685082,971.5743644262598,0.49129515846108734,0.5087048415389126,44.0,31.0,0.65,2.2113884594003403,True,True,2018,2023,2018,2023,6,
2024_04_MIN_GB,2024,REG,4,2024-09-29,Sunday,13:00,MIN,31.0,GB,29.0,Home,-2.0,60.0,0.0,2024092903,59560.0,,202409290gnb,,401671643,6501.0,7,7,114.0,-135.0,2.5,-102.0,-118.0,44.0,-112.0,-108.0,1,outdoors,grass,71.0,15.0,00-0034869,00-0036264,Sam Darnold,Jordan Love,Kevin O'Connell,Matt LaFleur,Bill Vinovich,GNB00,Lambeau Field,1065.689041986312,1069.666816640449,1053.764683033888,1081.591175592873,0.5388098843555829,0.46119011564441714,44.0,31.0,0.65,2.2113884594003403,True,True,2018,2023,2018,2023,6,
2024_04_NO_ATL,2024,REG,4,2024-09-29,Sunday,13:00,NO,24.0,ATL,26.0,Home,2.0,50.0,0.0,2024092900,59557.0,,202409290atl,,401671727,6498.0,7,7,120.0,-142.0,2.5,-105.0,-115.0,41.5,-112.0,-108.0,1,closed,fieldturf,,,00-0031280,00-0029604,Derek Carr,Kirk Cousins,Dennis Allen,Raheem Morris,John Hussey,ATL97,Mercedes-Benz Stadium,919.1296358934534,1057.1732077422887,934.0498414382963,1042.2530021974458,0.3506479406130886,0.6493520593869113,44.0,31.0,0.65,2.2113884594003403,True,True,2018,2023,2018,2023,6,
2024_04_PHI_TB,2024,REG,4,2024-09-29,Sunday,13:00,PHI,16.0,TB,33.0,Home,17.0,49.0,0.0,2024092907,59564.0,,202409290tam,,401671740,6505.0,7,7,-115.0,-105.0,-1.0,-110.0,-110.0,42.0,-108.0,-112.0,0,outdoors,grass,88.0,9.0,00-0036389,00-0034855,Jalen Hurts,Baker Mayfield,Nick Sirianni,Todd Bowles,Carl Cheffers,TAM00,Raymond James Stadium,1010.4803485634156,1031.80769750047,1038.312513562901,1003.975532500985,0.5139164686028033,0.48608353139719673,44.0,31.0,0.65,2.2113884594003403,True,True,2018,2023,2018,2023,6,
2024_04_PIT_IND,2024,REG,4,2024-09-29,Sunday,13:00,PIT,24.0,IND,27.0,Home,3.0,51.0,0.0,2024092905,59562.0,,202409290clt,,401671867,6503.0,7,7,-130.0,110.0,-2.5,-108.0,-112.0,40.0,-110.0,-110.0,0,closed,fieldturf,,,00-0036945,00-0039164,Justin Fields,Anthony Richardson,Mike Tomlin,Shane Steichen,Land Clark,IND00,Lucas Oil Stadium,957.6837425735423,1076.5028553815696,975.6042536844808,1058.5823442706312,0.3762425794763844,0.6237574205236156,44.0,31.0,0.65,2.2113884594003403,True,True,2018,2023,2018,2023,6,
2024_04_NE_SF,2024,REG,4,2024-09-29,Sunday,16:05,NE,13.0,SF,30.0,Home,17.0,43.0,0.0,2024092909,59566.0,,202409290sfo,,401671758,6507.0,10,7,410.0,-550.0,10.5,-112.0,-108.0,41.5,-110.0,-110.0,0,outdoors,grass,71.0,5.0,00-0033119,00-0037834,Jacoby Brissett,Brock Purdy,Jerod Mayo,Kyle Shanahan,Scott Novak,SFO01,Levi's Stadium,1098.0180860385508,910.8131552072205,1109.614792425808,899.2164488199631,0.7783520390368054,0.2216479609631946,44.0,31.0,0.65,2.2113884594003403,True,True,2018,2023,2018,2023,6,
2024_04_WAS_ARI,2024,REG,4,2024-09-29,Sunday,16:05,WAS,42.0,ARI,14.0,Home,-28.0,56.0,0.0,2024092908,59565.0,,202409290crd,,401671755,6506.0,6,7,150.0,-180.0,3.5,-115.0,-105.0,49.0,-112.0,-108.0,0,closed,grass,,,00-0039910,00-0035228,Jayden Daniels,Kyler Murray,Dan Quinn,Jonathan Gannon,Craig Wrolstad,PHO00,State Farm Stadium,938.4350260624371,916.5012800829637,898.9200027362283,956.0163034091726,0.5755937872796014,0.4244062127203986,44.0,31.0,0.65,2.2113884594003403,True,True,2018,2023,2018,2023,6,
2024_04_CLE_LV,2024,REG,4,2024-09-29,Sunday,16:25,CLE,16.0,LV,20.0,Home,4.0,36.0,0.0,2024092911,59568.0,,202409290rai,,401671672,6509.0,7,7,-135.0,114.0,-2.5,-115.0,-105.0,36.5,-108.0,-112.0,0,dome,grass,,,00-0033537,00-0035289,Deshaun Watson,Gardner Minshew,Kevin Stefanski,Antonio Pierce,Brad Allen,VEG00,Allegiant Stadium,948.7152836174316,963.4671403395187,963.8666307145143,948.315793242436,0.5233659261396469,0.47663407386035306,44.0,31.0,0.65,2.2113884594003403,True,True,2018,2023,2018,2023,6,
2024_04_KC_LAC,2024,REG,4,2024-09-29,Sunday,16:25,KC,17.0,LAC,10.0,Home,-7.0,27.0,0.0,2024092910,59567.0,,202409290sdg,,401671674,6508.0,7,7,-345.0,275.0,-7.5,-108.0,-112.0,41.5,-108.0,-112.0,1,dome,matrixturf,,,00-0033873,00-0036355,Patrick Mahomes,Justin Herbert,Andy Reid,Jim Harbaugh,Shawn Smith,LAX01,SoFi Stadium,975.7285840928549,1150.5748012858924,963.9203460543617,1162.3830393243854,0.30405852105349274,0.6959414789465073,44.0,31.0,0.65,2.2113884594003403,True,True,2018,2023,2018,2023,6,
2024_04_BUF_BAL,2024,REG,4,2024-09-29,Sunday,20:20,BUF,10.0,BAL,35.0,Home,25.0,45.0,0.0,2024092912,59569.0,,202409290rav,,401671783,6510.0,6,7,114.0,-135.0,2.5,-108.0,-112.0,46.5,-110.0,-110.0,0,outdoors,grass,68.0,8.0,00-0034857,00-0034796,Josh Allen,Lamar Jackson,Sean McDermott,John Harbaugh,Alan Eck,BAL00,M&T Bank Stadium,1092.797081687272,1163.3070971426093,1129.540318857067,1126.5638599728145,0.44338435819178396,0.556615641808216,44.0,31.0,0.65,2.2113884594003403,True,True,2018,2023,2018,2023,6,
2024_04_TEN_MIA,2024,REG,4,2024-09-30,Monday,19:30,TEN,31.0,MIA,12.0,Home,-19.0,43.0,0.0,2024093000,59570.0,,202409300mia,,401671683,6511.0,8,8,114.0,-135.0,2.5,-108.0,-112.0,37.0,-110.0,-110.0,0,outdoors,grass,86.0,9.0,00-0039152,00-0035993,Will Levis,Tyler Huntley,Brian Callahan,Mike McDaniel,Clete Blakeman,MIA00,Hard Rock Stadium,988.4576661753209,885.5079696726218,945.059426266105,928.9062095818376,0.6837537024343523,0.3162462975656477,44.0,31.0,0.65,2.2113884594003403,True,True,2018,2023,2018,2023,6,
2024_04_SEA_DET,2024,REG,4,2024-09-30,Monday,20:15,SEA,29.0,DET,42.0,Home,13.0,71.0,0.0,2024093001,59571.0,,202409300det,,401671491,6512.0,8,8,154.0,-185.0,3.5,-108.0,-112.0,46.5,-108.0,-112.0,0,dome,fieldturf,,,00-0030565,00-0033106,Geno Smith,Jared Goff,Mike Macdonald,Dan Campbell,Alex Kemp,DET00,Ford Field,1069.901968501548,1043.4248832169044,1091.2935796509935,1022.033272067459,0.5819697566426981,0.4180302433573019,44.0,31.0,0.65,2.2113884594003403,True,True,2018,2023,2018,2023,6,
2024_05_TB_ATL,2024,REG,5,2024-10-03,Thursday,20:15,TB,30.0,ATL,36.0,Home,6.0,66.0,1.0,2024100300,59572.0,,202410030atl,,401671815,6513.0,4,4,120.0,-142.0,2.5,-102.0,-118.0,44.0,-110.0,-110.0,1,closed,fieldturf,,,00-0034855,00-0029604,Baker Mayfield,Kirk Cousins,Todd Bowles,Raheem Morris,Ron Torbert,ATL97,Mercedes-Benz Stadium,934.0498414382963,1038.312513562901,948.2240050080637,1024.1383499931335,0.39610193156078594,0.6038980684392141,44.0,31.0,0.65,2.2113884594003403,True,True,2018,2023,2018,2023,6,
2024_05_NYJ_MIN,2024,REG,5,2024-10-06,Sunday,09:30,NYJ,17.0,MIN,23.0,Neutral,6.0,40.0,0.0,2024100600,59573.0,,202410060min,,401671804,6514.0,7,7,120.0,-142.0,2.5,-105.0,-115.0,42.0,-112.0,-108.0,0,outdoors,grass,59.0,8.0,00-0023459,00-0034869,Aaron Rodgers,Sam Darnold,Robert Saleh,Kevin O'Connell,Scott Novak,LON02,Tottenham Stadium,1081.591175592873,980.5095583737852,1093.227146700479,968.8735872661792,0.6814238363242666,0.3185761636757334,44.0,31.0,0.65,2.2113884594003403,True,True,2018,2023,2018,2023,6,
2024_05_BAL_CIN,2024,REG,5,2024-10-06,Sunday,13:00,BAL,41.0,CIN,38.0,Home,-3.0,79.0,1.0,2024100602,59575.0,,202410060cin,,401671626,6516.0,7,7,-148.0,124.0,-2.5,-118.0,-102.0,48.5,-112.0,-108.0,1,outdoors,fieldturf,81.0,10.0,00-0034796,00-0036442,Lamar Jackson,Joe Burrow,John Harbaugh,Zac Taylor,Bill Vinovich,CIN00,Paycor Stadium,994.5702134764633,1129.540318857067,991.8129299441838,1132.2976023893466,0.35468693661611794,0.6453130633838821,44.0,31.0,0.65,2.2113884594003403,True,True,2018,2023,2018,2023,6,
2024_05_BUF_HOU,2024,REG,5,2024-10-06,Sunday,13:00,BUF,20.0,HOU,23.0,Home,3.0,43.0,0.0,2024100603,59576.0,,202410060htx,,401671859,6517.0,7,7,-102.0,-118.0,1.0,-108.0,-112.0,48.0,-110.0,-110.0,0,closed,astroturf,,,00-0034857,00-0039163,Josh Allen,C.J. Stroud,Sean McDermott,DeMeco Ryans,Clay Martin,HOU00,NRG Stadium,1010.009762235074,1126.5638599728145,1027.8231188215123,1108.7505033863763,0.3793074042280978,0.6206925957719023,44.0,31.0,0.65,2.2113884594003403,True,True,2018,2023,2018,2023,6,
2024_05_CAR_CHI,2024,REG,5,2024-10-06,Sunday,13:00,CAR,10.0,CHI,36.0,Home,26.0,46.0,0.0,2024100601,59574.0,,202410060chi,,401671872,6515.0,7,7,164.0,-198.0,4.0,-108.0,-112.0,40.0,-108.0,-112.0,0,outdoors,grass,74.0,7.0,00-0027973,00-0039918,Andy Dalton,Caleb Williams,Dave Canales,Matt Eberflus,Tra Blake,CHI98,Soldier Field,974.0254662685082,846.5992111983,991.5571525619914,829.0675249048169,0.7134041046541725,0.2865958953458275,44.0,31.0,0.65,2.2113884594003403,True,True,2018,2023,2018,2023,6,
2024_05_CLE_WAS,2024,REG,5,2024-10-06,Sunday,13:00,CLE,13.0,WAS,34.0,Home,21.0,47.0,0.0,2024100606,59579.0,,202410060was,,401671718,6520.0,7,7,130.0,-155.0,3.0,-112.0,-108.0,44.0,-112.0,-108.0,0,outdoors,grass,73.0,5.0,00-0033537,00-0039910,Deshaun Watson,Jayden Daniels,Kevin Stefanski,Dan Quinn,Alan Eck,WAS00,FedExField,956.0163034091726,948.315793242436,982.8836608015964,921.4484358500122,0.5554653051285758,0.44453469487142416,44.0,31.0,0.65,2.2113884594003403,True,True,2018,2023,2018,2023,6,
2024_05_IND_JAX,2024,REG,5,2024-10-06,Sunday,13:00,IND,34.0,JAX,37.0,Home,3.0,71.0,0.0,2024100604,59577.0,,202410060jax,,401671633,6518.0,7,7,154.0,-185.0,3.5,-110.0,-110.0,45.0,-110.0,-110.0,1,outdoors,grass,74.0,4.0,00-0026158,00-0036971,Joe Flacco,Trevor Lawrence,Shane Steichen,Doug Pederson,Carl Cheffers,JAX00,TIAA Bank Stadium,930.8267089773891,975.6042536844808,945.2552354842488,961.1757271776211,0.4801829058139233,0.5198170941860767,44.0,31.0,0.65,2.2113884594003403,True,True,2018,2023,2018,2023,6,
2024_05_MIA_NE,2024,REG,5,2024-10-06,Sunday,13:00,MIA,15.0,NE,10.0,Home,-5.0,25.0,0.0,2024100605,59578.0,,202410060nwe,,401671700,6519.0,6,7,-130.0,110.0,-2.0,-112.0,-108.0,37.0,-108.0,-112.0,1,outdoors,fieldturf,65.0,2.0,00-0035993,00-0033119,Tyler Huntley,Jacoby Brissett,Mike McDaniel,Jerod Mayo,Adrian Hill,BOS00,Gillette Stadium,899.2164488199631,945.059426266105,882.2665478121148,962.0093272739533,0.47865222427137627,0.5213477757286238,44.0,31.0,0.65,2.2113884594003403,True,True,2018,2023,2018,2023,6,
2024_05_ARI_SF,2024,REG,5,2024-10-06,Sunday,16:05,ARI,24.0,SF,23.0,Home,-1.0,47.0,0.0,2024100608,59581.0,,202410060sfo,,401671756,6522.0,7,7,260.0,-325.0,7.0,-105.0,-115.0,48.5,-108.0,-112.0,1,outdoors,grass,89.0,3.0,00-0035228,00-0037834,Kyler Murray,Brock Purdy,Jonathan Gannon,Kyle Shanahan,Land Clark,SFO01,Levi's Stadium,1109.614792425808,898.9200027362283,1097.2074173384626,911.3273778235738,0.8008008241767693,0.19919917582323066,44.0,31.0,0.65,2.2113884594003403,True,True,2018,2023,2018,2023,6,
2024_05_LV_DEN,2024,REG,5,2024-10-06,Sunday,16:05,LV,18.0,DEN,34.0,Home,16.0,52.0,0.0,2024100607,59580.0,,202410060den,,401671747,6521.0,7,7,130.0,-155.0,3.0,-112.0,-108.0,36.0,-108.0,-112.0,1,outdoors,grass,73.0,7.0,00-0035289,00-0039732,Gardner Minshew,Bo Nix,Antonio Pierce,Sean Payton,Craig Wrolstad,DEN00,Empower Field at Mile High,993.6624849814636,963.8666307145143,1016.3396172650288,941.1894984309491,0.586610078301802,0.413389921698198,44.0,31.0,0.65,2.2113884594003403,True,True,2018,2023,2018,2023,6,
2024_05_GB_LA,2024,REG,5,2024-10-06,Sunday,16:25,GB,24.0,LA,19.0,Home,-5.0,43.0,0.0,2024100609,59582.0,,202410060ram,,401671679,6523.0,7,7,-155.0,130.0,-3.0,-112.0,-108.0,49.5,-112.0,-108.0,0,dome,matrixturf,,,00-0036264,00-0026498,Jordan Love,Matthew Stafford,Matt LaFleur,Sean McVay,Brad Allen,LAX01,SoFi Stadium,971.5743644262598,1053.764683033888,956.702583934315,1068.6364635258328,0.4268596973734125,0.5731403026265875,44.0,31.0,0.65,2.2113884594003403,True,True,2018,2023,2018,2023,6,
2024_05_NYG_SEA,2024,REG,5,2024-10-06,Sunday,16:25,NYG,29.0,SEA,20.0,Home,-9.0,49.0,0.0,2024100610,59583.0,,202410060sea,,401671680,6524.0,10,6,250.0,-310.0,7.0,-112.0,-108.0,42.5,-110.0,-110.0,0,outdoors,fieldturf,61.0,3.0,00-0035710,00-0030565,Daniel Jones,Geno Smith,Brian Daboll,Mike Macdonald,Shawn Smith,SEA00,Lumen Field,1022.033272067459,926.6896370248439,989.2626304439007,959.4602786484023,0.6742108332550162,0.3257891667449838,44.0,31.0,0.65,2.2113884594003403,True,True,2018,2023,2018,2023,6,
2024_05_DAL_PIT,2024,REG,5,2024-10-06,Sunday,20:20,DAL,20.0,PIT,17.0,Home,-3.0,37.0,0.0,2024100611,59584.0,,202410060pit,,401671784,6525.0,10,7,114.0,-135.0,2.5,-108.0,-112.0,43.5,-108.0,-112.0,0,outdoors,grass,67.0,6.0,00-0033077,00-0036945,Dak Prescott,Justin Fields,Mike McCarthy,Mike Tomlin,Shawn Hochuli,PIT00,Acrisure Stadium,1058.5823442706312,1049.228390639479,1042.9085980358184,1064.9021368742917,0.5578142626275755,0.4421857373724245,44.0,31.0,0.65,2.2113884594003403,True,True,2018,2023,2018,2023,6,
2024_05_NO_KC,2024,REG,5,2024-10-07,Monday,20:15,NO,13.0,KC,26.0,Home,13.0,39.0,0.0,2024100700,59585.0,,202410070kan,,401671687,6526.0,8,8,190.0,-230.0,5.5,-112.0,-108.0,43.0,-110.0,-110.0,0,outdoors,grass,70.0,1.0,00-0031280,00-0033873,Derek Carr,Patrick Mahomes,Dennis Allen,Andy Reid,Brad Rogers,KAN00,GEHA Field at Arrowhead Stadium,1162.3830393243854,1042.2530021974458,1176.890338078739,1027.7457034430922,0.7047403766527339,0.2952596233472661,44.0,31.0,0.65,2.2113884594003403,True,True,2018,2023,2018,2023,6,
2024_06_SF_SEA,2024,REG,6,2024-10-10,Thursday,20:15,SF,36.0,SEA,24.0,Home,-12.0,60.0,0.0,2024101000,59586.0,,202410100sea,,401671819,6527.0,4,4,-198.0,164.0,-3.5,-118.0,-102.0,49.0,-110.0,-110.0,1,outdoors,fieldturf,59.0,10.0,00-0037834,00-0030565,Brock Purdy,Geno Smith,Kyle Shanahan,Mike Macdonald,Craig Wrolstad,SEA00,Lumen Field,989.2626304439007,1097.2074173384626,969.9802246933402,1116.489823089023,0.3910430788402517,0.6089569211597483,44.0,31.0,0.65,2.2113884594003403,True,True,2018,2023,2018,2023,6,
2024_06_JAX_CHI,2024,REG,6,2024-10-13,Sunday,09:30,JAX,16.0,CHI,35.0,Neutral,19.0,51.0,0.0,2024101300,59587.0,,202410130chi,,401671802,6528.0,7,7,-120.0,100.0,-1.5,-108.0,-112.0,44.5,-108.0,-112.0,0,outdoors,grass,54.0,3.0,00-0036971,00-0039918,Trevor Lawrence,Caleb Williams,Doug Pederson,Matt Eberflus,Brad Allen,LON02,Tottenham Stadium,991.5571525619914,945.2552354842488,1014.0463210306153,922.7660670156249,0.6094463572685284,0.39055364273147164,44.0,31.0,0.65,2.2113884594003403,True,True,2018,2023,2018,2023,6,
2024_06_ARI_GB,2024,REG,6,2024-10-13,Sunday,13:00,ARI,13.0,GB,34.0,Home,21.0,47.0,0.0,2024101302,59589.0,,202410130gnb,,401671722,6530.0,7,7,195.0,-238.0,5.5,-110.0,-110.0,47.0,-110.0,-110.0,0,outdoors,grass,50.0,4.0,00-0035228,00-0036264,Kyler Murray,Jordan Love,Jonathan Gannon,Matt LaFleur,Alex Kemp,GNB00,Lambeau Field,1068.6364635258328,911.3273778235738,1082.955620499947,897.0082208494597,0.7472491105787491,0.2527508894212509,44.0,31.0,0.65,2.2113884594003403,True,True,2018,2023,2018,2023,6,
2024_06_CLE_PHI,2024,REG,6,2024-10-13,Sunday,13:00,CLE,16.0,PHI,20.0,Home,4.0,36.0,0.0,2024101305,59592.0,,202410130phi,,401671714,6533.0,7,14,330.0,-425.0,8.0,-108.0,-112.0,42.0,-110.0,-110.0,0,outdoors,grass,82.0,10.0,00-0033537,00-0036389,Deshaun Watson,Jalen Hurts,Kevin Stefanski,Nick Sirianni,Shawn Hochuli,PHI00,Lincoln Financial Field,1003.975532500985,921.4484358500122,1014.3960049578459,911.0279633931513,0.6578020098404201,0.34219799015957986,44.0,31.0,0.65,2.2113884594003403,True,True,2018,2023,2018,2023,6,
2024_06_HOU_NE,2024,REG,6,2024-10-13,Sunday,13:00,HOU,41.0,NE,21.0,Home,-20.0,62.0,0.0,2024101303,59590.0,,202410130nwe,,401671619,6531.0,7,7,-265.0,215.0,-6.5,-108.0,-112.0,38.5,-112.0,-108.0,0,outdoors,fieldturf,53.0,5.0,00-0039163,00-0039851,C.J. Stroud,Drake Maye,DeMeco Ryans,Jerod Mayo,Ron Torbert,BOS00,Gillette Stadium,882.2665478121148,1027.8231188215123,862.6399754091605,1047.4496912244665,0.3408652770524172,0.6591347229475828,44.0,31.0,0.65,2.2113884594003403,True,True,2018,2023,2018,2023,6,
2024_06_IND_TEN,2024,REG,6,2024-10-13,Sunday,13:00,IND,20.0,TEN,17.0,Home,-3.0,37.0,0.0,2024101306,59593.0,,202410130oti,,401671820,6534.0,7,13,114.0,-135.0,2.5,-110.0,-110.0,42.0,-112.0,-108.0,1,outdoors,grass,80.0,12.0,00-0026158,00-0039152,Joe Flacco,Will Levis,Shane Steichen,Brian Callahan,Brad Rogers,NAS00,Nissan Stadium,928.9062095818376,961.1757271776211,915.172977365025,974.9089593944337,0.4981730254488301,0.5018269745511699,44.0,31.0,0.65,2.2113884594003403,True,True,2018,2023,2018,2023,6,
2024_06_TB_NO,2024,REG,6,2024-10-13,Sunday,13:00,TB,51.0,NO,27.0,Home,-24.0,78.0,0.0,2024101304,59591.0,,202410130nor,,401671735,6532.0,10,6,-175.0,145.0,-3.5,-108.0,-112.0,42.5,-110.0,-110.0,1,dome,sportturf,,,00-0034855,00-0039376,Baker Mayfield,Spencer Rattler,Todd Bowles,Dennis Allen,Clete Blakeman,NOR00,Mercedes-Benz Superdome,1027.7457034430922,1024.1383499931335,991.9808744086796,1059.903179027546,0.5496399219955012,0.45036007800449884,44.0,31.0,0.65,2.2113884594003403,True,True,2018,2023,2018,2023,6,
2024_06_WAS_BAL,2024,REG,6,2024-10-13,Sunday,13:00,WAS,23.0,BAL,30.0,Home,7.0,53.0,0.0,2024101301,59588.0,,202410130rav,,401671625,6529.0,7,7,230.0,-285.0,6.5,-108.0,-112.0,51.5,-110.0,-110.0,0,outdoors,grass,75.0,8.0,00-0039910,00-0034796,Jayden Daniels,Lamar Jackson,Dan Quinn,John Harbaugh,Land Clark,BAL00,M&T Bank Stadium,1132.2976023893466,982.8836608015964,1142.294402211267,972.8868609796762,0.7385693837143175,0.26143061628568254,44.0,31.0,0.65,2.2113884594003403,True,True,2018,2023,2018,2023,6,
2024_06_LAC_DEN,2024,REG,6,2024-10-13,Sunday,16:05,LAC,23.0,DEN,16.0,Home,-7.0,39.0,0.0,2024101307,59594.0,,202410130den,,401671655,6535.0,14,7,-155.0,130.0,-3.0,-105.0,-115.0,37.0,-108.0,-112.0,1,outdoors,grass,65.0,7.0,00-0036355,00-0039732,Justin Herbert,Bo Nix,Jim Harbaugh,Sean Payton,Tra Blake,DEN00,Empower Field at Mile High,1016.3396172650288,963.9203460543617,989.771141215074,990.4888221043166,0.6177950832466095,0.3822049167533905,44.0,31.0,0.65,2.2113884594003403,True,True,2018,2023,2018,2023,6,
2024_06_PIT_LV,2024,REG,6,2024-10-13,Sunday,16:05,PIT,32.0,LV,13.0,Home,-19.0,45.0,0.0,2024101308,59595.0,,202410130rai,,401671657,6536.0,7,7,-180.0,150.0,-3.5,-110.0,-110.0,36.5,-108.0,-112.0,0,dome,grass,,,00-0036945,00-0038579,Justin Fields,Aidan O'Connell,Mike Tomlin,Antonio Pierce,Alan Eck,VEG00,Allegiant Stadium,941.1894984309491,1042.9085980358184,918.1121523412362,1065.9859441255312,0.39960964280944655,0.6003903571905534,44.0,31.0,0.65,2.2113884594003403,True,True,2018,2023,2018,2023,6,
2024_06_ATL_CAR,2024,REG,6,2024-10-13,Sunday,16:25,ATL,38.0,CAR,20.0,Home,-18.0,58.0,0.0,2024101309,59596.0,,202410130car,,401671769,6537.0,10,7,-258.0,210.0,-6.0,-112.0,-108.0,45.5,-110.0,-110.0,1,outdoors,grass,79.0,9.0,00-0029604,00-0027973,Kirk Cousins,Andy Dalton,Raheem Morris,Dave Canales,Clay Martin,CAR00,Bank of America Stadium,829.0675249048169,948.2240050080637,807.9000614649764,969.3914684479042,0.3757869226910006,0.6242130773089993,44.0,31.0,0.65,2.2113884594003403,True,True,2018,2023,2018,2023,6,
2024_06_DET_DAL,2024,REG,6,2024-10-13,Sunday,16:25,DET,47.0,DAL,9.0,Home,-38.0,56.0,0.0,2024101310,59597.0,,202410130dal,,401671764,6538.0,13,7,-180.0,150.0,-3.5,-105.0,-115.0,52.5,-110.0,-110.0,0,closed,matrixturf,,,00-0033106,00-0033077,Jared Goff,Dak Prescott,Dan Campbell,Mike McCarthy,John Hussey,DAL00,AT&T Stadium,1064.9021368742917,1091.2935796509935,1027.894244639144,1128.3014718861411,0.5066318580297735,0.4933681419702265,44.0,31.0,0.65,2.2113884594003403,True,True,2018,2023,2018,2023,6,
2024_06_CIN_NYG,2024,REG,6,2024-10-13,Sunday,20:20,CIN,17.0,NYG,7.0,Home,-10.0,24.0,0.0,2024101311,59598.0,,202410130nyg,,401671791,6539.0,7,7,-230.0,190.0,-4.5,-112.0,-108.0,46.0,-102.0,-118.0,0,outdoors,fieldturf,63.0,2.0,00-0036442,00-0035710,Joe Burrow,Daniel Jones,Zac Taylor,Brian Daboll,Carl Cheffers,NYC01,MetLife Stadium,959.4602786484023,991.8129299441838,935.7122913572507,1015.5609172353354,0.4980533881415919,0.5019466118584082,44.0,31.0,0.65,2.2113884594003403,True,True,2018,2023,2018,2023,6,
2024_06_BUF_NYJ,2024,REG,6,2024-10-14,Monday,20:15,BUF,23.0,NYJ,20.0,Home,-3.0,43.0,0.0,2024101400,59599.0,,202410140nyj,,401671684,6540.0,8,8,-122.0,102.0,-1.0,-112.0,-108.0,42.0,-110.0,-110.0,1,outdoors,fieldturf,49.0,14.0,00-0034857,00-0023459,Josh Allen,Aaron Rodgers,Sean McDermott,Robert Saleh,Adrian Hill,NYC01,MetLife Stadium,968.8735872661792,1108.7505033863763,959.720774669428,1117.9033159831274,0.34824875848266157,0.6517512415173384,44.0,31.0,0.65,2.2113884594003403,True,True,2018,2023,2018,2023,6,
2024_07_DEN_NO,2024,REG,7,2024-10-17,Thursday,20:15,DEN,33.0,NO,10.0,Home,-23.0,43.0,0.0,2024101700,59600.0,,202410170nor,,401671816,6541.0,4,4,-148.0,124.0,-2.5,-118.0,-102.0,37.0,-110.0,-110.0,0,dome,sportturf,,,00-0039732,00-0039376,Bo Nix,Spencer Rattler,Sean Payton,Dennis Allen,Land Clark,NOR00,Mercedes-Benz Superdome,991.9808744086796,989.771141215074,956.8203049915179,1024.9317106322358,0.5476476245672208,0.4523523754327792,44.0,31.0,0.65,2.2113884594003403,True,True,2018,2023,2018,2023,6,
2024_07_NE_JAX,2024,REG,7,2024-10-20,Sunday,09:30,NE,16.0,JAX,32.0,Neutral,16.0,48.0,0.0,2024102000,59601.0,,202410200jax,,401671801,6542.0,7,7,240.0,-298.0,6.5,-105.0,-115.0,42.0,-108.0,-112.0,0,outdoors,grass,63.0,12.0,00-0039851,00-0036971,Drake Maye,Trevor Lawrence,Jerod Mayo,Doug Pederson,Brad Rogers,LON00,Wembley Stadium,922.7660670156249,862.6399754091605,942.8909437660999,842.5150986586855,0.6282143497490399,0.3717856502509601,44.0,31.0,0.65,2.2113884594003403,True,True,2018,2023,2018,2023,6,
2024_07_CIN_CLE,2024,REG,7,2024-10-20,Sunday,13:00,CIN,21.0,CLE,14.0,Home,-7.0,35.0,0.0,2024102003,59604.0,,202410200cle,,401671853,6545.0,7,7,-230.0,190.0,-5.5,-110.0,-110.0,42.0,-112.0,-108.0,1,outdoors,grass,62.0,8.0,00-0036442,00-0033537,Joe Burrow,Deshaun Watson,Zac Taylor,Kevin Stefanski,Ron Torbert,CLE00,FirstEnergy Stadium,911.0279633931513,1015.5609172353354,895.184338242326,1031.4045423861605,0.39572982041212684,0.6042701795878731,44.0,31.0,0.65,2.2113884594003403,True,True,2018,2023,2018,2023,6,
2024_07_DET_MIN,2024,REG,7,2024-10-20,Sunday,13:00,DET,31.0,MIN,29.0,Home,-2.0,60.0,0.0,2024102006,59607.0,,202410200min,,401671724,6548.0,7,14,-102.0,-118.0,1.0,-108.0,-112.0,50.5,-112.0,-108.0,1,dome,sportturf,,,00-0033106,00-0034869,Jared Goff,Sam Darnold,Dan Campbell,Kevin O'Connell,Clay Martin,MIN01,U.S. Bank Stadium,1093.227146700479,1128.3014718861411,1082.4457314807046,1139.0828871059155,0.49413684348989984,0.5058631565101002,44.0,31.0,0.65,2.2113884594003403,True,True,2018,2023,2018,2023,6,
2024_07_HOU_GB,2024,REG,7,2024-10-20,Sunday,13:00,HOU,22.0,GB,24.0,Home,2.0,46.0,0.0,2024102004,59605.0,,202410200gnb,,401671644,6546.0,7,7,142.0,-170.0,3.0,100.0,-120.0,48.0,-108.0,-112.0,0,outdoors,grass,72.0,3.0,00-0039163,00-0036264,C.J. Stroud,Jordan Love,DeMeco Ryans,Matt LaFleur,Scott Novak,GNB00,Lambeau Field,1082.955620499947,1047.4496912244665,1091.558167309578,1038.8471444148354,0.5945576290222664,0.4054423709777336,44.0,31.0,0.65,2.2113884594003403,True,True,2018,2023,2018,2023,6,
2024_07_MIA_IND,2024,REG,7,2024-10-20,Sunday,13:00,MIA,10.0,IND,16.0,Home,6.0,26.0,0.0,2024102005,59606.0,,202410200clt,,401671864,6547.0,14,7,130.0,-155.0,3.0,-120.0,100.0,44.0,-108.0,-112.0,0,closed,fieldturf,,,00-0034177,00-0039164,Tim Boyle,Anthony Richardson,Mike McDaniel,Shane Steichen,Craig Wrolstad,IND00,Lucas Oil Stadium,974.9089593944337,962.0093272739533,991.5035878975078,945.4146987708792,0.5628425739785364,0.43715742602146357,44.0,31.0,0.65,2.2113884594003403,True,True,2018,2023,2018,2023,6,
2024_07_PHI_NYG,2024,REG,7,2024-10-20,Sunday,13:00,PHI,28.0,NYG,3.0,Home,-25.0,31.0,0.0,2024102007,59608.0,,202410200nyg,,401671710,6549.0,7,7,-166.0,140.0,-3.0,-120.0,100.0,42.0,-110.0,-110.0,1,outdoors,fieldturf,71.0,4.0,00-0036389,00-0035710,Jalen Hurts,Daniel Jones,Nick Sirianni,Brian Daboll,Tra Blake,NYC01,MetLife Stadium,935.7122913572507,1014.3960049578459,908.3137782573685,1041.794518057728,0.43180525808948833,0.5681947419105117,44.0,31.0,0.65,2.2113884594003403,True,True,2018,2023,2018,2023,6,
2024_07_SEA_ATL,2024,REG,7,2024-10-20,Sunday,13:00,SEA,34.0,ATL,14.0,Home,-20.0,48.0,0.0,2024102001,59602.0,,202410200atl,,401671730,6543.0,10,7,136.0,-162.0,3.0,-115.0,-105.0,51.5,-110.0,-110.0,0,closed,fieldturf,,,00-0030565,00-0029604,Geno Smith,Kirk Cousins,Mike Macdonald,Raheem Morris,Bill Vinovich,ATL97,Mercedes-Benz Stadium,969.3914684479042,969.9802246933402,935.9969981712205,1003.3746949700239,0.5436538684981755,0.45634613150182446,44.0,31.0,0.65,2.2113884594003403,True,True,2018,2023,2018,2023,6,
2024_07_TEN_BUF,2024,REG,7,2024-10-20,Sunday,13:00,TEN,10.0,BUF,34.0,Home,24.0,44.0,0.0,2024102002,59603.0,,202410200buf,,401671616,6544.0,7,6,400.0,-535.0,9.5,-110.0,-110.0,41.0,-108.0,-112.0,0,outdoors,a_turf,66.0,12.0,00-0034771,00-0034857,Mason Rudolph,Josh Allen,Brian Callahan,Sean McDermott,John Hussey,BUF00,New Era Field,1117.9033159831274,915.172977365025,1129.8652386584704,903.211054689682,0.7933863999008173,0.20661360009918273,44.0,31.0,0.65,2.2113884594003403,True,True,2018,2023,2018,2023,6,
2024_07_CAR_WAS,2024,REG,7,2024-10-20,Sunday,16:05,CAR,7.0,WAS,40.0,Home,33.0,47.0,0.0,2024102009,59610.0,,202410200was,,401671640,6551.0,7,7,400.0,-535.0,10.0,100.0,-120.0,51.0,-110.0,-110.0,0,outdoors,grass,76.0,2.0,00-0027973,00-0039910,Andy Dalton,Jayden Daniels,Dave Canales,Dan Quinn,Carl Cheffers,WAS00,FedExField,972.8868609796762,807.9000614649764,988.6383953176124,792.1485271270401,0.7555048460287451,0.24449515397125487,44.0,31.0,0.65,2.2113884594003403,True,True,2018,2023,2018,2023,6,
2024_07_LV_LA,2024,REG,7,2024-10-20,Sunday,16:05,LV,15.0,LA,20.0,Home,5.0,35.0,0.0,2024102008,59609.0,,202410200ram,,401671663,6550.0,7,14,280.0,-355.0,7.0,-105.0,-115.0,43.0,-105.0,-115.0,0,dome,matrixturf,,,00-0038579,00-0026498,Aidan O'Connell,Matthew Stafford,Antonio Pierce,Sean McVay,Shawn Hochuli,LAX01,SoFi Stadium,956.702583934315,918.1121523412362,970.5660044813179,904.2487317942333,0.5988305410352766,0.40116945896472345,44.0,31.0,0.65,2.2113884594003403,True,True,2018,2023,2018,2023,6,
2024_07_KC_SF,2024,REG,7,2024-10-20,Sunday,16:25,KC,28.0,SF,18.0,Home,-10.0,46.0,0.0,2024102010,59611.0,,202410200sfo,,401671777,6552.0,13,10,120.0,-142.0,2.5,-105.0,-115.0,47.5,-110.0,-110.0,0,outdoors,grass,78.0,3.0,00-0033873,00-0037834,Patrick Mahomes,Brock Purdy,Andy Reid,Kyle Shanahan,Alan Eck,SFO01,Levi's Stadium,1116.489823089023,1176.890338078739,1094.9362786760246,1198.4438824917374,0.45778996220605095,0.542210037793949,44.0,31.0,0.65,2.2113884594003403,True,True,2018,2023,2018,2023,6,
2024_07_NYJ_PIT,2024,REG,7,2024-10-20,Sunday,20:20,NYJ,15.0,PIT,37.0,Home,22.0,52.0,0.0,2024102011,59612.0,,202410200pit,,401671785,6553.0,6,7,-166.0,140.0,-3.0,-108.0,-112.0,40.0,-110.0,-110.0,0,outdoors,grass,60.0,4.0,00-0023459,00-0029263,Aaron Rodgers,Russell Wilson,Robert Saleh,Mike Tomlin,Shawn Smith,PIT00,Acrisure Stadium,1065.9859441255312,959.720774669428,1084.315388680895,941.3913301140641,0.6878660780900355,0.3121339219099645,44.0,31.0,0.65,2.2113884594003403,True,True,2018,2023,2018,2023,6,
2024_07_BAL_TB,2024,REG,7,2024-10-21,Monday,20:15,BAL,41.0,TB,31.0,Home,-10.0,72.0,0.0,2024102100,59613.0,,202410210tam,,401671695,6554.0,8,8,-225.0,185.0,-4.5,-110.0,-110.0,51.0,-110.0,-110.0,0,outdoors,grass,80.0,8.0,00-0034796,00-0034855,Lamar Jackson,Baker Mayfield,John Harbaugh,Todd Bowles,Alex Kemp,TAM00,Raymond James Stadium,1059.903179027546,1142.294402211267,1040.0153775496992,1162.1822036891137,0.4265767831091205,0.5734232168908795,44.0,31.0,0.65,2.2113884594003403,True,True,2018,2023,2018,2023,6,
2024_07_LAC_ARI,2024,REG,7,2024-10-21,Monday,21:00,LAC,15.0,ARI,17.0,Home,2.0,32.0,0.0,2024102101,59614.0,,202410210crd,,401671699,6555.0,8,8,-122.0,102.0,-1.0,-115.0,-105.0,44.0,-108.0,-112.0,0,closed,grass,,,00-0036355,00-0035228,Justin Herbert,Kyler Murray,Jim Harbaugh,Jonathan Gannon,Clete Blakeman,PHO00,State Farm Stadium,897.0082208494597,990.4888221043166,910.258664515483,977.2383784382932,0.41104011708309,0.58895988291691,44.0,31.0,0.65,2.2113884594003403,True,True,2018,2023,2018,2023,6,
2024_08_MIN_LA,2024,REG,8,2024-10-24,Thursday,20:15,MIN,20.0,LA,30.0,Home,10.0,50.0,0.0,2024102400,59615.0,,202410240ram,,401671817,6556.0,4,4,-155.0,130.0,-3.0,-105.0,-115.0,47.5,-110.0,-110.0,0,dome,matrixturf,,,00-0034869,00-0026498,Sam Darnold,Matthew Stafford,Kevin O'Connell,Sean McVay,Tra Blake,LAX01,SoFi Stadium,970.5660044813179,1082.4457314807046,1000.9952956256167,1052.0164403364058,0.3856626616905334,0.6143373383094666,44.0,31.0,0.65,2.2113884594003403,True,True,2018,2023,2018,2023,6,
2024_08_ARI_MIA,2024,REG,8,2024-10-27,Sunday,13:00,ARI,28.0,MIA,27.0,Home,-1.0,55.0,0.0,2024102704,59620.0,,202410270mia,,401671850,6561.0,6,7,164.0,-198.0,4.0,-108.0,-112.0,46.5,-110.0,-110.0,0,outdoors,grass,82.0,14.0,00-0035228,00-0034177,Kyler Murray,Tim Boyle,Jonathan Gannon,Mike McDaniel,Clay Martin,MIA00,Hard Rock Stadium,945.4146987708792,910.258664515483,936.9675098257704,918.7058534605918,0.5940720061627471,0.40592799383725287,44.0,31.0,0.65,2.2113884594003403,True,True,2018,2023,2018,2023,6,
2024_08_ATL_TB,2024,REG,8,2024-10-27,Sunday,13:00,ATL,31.0,TB,26.0,Home,-5.0,57.0,0.0,2024102706,59622.0,,202410270tam,,401671739,6563.0,7,6,-122.0,102.0,-1.5,-110.0,-110.0,47.0,-108.0,-112.0,1,outdoors,grass,79.0,6.0,00-0029604,00-0034855,Kirk Cousins,Baker Mayfield,Raheem Morris,Todd Bowles,Shawn Hochuli,TAM00,Raymond James Stadium,1040.0153775496992,935.9969981712205,1013.9948157437702,962.0175599771495,0.6850824352522928,0.31491756474770716,44.0,31.0,0.65,2.2113884594003403,True,True,2018,2023,2018,2023,6,
2024_08_BAL_CLE,2024,REG,8,2024-10-27,Sunday,13:00,BAL,24.0,CLE,29.0,Home,5.0,53.0,0.0,2024102700,59616.0,,202410270cle,,401671852,6557.0,6,7,-380.0,300.0,-7.5,-110.0,-110.0,44.5,-105.0,-115.0,1,outdoors,grass,52.0,4.0,00-0034796,00-0031503,Lamar Jackson,Jameis Winston,John Harbaugh,Kevin Stefanski,Shawn Smith,CLE00,FirstEnergy Stadium,895.184338242326,1162.1822036891137,926.9529347261132,1130.4136072053266,0.20448209847352353,0.7955179015264765,44.0,31.0,0.65,2.2113884594003403,True,True,2018,2023,2018,2023,6,
2024_08_GB_JAX,2024,REG,8,2024-10-27,Sunday,13:00,GB,30.0,JAX,27.0,Home,-3.0,57.0,0.0,2024102703,59619.0,,202410270jax,,401671707,6560.0,7,7,-192.0,160.0,-3.5,-115.0,-105.0,49.0,-112.0,-108.0,0,outdoors,grass,84.0,4.0,00-0036264,00-0036971,Jordan Love,Trevor Lawrence,Matt LaFleur,Doug Pederson,Land Clark,JAX00,TIAA Bank Stadium,942.8909437660999,1091.558167309578,934.0711993860439,1100.377911689634,0.3368536845567017,0.6631463154432983,44.0,31.0,0.65,2.2113884594003403,True,True,2018,2023,2018,2023,6,
2024_08_IND_HOU,2024,REG,8,2024-10-27,Sunday,13:00,IND,20.0,HOU,23.0,Home,3.0,43.0,0.0,2024102702,59618.0,,202410270htx,,401671856,6559.0,7,7,185.0,-225.0,5.0,-112.0,-108.0,45.0,-108.0,-112.0,1,closed,astroturf,,,00-0026158,00-0039163,Joe Flacco,C.J. Stroud,Shane Steichen,DeMeco Ryans,Brad Allen,HOU00,NRG Stadium,1038.8471444148354,991.5035878975078,1049.2114053698194,981.1393269425239,0.6108726316286305,0.3891273683713695,44.0,31.0,0.65,2.2113884594003403,True,True,2018,2023,2018,2023,6,
2024_08_NYJ_NE,2024,REG,8,2024-10-27,Sunday,13:00,NYJ,22.0,NE,25.0,Home,3.0,47.0,0.0,2024102705,59621.0,,202410270nwe,,401671618,6562.0,7,7,-305.0,245.0,-7.0,-110.0,-110.0,41.0,-110.0,-110.0,1,outdoors,fieldturf,53.0,8.0,00-0023459,00-0039851,Aaron Rodgers,Drake Maye,Robert Saleh,Jerod Mayo,Craig Wrolstad,BOS00,Gillette Stadium,842.5150986586855,941.3913301140641,859.4910065714326,924.4154222013169,0.40354230328232915,0.5964576967176709,44.0,31.0,0.65,2.2113884594003403,True,True,2018,2023,2018,2023,6,
2024_08_PHI_CIN,2024,REG,8,2024-10-27,Sunday,13:00,PHI,37.0,CIN,17.0,Home,-20.0,54.0,0.0,2024102710,59626.0,,202410270cin,,401671667,6567.0,7,7,124.0,-148.0,2.5,100.0,-120.0,47.5,-108.0,-112.0,0,outdoors,fieldturf,59.0,6.0,00-0036389,00-0036442,Jalen Hurts,Joe Burrow,Nick Sirianni,Zac Taylor,John Hussey,CIN00,Paycor Stadium,1031.4045423861605,1041.794518057728,999.0180876828848,1074.1809727610037,0.5296254675849825,0.4703745324150175,44.0,31.0,0.65,2.2113884594003403,True,True,2018,2023,2018,2023,6,
2024_08_TEN_DET,2024,REG,8,2024-10-27,Sunday,13:00,TEN,14.0,DET,52.0,Home,38.0,66.0,0.0,2024102701,59617.0,,202410270det,,401671720,6558.0,7,7,550.0,-800.0,12.5,-105.0,-115.0,45.0,-108.0,-112.0,0,dome,fieldturf,,,00-0034771,00-0033106,Mason Rudolph,Jared Goff,Brian Callahan,Dan Campbell,Carl Cheffers,DET00,Ford Field,1139.0828871059155,903.211054689682,1150.5947010873535,891.6992407082438,0.8229171401615791,0.17708285983842087,44.0,31.0,0.65,2.2113884594003403,True,True,2018,2023,2018,2023,6,
2024_08_BUF_SEA,2024,REG,8,2024-10-27,Sunday,16:05,BUF,31.0,SEA,10.0,Home,-21.0,41.0,0.0,2024102709,59625.0,,202410270sea,,401671760,6566.0,7,7,-170.0,142.0,-3.0,-120.0,100.0,45.5,-105.0,-115.0,0,outdoors,fieldturf,55.0,14.0,00-0034857,00-0030565,Josh Allen,Geno Smith,Sean McDermott,Mike Macdonald,Ron Torbert,SEA00,Lumen Field,1003.3746949700239,1129.8652386584704,981.8049042401468,1151.4350293883476,0.36593685500644996,0.6340631449935501,44.0,31.0,0.65,2.2113884594003403,True,True,2018,2023,2018,2023,6,
2024_08_NO_LAC,2024,REG,8,2024-10-27,Sunday,16:05,NO,8.0,LAC,26.0,Home,18.0,34.0,0.0,2024102708,59624.0,,202410270sdg,,401671750,6565.0,10,6,250.0,-310.0,7.0,-110.0,-110.0,41.5,-108.0,-112.0,0,dome,matrixturf,,,00-0039376,00-0036355,Spencer Rattler,Justin Herbert,Dennis Allen,Jim Harbaugh,Alan Eck,LAX01,SoFi Stadium,977.2383784382932,956.8203049915179,1001.6566798898502,932.4020035399609,0.5734610238545901,0.4265389761454099,44.0,31.0,0.65,2.2113884594003403,True,True,2018,2023,2018,2023,6,
2024_08_CAR_DEN,2024,REG,8,2024-10-27,Sunday,16:25,CAR,14.0,DEN,28.0,Home,14.0,42.0,0.0,2024102711,59627.0,,202410270den,,401671600,6568.0,7,10,525.0,-750.0,13.0,-110.0,-110.0,40.5,-112.0,-108.0,0,outdoors,grass,76.0,4.0,00-0039150,00-0039732,Bryce Young,Bo Nix,Dave Canales,Sean Payton,Alex Kemp,DEN00,Empower Field at Mile High,1024.9317106322358,792.1485271270401,1033.5771144550029,783.5031233042731,0.8203113106382527,0.1796886893617473,44.0,31.0,0.65,2.2113884594003403,True,True,2018,2023,2018,2023,6,
2024_08_CHI_WAS,2024,REG,8,2024-10-27,Sunday,16:25,CHI,15.0,WAS,18.0,Home,3.0,33.0,0.0,2024102707,59623.0,,202410270was,,401671599,6564.0,14,7,102.0,-122.0,1.5,-110.0,-110.0,46.5,-108.0,-112.0,0,outdoors,grass,58.0,2.0,00-0039918,00-0039910,Caleb Williams,Jayden Daniels,Matt Eberflus,Dan Quinn,Clete Blakeman,WAS00,FedExField,988.6383953176124,1014.0463210306153,1002.1735817748295,1000.5111345733983,0.5080469469438554,0.49195305305614456,44.0,31.0,0.65,2.2113884594003403,True,True,2018,2023,2018,2023,6,
2024_08_KC_LV,2024,REG,8,2024-10-27,Sunday,16:25,KC,27.0,LV,20.0,Home,-7.0,47.0,0.0,2024102712,59628.0,,202410270rai,,401671671,6569.0,7,7,-440.0,340.0,-9.0,-112.0,-108.0,42.0,-108.0,-112.0,1,dome,grass,,,00-0033873,00-0038579,Patrick Mahomes,Aidan O'Connell,Andy Reid,Antonio Pierce,Adrian Hill,VEG00,Allegiant Stadium,904.2487317942333,1198.4438824917374,897.5901074806364,1205.1025068053343,0.1801881800765032,0.8198118199234968,44.0,31.0,0.65,2.2113884594003403,True,True,2018,2023,2018,2023,6,
2024_08_DAL_SF,2024,REG,8,2024-10-27,Sunday,20:20,DAL,24.0,SF,30.0,Home,6.0,54.0,0.0,2024102713,59629.0,,202410270sfo,,401671795,6570.0,14,7,195.0,-238.0,5.5,-105.0,-115.0,48.0,-110.0,-110.0,0,outdoors,grass,69.0,9.0,00-0033077,00-0037834,Dak Prescott,Brock Purdy,Mike McCarthy,Kyle Shanahan,Bill Vinovich,SFO01,Levi's Stadium,1094.9362786760246,1027.894244639144,1108.3740088100167,1014.456514505152,0.6374642981257637,0.36253570187423634,44.0,31.0,0.65,2.2113884594003403,True,True,2018,2023,2018,2023,6,
2024_08_NYG_PIT,2024,REG,8,2024-10-28,Monday,20:15,NYG,18.0,PIT,26.0,Home,8.0,44.0,0.0,2024102800,59630.0,,202410280pit,,401671685,6571.0,8,8,220.0,-270.0,6.0,-105.0,-115.0,37.5,-110.0,-110.0,0,outdoors,grass,54.0,7.0,00-0035710,00-0029263,Daniel Jones,Russell Wilson,Brian Daboll,Mike Tomlin,Scott Novak,PIT00,Acrisure Stadium,1084.315388680895,908.3137782573685,1093.6246403389841,899.0045265992793,0.7670265747298312,0.23297342527016884,44.0,31.0,0.65,2.2113884594003403,True,True,2018,2023,2018,2023,6,
2024_09_HOU_NYJ,2024,REG,9,2024-10-31,Thursday,20:15,HOU,13.0,NYJ,21.0,Home,8.0,34.0,0.0,2024103100,59631.0,,202410310nyj,,401671809,6572.0,4,4,124.0,-148.0,2.5,100.0,-120.0,43.5,-105.0,-115.0,0,outdoors,fieldturf,71.0,8.0,00-0039163,00-0023459,C.J. Stroud,Aaron Rodgers,DeMeco Ryans,Robert Saleh,Shawn Hochuli,NYC01,MetLife Stadium,924.4154222013169,1049.2114053698194,953.2664830537984,1020.3603445173379,0.36820314933440534,0.6317968506655947,44.0,31.0,0.65,2.2113884594003403,True,True,2018,2023,2018,2023,6,
2024_09_DAL_ATL,2024,REG,9,2024-11-03,Sunday,13:00,DAL,21.0,ATL,27.0,Home,6.0,48.0,0.0,2024110300,59632.0,,202411030atl,,401671728,6573.0,7,7,140.0,-166.0,3.0,-105.0,-115.0,52.0,-112.0,-108.0,0,closed,fieldturf,,,00-0033077,00-0029604,Dak Prescott,Kirk Cousins,Mike McCarthy,Raheem Morris,Scott Novak,ATL97,Mercedes-Benz Stadium,962.0175599771495,1014.456514505152,982.7717489037651,993.7023255785364,0.469185964215663,0.530814035784337,44.0,31.0,0.65,2.2113884594003403,True,True,2018,2023,2018,2023,6,
2024_09_DEN_BAL,2024,REG,9,2024-11-03,Sunday,13:00,DEN,10.0,BAL,41.0,Home,31.0,51.0,0.0,2024110301,59633.0,,202411030rav,,401671623,6574.0,7,7,330.0,-440.0,9.0,-115.0,-105.0,46.5,-110.0,-110.0,0,outdoors,grass,57.0,3.0,00-0039732,00-0034796,Bo Nix,Lamar Jackson,Sean Payton,John Harbaugh,Adrian Hill,BAL00,M&T Bank Stadium,1130.4136072053266,1033.5771144550029,1151.5227296785918,1012.4679919817377,0.6760955848307743,0.32390441516922575,44.0,31.0,0.65,2.2113884594003403,True,True,2018,2023,2018,2023,6,
2024_09_LAC_CLE,2024,REG,9,2024-11-03,Sunday,13:00,LAC,27.0,CLE,10.0,Home,-17.0,37.0,0.0,2024110305,59637.0,,202411030cle,,401671629,6578.0,7,7,-130.0,110.0,-2.0,-110.0,-110.0,42.5,-108.0,-112.0,0,outdoors,grass,57.0,10.0,00-0036355,00-0031503,Justin Herbert,Jameis Winston,Jim Harbaugh,Kevin Stefanski,Bill Vinovich,CLE00,FirstEnergy Stadium,926.9529347261132,1001.6566798898502,902.2861844704455,1026.323430145518,0.4374348964771353,0.5625651035228647,44.0,31.0,0.65,2.2113884594003403,True,True,2018,2023,2018,2023,6,
2024_09_LV_CIN,2024,REG,9,2024-11-03,Sunday,13:00,LV,24.0,CIN,41.0,Home,17.0,65.0,0.0,2024110304,59636.0,,202411030cin,,401671704,6577.0,7,7,320.0,-410.0,8.0,-110.0,-110.0,45.0,-108.0,-112.0,0,outdoors,fieldturf,67.0,7.0,00-0035289,00-0036442,Gardner Minshew,Joe Burrow,Antonio Pierce,Zac Taylor,Brad Rogers,CIN00,Paycor Stadium,999.0180876828848,897.5901074806364,1016.2756250218259,880.3325701416953,0.681856510083095,0.318143489916905,44.0,31.0,0.65,2.2113884594003403,True,True,2018,2023,2018,2023,6,
2024_09_MIA_BUF,2024,REG,9,2024-11-03,Sunday,13:00,MIA,27.0,BUF,30.0,Home,3.0,57.0,0.0,2024110302,59634.0,,202411030buf,,401671493,6575.0,7,7,230.0,-285.0,6.5,-110.0,-110.0,49.0,-108.0,-112.0,1,outdoors,a_turf,54.0,9.0,00-0036212,00-0034857,Tua Tagovailoa,Josh Allen,Mike McDaniel,Sean McDermott,Tra Blake,BUF00,New Era Field,1151.4350293883476,936.9675098257704,1156.2926336847381,932.10990552938,0.8042425686570372,0.19575743134296275,44.0,31.0,0.65,2.2113884594003403,True,True,2018,2023,2018,2023,6,
2024_09_NE_TEN,2024,REG,9,2024-11-03,Sunday,13:00,NE,17.0,TEN,20.0,Home,3.0,37.0,1.0,2024110308,59640.0,,202411030oti,,401671822,6581.0,7,7,136.0,-162.0,3.0,-105.0,-115.0,38.5,-110.0,-110.0,0,outdoors,grass,75.0,10.0,00-0039851,00-0034771,Drake Maye,Mason Rudolph,Jerod Mayo,Brian Callahan,Alex Kemp,NAS00,Nissan Stadium,891.6992407082438,859.4910065714326,895.9899901766888,855.2002571029876,0.5899735037045145,0.4100264962954855,44.0,31.0,0.65,2.2113884594003403,True,True,2018,2023,2018,2023,6,
2024_09_NO_CAR,2024,REG,9,2024-11-03,Sunday,13:00,NO,22.0,CAR,23.0,Home,1.0,45.0,0.0,2024110303,59635.0,,202411030car,,401671650,6576.0,7,7,-345.0,275.0,-7.0,-118.0,-102.0,43.5,-108.0,-112.0,1,outdoors,grass,66.0,7.0,00-0031280,00-0039150,Derek Carr,Bryce Young,Dennis Allen,Dave Canales,Ron Torbert,CAR00,Bank of America Stadium,783.5031233042731,932.4020035399609,793.1711607217402,922.7339661224938,0.336555862627633,0.663444137372367,44.0,31.0,0.65,2.2113884594003403,True,True,2018,2023,2018,2023,6,
2024_09_WAS_NYG,2024,REG,9,2024-11-03,Sunday,13:00,WAS,27.0,NYG,22.0,Home,-5.0,49.0,0.0,2024110307,59639.0,,202411030nyg,,401671711,6580.0,7,6,-218.0,180.0,-4.5,-108.0,-112.0,44.5,-110.0,-110.0,1,outdoors,fieldturf,52.0,6.0,00-0032268,00-0035710,Marcus Mariota,Daniel Jones,Dan Quinn,Brian Daboll,Brad Allen,NYC01,MetLife Stadium,899.0045265992793,1002.1735817748295,885.279747296461,1015.8983610776478,0.39760879622864304,0.602391203771357,44.0,31.0,0.65,2.2113884594003403,True,True,2018,2023,2018,2023,6,
2024_09_CHI_ARI,2024,REG,9,2024-11-03,Sunday,16:05,CHI,9.0,ARI,29.0,Home,20.0,38.0,0.0,2024110309,59641.0,,202411030crd,,401671661,6582.0,7,7,100.0,-120.0,1.5,-110.0,-110.0,44.5,-110.0,-110.0,0,closed,grass,,,00-0039918,00-0035228,Caleb Williams,Kyler Murray,Matt Eberflus,Jonathan Gannon,Carl Cheffers,PHO00,State Farm Stadium,918.7058534605918,1000.5111345733983,954.2119989297247,965.0049891042654,0.42740204164015594,0.5725979583598441,44.0,31.0,0.65,2.2113884594003403,True,True,2018,2023,2018,2023,6,
2024_09_JAX_PHI,2024,REG,9,2024-11-03,Sunday,16:05,JAX,23.0,PHI,28.0,Home,5.0,51.0,0.0,2024110312,59644.0,,202411030phi,,401671797,6585.0,7,7,270.0,-340.0,7.5,-112.0,-108.0,46.0,-110.0,-110.0,0,outdoors,grass,57.0,6.0,00-0036971,00-0036389,Trevor Lawrence,Jalen Hurts,Doug Pederson,Nick Sirianni,Alan Eck,PHI00,Lincoln Financial Field,1074.1809727610037,934.0711993860439,1083.1749742362938,925.0771979107537,0.7280966312900419,0.2719033687099581,44.0,31.0,0.65,2.2113884594003403,True,True,2018,2023,2018,2023,6,
2024_09_DET_GB,2024,REG,9,2024-11-03,Sunday,16:25,DET,24.0,GB,14.0,Home,-10.0,38.0,0.0,2024110310,59642.0,,202411030gnb,,401671767,6583.0,7,7,-155.0,130.0,-2.5,-120.0,100.0,47.5,-108.0,-112.0,1,outdoors,grass,50.0,15.0,00-0033106,00-0036264,Jared Goff,Jordan Love,Dan Campbell,Matt LaFleur,Clete Blakeman,GNB00,Lambeau Field,1100.377911689634,1150.5947010873535,1078.0357159732948,1172.9368968036927,0.4723729837806878,0.5276270162193122,44.0,31.0,0.65,2.2113884594003403,True,True,2018,2023,2018,2023,6,
2024_09_LA_SEA,2024,REG,9,2024-11-03,Sunday,16:25,LA,26.0,SEA,20.0,Home,-6.0,46.0,1.0,2024110311,59643.0,,202411030sea,,401671776,6584.0,10,7,-125.0,105.0,-1.5,-112.0,-108.0,48.5,-110.0,-110.0,1,outdoors,fieldturf,52.0,4.0,00-0026498,00-0030565,Matthew Stafford,Geno Smith,Sean McVay,Mike Macdonald,Clay Martin,SEA00,Lumen Field,981.8049042401468,1000.9952956256167,971.4118996094338,1011.3883002563297,0.516988850649825,0.483011149350175,44.0,31.0,0.65,2.2113884594003403,True,True,2018,2023,2018,2023,6,
2024_09_IND_MIN,2024,REG,9,2024-11-03,Sunday,20:20,IND,13.0,MIN,21.0,Home,8.0,34.0,0.0,2024110306,59638.0,,202411030min,,401671647,6579.0,7,10,240.0,-298.0,6.5,-110.0,-110.0,47.0,-110.0,-110.0,0,dome,sportturf,,,00-0026158,00-0034869,Joe Flacco,Sam Darnold,Shane Steichen,Kevin O'Connell,Shawn Smith,MIN01,U.S. Bank Stadium,1052.0164403364058,981.1393269425239,1066.9518517341419,966.2039155447878,0.6425506118670404,0.35744938813295957,44.0,31.0,0.65,2.2113884594003403,True,True,2018,2023,2018,2023,6,
2024_09_TB_KC,2024,REG,9,2024-11-04,Monday,20:15,TB,24.0,KC,30.0,Home,6.0,54.0,1.0,2024110400,59645.0,,202411040kan,,401671688,6586.0,8,8,330.0,-425.0,9.0,-110.0,-110.0,45.5,-108.0,-112.0,0,outdoors,grass,63.0,6.0,00-0034855,00-0033873,Baker Mayfield,Patrick Mahomes,Todd Bowles,Andy Reid,John Hussey,KAN00,GEHA Field at Arrowhead Stadium,1205.1025068053343,1013.9948157437702,1203.9699899336247,1015.1273326154798,0.7822036447907561,0.2177963552092439,44.0,31.0,0.65,2.2113884594003403,True,True,2018,2023,2018,2023,6,
2024_10_CIN_BAL,2024,REG,10,2024-11-07,Thursday,20:15,CIN,34.0,BAL,35.0,Home,1.0,69.0,0.0,2024110700,59646.0,,202411070rav,,401671810,6587.0,4,4,220.0,-270.0,6.0,-108.0,-112.0,53.0,-108.0,-112.0,1,outdoors,grass,69.0,6.0,00-0036442,00-0034796,Joe Burrow,Lamar Jackson,Zac Taylor,John Harbaugh,Clete Blakeman,BAL00,M&T Bank Stadium,1151.5227296785918,1016.2756250218259,1155.080743882111,1012.7176108183068,0.7225198034432009,0.2774801965567991,44.0,31.0,0.65,2.2113884594003403,True,True,2018,2023,2018,2023,6,
2024_10_NYG_CAR,2024,REG,10,2024-11-10,Sunday,09:30,NYG,17.0,CAR,20.0,Neutral,3.0,37.0,1.0,2024111000,59647.0,,202411100car,,401671803,6588.0,7,7,-298.0,240.0,-6.5,-118.0,-102.0,40.5,-115.0,-105.0,0,outdoors,,,,00-0035710,00-0027973,Daniel Jones,Andy Dalton,Brian Daboll,Dave Canales,Shawn Hochuli,GER00,Allianz Arena,793.1711607217402,885.279747296461,802.7335615106847,875.7173465075165,0.41295343599298173,0.5870465640070183,44.0,31.0,0.65,2.2113884594003403,True,True,2018,2023,2018,2023,6,
2024_10_ATL_NO,2024,REG,10,2024-11-10,Sunday,13:00,ATL,17.0,NO,20.0,Home,3.0,37.0,0.0,2024111005,59652.0,,202411100nor,,401671733,6593.0,7,7,-192.0,160.0,-3.5,-112.0,-108.0,46.5,-112.0,-108.0,1,dome,sportturf,,,00-0029604,00-0031280,Kirk Cousins,Derek Carr,Raheem Morris,Dennis Allen,Carl Cheffers,NOR00,Mercedes-Benz Superdome,922.7339661224938,982.7717489037651,937.8753541905347,967.6303608357242,0.4583083010523676,0.5416916989476324,44.0,31.0,0.65,2.2113884594003403,True,True,2018,2023,2018,2023,6,
2024_10_BUF_IND,2024,REG,10,2024-11-10,Sunday,13:00,BUF,30.0,IND,20.0,Home,-10.0,50.0,0.0,2024111002,59649.0,,202411100clt,,401671863,6590.0,7,7,-230.0,190.0,-4.5,-115.0,-105.0,46.5,-108.0,-112.0,0,closed,fieldturf,,,00-0034857,00-0026158,Josh Allen,Joe Flacco,Sean McDermott,Shane Steichen,Scott Novak,IND00,Lucas Oil Stadium,966.2039155447878,1156.2926336847381,953.4869332259851,1169.0096160035407,0.2858168385381002,0.7141831614618999,44.0,31.0,0.65,2.2113884594003403,True,True,2018,2023,2018,2023,6,
2024_10_DEN_KC,2024,REG,10,2024-11-10,Sunday,13:00,DEN,14.0,KC,16.0,Home,2.0,30.0,0.0,2024111004,59651.0,,202411100kan,,401671637,6592.0,7,6,300.0,-380.0,7.5,-115.0,-105.0,42.5,-110.0,-110.0,1,outdoors,grass,57.0,12.0,00-0039732,00-0033873,Bo Nix,Patrick Mahomes,Sean Payton,Andy Reid,Brad Allen,KAN00,GEHA Field at Arrowhead Stadium,1203.9699899336247,1012.4679919817377,1208.2858760218173,1008.152105893545,0.7825900849230519,0.21740991507694807,44.0,31.0,0.65,2.2113884594003403,True,True,2018,2023,2018,2023,6,
2024_10_MIN_JAX,2024,REG,10,2024-11-10,Sunday,13:00,MIN,12.0,JAX,7.0,Home,-5.0,19.0,0.0,2024111003,59650.0,,202411100jax,,401671708,6591.0,7,7,-345.0,280.0,-7.0,-120.0,100.0,42.5,-108.0,-112.0,0,outdoors,grass,79.0,7.0,00-0034869,00-0036972,Sam Darnold,Mac Jones,Kevin O'Connell,Doug Pederson,Adrian Hill,JAX00,TIAA Bank Stadium,925.0771979107537,1066.9518517341419,913.3460196528735,1078.6830299920223,0.34564318340108574,0.6543568165989142,44.0,31.0,0.65,2.2113884594003403,True,True,2018,2023,2018,2023,6,
2024_10_NE_CHI,2024,REG,10,2024-11-10,Sunday,13:00,NE,19.0,CHI,3.0,Home,-16.0,22.0,0.0,2024111001,59648.0,,202411100chi,,401671873,6589.0,7,7,260.0,-325.0,6.5,-110.0,-110.0,37.5,-112.0,-108.0,0,outdoors,grass,60.0,6.0,00-0039851,00-0039918,Drake Maye,Caleb Williams,Jerod Mayo,Matt Eberflus,Land Clark,CHI98,Soldier Field,965.0049891042654,855.2002571029876,923.3143362398755,896.8909099673775,0.6922239649144728,0.3077760350855272,44.0,31.0,0.65,2.2113884594003403,True,True,2018,2023,2018,2023,6,
2024_10_PIT_WAS,2024,REG,10,2024-11-10,Sunday,13:00,PIT,28.0,WAS,27.0,Home,-1.0,55.0,0.0,2024111007,59654.0,,202411100was,,401671641,6595.0,13,7,102.0,-122.0,1.5,-110.0,-110.0,45.0,-108.0,-112.0,0,outdoors,grass,57.0,9.0,00-0029263,00-0032268,Russell Wilson,Marcus Mariota,Mike Tomlin,Dan Quinn,Brad Rogers,WAS00,FedExField,1015.8983610776478,1093.6246403389841,1010.0486832888326,1099.4743181277993,0.43315799080957684,0.5668420091904232,44.0,31.0,0.65,2.2113884594003403,True,True,2018,2023,2018,2023,6,
2024_10_SF_TB,2024,REG,10,2024-11-10,Sunday,13:00,SF,23.0,TB,20.0,Home,-3.0,43.0,0.0,2024111006,59653.0,,202411100tam,,401671742,6594.0,14,6,-298.0,240.0,-6.5,-118.0,-102.0,50.5,-112.0,-108.0,0,outdoors,grass,85.0,9.0,00-0037834,00-0034855,Brock Purdy,Baker Mayfield,Kyle Shanahan,Todd Bowles,Shawn Smith,TAM00,Raymond James Stadium,1015.1273326154798,1108.3740088100167,1004.0927893229249,1119.4085521025715,0.41136614465850474,0.5886338553414953,44.0,31.0,0.65,2.2113884594003403,True,True,2018,2023,2018,2023,6,
2024_10_TEN_LAC,2024,REG,10,2024-11-10,Sunday,16:05,TEN,17.0,LAC,27.0,Home,10.0,44.0,0.0,2024111008,59655.0,,202411100sdg,,401671751,6596.0,7,7,300.0,-380.0,8.0,-108.0,-112.0,40.0,-110.0,-110.0,0,dome,matrixturf,,,00-0034771,00-0036355,Mason Rudolph,Justin Herbert,Brian Callahan,Jim Harbaugh,Craig Wrolstad,LAX01,SoFi Stadium,1026.323430145518,895.9899901766888,1038.911402490453,883.4020178317538,0.7168134859300779,0.2831865140699221,44.0,31.0,0.65,2.2113884594003403,True,True,2018,2023,2018,2023,6,
2024_10_NYJ_ARI,2024,REG,10,2024-11-10,Sunday,16:25,NYJ,6.0,ARI,31.0,Home,25.0,37.0,0.0,2024111009,59656.0,,202411100crd,,401671678,6597.0,10,7,-130.0,110.0,-2.0,-110.0,-110.0,45.5,-108.0,-112.0,0,closed,grass,,,00-0023459,00-0035228,Aaron Rodgers,Kyler Murray,Robert Saleh,Jonathan Gannon,John Hussey,PHO00,State Farm Stadium,954.2119989297247,953.2664830537984,983.231875956206,924.2466060273172,0.5458441741063387,0.4541558258936613,44.0,31.0,0.65,2.2113884594003403,True,True,2018,2023,2018,2023,6,
2024_10_PHI_DAL,2024,REG,10,2024-11-10,Sunday,16:25,PHI,34.0,DAL,6.0,Home,-28.0,40.0,0.0,2024111010,59657.0,,202411100dal,,401671676,6598.0,7,7,-360.0,285.0,-7.5,-108.0,-112.0,44.5,-110.0,-110.0,1,closed,matrixturf,,,00-0036389,00-0033662,Jalen Hurts,Cooper Rush,Nick Sirianni,Mike McCarthy,Alex Kemp,DAL00,AT&T Stadium,993.7023255785364,1083.1749742362938,966.5107574052233,1110.3665424096068,0.41663667726228204,0.583363322737718,44.0,31.0,0.65,2.2113884594003403,True,True,2018,2023,2018,2023,6,
2024_10_DET_HOU,2024,REG,10,2024-11-10,Sunday,20:20,DET,26.0,HOU,23.0,Home,-3.0,49.0,0.0,2024111011,59658.0,,202411100htx,,401671787,6599.0,7,10,-230.0,190.0,-4.5,-110.0,-110.0,49.0,-110.0,-112.0,0,closed,astroturf,,,00-0033106,00-0039163,Jared Goff,C.J. Stroud,Dan Campbell,DeMeco Ryans,Bill Vinovich,HOU00,NRG Stadium,1020.3603445173379,1172.9368968036927,1011.6863644183436,1181.610876902687,0.3318452877396166,0.6681547122603835,44.0,31.0,0.65,2.2113884594003403,True,True,2018,2023,2018,2023,6,
2024_10_MIA_LA,2024,REG,10,2024-11-11,Monday,20:15,MIA,23.0,LA,15.0,Home,-8.0,38.0,0.0,2024111100,59659.0,,202411110ram,,401671693,6600.0,8,8,120.0,-142.0,2.5,-102.0,-118.0,49.5,-108.0,-112.0,0,dome,matrixturf,,,00-0036212,00-0026498,Tua Tagovailoa,Matthew Stafford,Mike McDaniel,Sean McVay,Ron Torbert,LAX01,SoFi Stadium,1011.3883002563297,932.10990552938,981.307100488924,962.1911052967856,0.6535800991381063,0.34641990086189367,44.0,31.0,0.65,2.2113884594003403,True,True,2018,2023,2018,2023,6,
2024_11_WAS_PHI,2024,REG,11,2024-11-14,Thursday,20:15,WAS,18.0,PHI,26.0,Home,8.0,44.0,0.0,2024111400,59660.0,,202411140phi,,401671813,6601.0,4,4,190.0,-230.0,4.5,-110.0,-110.0,49.5,-110.0,-110.0,1,outdoors,grass,46.0,9.0,00-0032268,00-0036389,Marcus Mariota,Jalen Hurts,Dan Quinn,Nick Sirianni,Adrian Hill,PHI00,Lincoln Financial Field,1110.3665424096068,1010.0486832888326,1123.5490111459367,996.8662145525028,0.6804686502706327,0.31953134972936725,44.0,31.0,0.65,2.2113884594003403,True,True,2018,2023,2018,2023,6,
2024_11_BAL_PIT,2024,REG,11,2024-11-17,Sunday,13:00,BAL,16.0,PIT,18.0,Home,2.0,34.0,0.0,2024111705,59666.0,,202411170pit,,401671630,6607.0,10,7,-175.0,145.0,-3.0,-120.0,100.0,48.0,-108.0,-112.0,1,outdoors,grass,52.0,5.0,00-0034796,00-0029263,Lamar Jackson,Russell Wilson,John Harbaugh,Mike Tomlin,Clay Martin,PIT00,Acrisure Stadium,1099.4743181277993,1155.080743882111,1111.3090027128499,1143.2460592970604,0.4646475950241074,0.5353524049758926,44.0,31.0,0.65,2.2113884594003403,True,True,2018,2023,2018,2023,6,
2024_11_CLE_NO,2024,REG,11,2024-11-17,Sunday,13:00,CLE,14.0,NO,35.0,Home,21.0,49.0,0.0,2024111704,59665.0,,202411170nor,,401671746,6606.0,14,7,-115.0,-105.0,-1.0,-110.0,-110.0,44.0,-110.0,-110.0,0,dome,sportturf,,,00-0031503,00-0031280,Jameis Winston,Derek Carr,Kevin Stefanski,Dennis Allen,Alex Kemp,NOR00,Mercedes-Benz Superdome,937.8753541905347,902.2861844704455,962.0715935375392,878.089945123441,0.5946731320828353,0.40532686791716466,44.0,31.0,0.65,2.2113884594003403,True,True,2018,2023,2018,2023,6,
2024_11_GB_CHI,2024,REG,11,2024-11-17,Sunday,13:00,GB,20.0,CHI,19.0,Home,-1.0,39.0,0.0,2024111700,59661.0,,202411170chi,,401671869,6602.0,14,7,-265.0,215.0,-6.0,-115.0,-105.0,41.0,-108.0,-112.0,1,outdoors,grass,54.0,5.0,00-0036264,00-0039918,Jordan Love,Caleb Williams,Matt LaFleur,Matt Eberflus,Bill Vinovich,CHI98,Soldier Field,923.3143362398755,1078.0357159732948,919.0170195505658,1082.3330326626046,0.32911345240067896,0.6708865475993211,44.0,31.0,0.65,2.2113884594003403,True,True,2018,2023,2018,2023,6,
2024_11_IND_NYJ,2024,REG,11,2024-11-17,Sunday,13:00,IND,28.0,NYJ,27.0,Home,-1.0,55.0,0.0,2024111711,59672.0,,202411170nyj,,401671782,6613.0,7,7,170.0,-205.0,4.0,-110.0,-110.0,43.0,-110.0,-110.0,0,outdoors,fieldturf,62.0,4.0,00-0026158,00-0023459,Joe Flacco,Aaron Rodgers,Shane Steichen,Robert Saleh,Tra Blake,NYC01,MetLife Stadium,924.2466060273172,953.4869332259851,917.3103576871705,960.4231815661318,0.5025323510726044,0.4974676489273956,44.0,31.0,0.65,2.2113884594003403,True,True,2018,2023,2018,2023,6,
2024_11_JAX_DET,2024,REG,11,2024-11-17,Sunday,13:00,JAX,6.0,DET,52.0,Home,46.0,58.0,0.0,2024111701,59662.0,,202411170det,,401671642,6603.0,7,7,650.0,-1000.0,14.0,-105.0,-115.0,47.5,-110.0,-110.0,0,dome,fieldturf,,,00-0036972,00-0033106,Mac Jones,Jared Goff,Doug Pederson,Dan Campbell,Scott Novak,DET00,Ford Field,1181.610876902687,913.3460196528735,1191.8285838279535,903.1283127276071,0.8484771862709708,0.1515228137290292,44.0,31.0,0.65,2.2113884594003403,True,True,2018,2023,2018,2023,6,
2024_11_LA_NE,2024,REG,11,2024-11-17,Sunday,13:00,LA,28.0,NE,22.0,Home,-6.0,50.0,0.0,2024111703,59664.0,,202411170nwe,,401671701,6605.0,6,7,-198.0,164.0,-4.0,-108.0,-112.0,42.5,-112.0,-108.0,0,outdoors,fieldturf,59.0,9.0,00-0026498,00-0039851,Matthew Stafford,Drake Maye,Sean McVay,Jerod Mayo,Shawn Smith,BOS00,Gillette Stadium,896.8909099673775,981.307100488924,880.8739981400254,997.3240123162761,0.4237279319865831,0.5762720680134169,44.0,31.0,0.65,2.2113884594003403,True,True,2018,2023,2018,2023,6,
2024_11_LV_MIA,2024,REG,11,2024-11-17,Sunday,13:00,LV,19.0,MIA,34.0,Home,15.0,53.0,0.0,2024111702,59663.0,,202411170mia,,401671851,6604.0,14,6,330.0,-425.0,8.0,-105.0,-115.0,43.5,-112.0,-108.0,0,outdoors,grass,80.0,16.0,00-0035289,00-0036212,Gardner Minshew,Tua Tagovailoa,Antonio Pierce,Mike McDaniel,John Hussey,MIA00,Hard Rock Stadium,962.1911052967856,880.3325701416953,980.1931934333246,862.3304820051563,0.6569351816964991,0.3430648183035009,44.0,31.0,0.65,2.2113884594003403,True,True,2018,2023,2018,2023,6,
2024_11_MIN_TEN,2024,REG,11,2024-11-17,Sunday,13:00,MIN,23.0,TEN,13.0,Home,-10.0,36.0,0.0,2024111706,59667.0,,202411170oti,,401671824,6608.0,7,7,-290.0,235.0,-6.0,-118.0,-102.0,40.0,-110.0,-110.0,0,outdoors,grass,66.0,7.0,00-0034869,00-0034771,Sam Darnold,Mason Rudolph,Kevin O'Connell,Brian Callahan,Clete Blakeman,NAS00,Nissan Stadium,883.4020178317538,1078.6830299920223,870.9820864833481,1091.102961340428,0.27975493705742843,0.7202450629425716,44.0,31.0,0.65,2.2113884594003403,True,True,2018,2023,2018,2023,6,
2024_11_ATL_DEN,2024,REG,11,2024-11-17,Sunday,16:05,ATL,6.0,DEN,38.0,Home,32.0,44.0,0.0,2024111707,59668.0,,202411170den,,401671748,6609.0,7,7,114.0,-135.0,2.0,-108.0,-112.0,44.5,-112.0,-108.0,0,outdoors,grass,55.0,9.0,00-0029604,00-0039732,Kirk Cousins,Bo Nix,Raheem Morris,Sean Payton,Alan Eck,DEN00,Empower Field at Mile High,1008.152105893545,967.6303608357242,1035.0029527613005,940.7795139679688,0.6014983755200543,0.39850162447994575,44.0,31.0,0.65,2.2113884594003403,True,True,2018,2023,2018,2023,6,
2024_11_SEA_SF,2024,REG,11,2024-11-17,Sunday,16:05,SEA,20.0,SF,17.0,Home,-3.0,37.0,0.0,2024111708,59669.0,,202411170sfo,,401671757,6610.0,14,7,215.0,-265.0,6.0,-110.0,-110.0,49.0,-112.0,-108.0,1,outdoors,grass,59.0,4.0,00-0030565,00-0037834,Geno Smith,Brock Purdy,Mike Macdonald,Kyle Shanahan,Brad Rogers,SFO01,Levi's Stadium,1119.4085521025715,971.4118996094338,1097.279595266157,993.5408564458484,0.7369910253914626,0.26300897460853745,44.0,31.0,0.65,2.2113884594003403,True,True,2018,2023,2018,2023,6,
2024_11_KC_BUF,2024,REG,11,2024-11-17,Sunday,16:25,KC,21.0,BUF,30.0,Home,9.0,51.0,0.0,2024111709,59670.0,,202411170buf,,401671665,6611.0,7,7,120.0,-142.0,2.5,-108.0,-112.0,46.5,-108.0,-112.0,0,outdoors,a_turf,50.0,3.0,00-0033873,00-0034857,Patrick Mahomes,Josh Allen,Andy Reid,Sean McDermott,Land Clark,BUF00,New Era Field,1169.0096160035407,1208.2858760218173,1192.5510177297565,1184.7444742956015,0.48809175672792177,0.5119082432720783,44.0,31.0,0.65,2.2113884594003403,True,True,2018,2023,2018,2023,6,
2024_11_CIN_LAC,2024,REG,11,2024-11-17,Sunday,20:20,CIN,27.0,LAC,34.0,Home,7.0,61.0,0.0,2024111710,59671.0,,202411170sdg,,401671675,6612.0,10,7,-110.0,-110.0,1.0,-118.0,-102.0,48.0,-105.0,-115.0,0,dome,matrixturf,,,00-0036442,00-0036355,Joe Burrow,Justin Herbert,Zac Taylor,Jim Harbaugh,Brad Allen,LAX01,SoFi Stadium,1038.911402490453,1012.7176108183068,1055.785009124771,995.8440041839888,0.5815729686144206,0.41842703138557935,44.0,31.0,0.65,2.2113884594003403,True,True,2018,2023,2018,2023,6,
2024_11_HOU_DAL,2024,REG,11,2024-11-18,Monday,20:15,HOU,34.0,DAL,10.0,Home,-24.0,44.0,0.0,2024111800,59673.0,,202411180dal,,401671694,6614.0,8,8,-360.0,285.0,-7.5,100.0,-120.0,41.5,-105.0,-115.0,0,closed,matrixturf,,,00-0039163,00-0033662,C.J. Stroud,Cooper Rush,DeMeco Ryans,Mike McCarthy,Craig Wrolstad,DAL00,AT&T Stadium,966.5107574052233,1011.6863644183436,935.9902611009104,1042.2068607226565,0.4796109742121876,0.5203890257878123,44.0,31.0,0.65,2.2113884594003403,True,True,2018,2023,2018,2023,6,
2024_12_PIT_CLE,2024,REG,12,2024-11-21,Thursday,20:15,PIT,19.0,CLE,24.0,Home,5.0,43.0,0.0,2024112100,59674.0,,202411210cle,,401671875,6615.0,4,4,-205.0,170.0,-3.5,-115.0,-105.0,36.5,-108.0,-112.0,1,outdoors,grass,36.0,13.0,00-0029263,00-0031503,Russell Wilson,Jameis Winston,Mike Tomlin,Kevin Stefanski,Brad Allen,CLE00,FirstEnergy Stadium,878.089945123441,1111.3090027128499,908.008285455554,1081.3906623807368,0.23792917198992566,0.7620708280100743,44.0,31.0,0.65,2.2113884594003403,True,True,2018,2023,2018,2023,6,
2024_12_DAL_WAS,2024,REG,12,2024-11-24,Sunday,13:00,DAL,34.0,WAS,26.0,Home,-8.0,60.0,0.0,2024112406,59681.0,,202411240was,,401671715,6622.0,6,10,455.0,-625.0,10.5,-112.0,-108.0,45.0,-110.0,-110.0,1,outdoors,grass,55.0,5.0,00-0033662,00-0032268,Cooper Rush,Marcus Mariota,Mike McCarthy,Dan Quinn,Tra Blake,WAS00,FedExField,996.8662145525028,935.9902611009104,968.1589056808912,964.697569972522,0.6292219690183545,0.3707780309816455,44.0,31.0,0.65,2.2113884594003403,True,True,2018,2023,2018,2023,6,
2024_12_DET_IND,2024,REG,12,2024-11-24,Sunday,13:00,DET,24.0,IND,6.0,Home,-18.0,30.0,0.0,2024112403,59678.0,,202411240clt,,401671866,6619.0,7,7,-375.0,295.0,-7.0,-122.0,102.0,50.5,-110.0,-110.0,0,closed,fieldturf,,,00-0033106,00-0026158,Jared Goff,Joe Flacco,Dan Campbell,Shane Steichen,Shawn Hochuli,IND00,Lucas Oil Stadium,960.4231815661318,1191.8285838279535,947.5458164446123,1204.705948949473,0.2398273608578612,0.7601726391421388,44.0,31.0,0.65,2.2113884594003403,True,True,2018,2023,2018,2023,6,
2024_12_KC_CAR,2024,REG,12,2024-11-24,Sunday,13:00,KC,30.0,CAR,27.0,Home,-3.0,57.0,0.0,2024112400,59675.0,,202411240car,,401671651,6616.0,7,14,-700.0,500.0,-11.0,-112.0,-108.0,43.0,-110.0,-110.0,0,outdoors,grass,61.0,5.0,00-0033873,00-0027973,Patrick Mahomes,Andy Dalton,Andy Reid,Dave Canales,Shawn Smith,CAR00,Bank of America Stadium,802.7335615106847,1184.7444742956015,799.9489929937517,1187.5290428125345,0.11705890298616112,0.8829410970138389,44.0,31.0,0.65,2.2113884594003403,True,True,2018,2023,2018,2023,6,
2024_12_MIN_CHI,2024,REG,12,2024-11-24,Sunday,13:00,MIN,30.0,CHI,27.0,Home,-3.0,57.0,1.0,2024112401,59676.0,,202411240chi,,401671870,6617.0,7,7,-175.0,145.0,-3.0,-120.0,100.0,39.5,-108.0,-112.0,1,outdoors,grass,47.0,5.0,00-0034869,00-0039918,Sam Darnold,Caleb Williams,Kevin O'Connell,Matt Eberflus,Clay Martin,CHI98,Soldier Field,919.0170195505658,1091.102961340428,917.5283552154465,1092.5916256755474,0.3074312627979276,0.6925687372020723,44.0,31.0,0.65,2.2113884594003403,True,True,2018,2023,2018,2023,6,
2024_12_NE_MIA,2024,REG,12,2024-11-24,Sunday,13:00,NE,15.0,MIA,34.0,Home,19.0,49.0,0.0,2024112404,59679.0,,202411240mia,,401671847,6620.0,7,7,285.0,-360.0,7.5,-115.0,-105.0,46.0,-108.0,-112.0,1,outdoors,grass,77.0,6.0,00-0039851,00-0036212,Drake Maye,Tua Tagovailoa,Jerod Mayo,Mike McDaniel,Alan Eck,MIA00,Hard Rock Stadium,980.1931934333246,880.8739981400254,998.2445030437107,862.8226885296393,0.6792173941410958,0.32078260585890417,44.0,31.0,0.65,2.2113884594003403,True,True,2018,2023,2018,2023,6,
2024_12_TB_NYG,2024,REG,12,2024-11-24,Sunday,13:00,TB,30.0,NYG,7.0,Home,-23.0,37.0,0.0,2024112405,59680.0,,202411240nyg,,401671638,6621.0,14,14,-298.0,240.0,-6.5,-108.0,-112.0,40.5,-110.0,-110.0,0,outdoors,fieldturf,50.0,13.0,00-0034855,00-0038476,Baker Mayfield,Tommy DeVito,Todd Bowles,Brian Daboll,Adrian Hill,NYC01,MetLife Stadium,875.7173465075165,1004.0927893229249,853.7107968688013,1026.0993389616401,0.3634229611413918,0.6365770388586083,44.0,31.0,0.65,2.2113884594003403,True,True,2018,2023,2018,2023,6,
2024_12_TEN_HOU,2024,REG,12,2024-11-24,Sunday,13:00,TEN,32.0,HOU,27.0,Home,-5.0,59.0,0.0,2024112402,59677.0,,202411240htx,,401671858,6618.0,7,6,295.0,-375.0,8.0,-112.0,-108.0,40.5,-112.0,-108.0,1,closed,astroturf,,,00-0034771,00-0039163,Mason Rudolph,C.J. Stroud,Brian Callahan,DeMeco Ryans,Brad Rogers,HOU00,NRG Stadium,1042.2068607226565,870.9820864833481,1012.2882005287654,900.9007466772392,0.7620767947427144,0.2379232052572856,44.0,31.0,0.65,2.2113884594003403,True,True,2018,2023,2018,2023,6,
2024_12_DEN_LV,2024,REG,12,2024-11-24,Sunday,16:05,DEN,29.0,LV,19.0,Home,-10.0,48.0,0.0,2024112407,59682.0,,202411240rai,,401671656,6623.0,7,7,-278.0,225.0,-6.5,-105.0,-115.0,41.5,-108.0,-112.0,1,dome,grass,,,00-0039732,00-0035289,Bo Nix,Gardner Minshew,Sean Payton,Antonio Pierce,Ron Torbert,VEG00,Allegiant Stadium,862.3304820051563,1035.0029527613005,848.5822658141989,1048.751168952258,0.30671285111478,0.6932871488852199,44.0,31.0,0.65,2.2113884594003403,True,True,2018,2023,2018,2023,6,
2024_12_ARI_SEA,2024,REG,12,2024-11-24,Sunday,16:25,ARI,6.0,SEA,16.0,Home,10.0,22.0,0.0,2024112409,59684.0,,202411240sea,,401671775,6625.0,14,7,-115.0,-105.0,-1.0,-110.0,-110.0,46.5,-108.0,-112.0,1,outdoors,fieldturf,45.0,5.0,00-0035228,00-0030565,Kyler Murray,Geno Smith,Jonathan Gannon,Mike Macdonald,Scott Novak,SEA00,Lumen Field,993.5408564458484,983.231875956206,1014.1856284825473,962.5871039195071,0.5591698468977566,0.4408301531022434,44.0,31.0,0.65,2.2113884594003403,True,True,2018,2023,2018,2023,6,
2024_12_SF_GB,2024,REG,12,2024-11-24,Sunday,16:25,SF,10.0,GB,38.0,Home,28.0,48.0,0.0,2024112408,59683.0,,202411240gnb,,401671768,6624.0,7,7,235.0,-290.0,6.5,-112.0,-108.0,44.5,-108.0,-112.0,0,outdoors,grass,43.0,11.0,00-0032434,00-0036264,Brandon Allen,Jordan Love,Kyle Shanahan,Matt LaFleur,Craig Wrolstad,GNB00,Lambeau Field,1082.3330326626046,1097.279595266157,1114.0543442998262,1065.5582836289354,0.5230863264875101,0.4769136735124899,44.0,31.0,0.65,2.2113884594003403,True,True,2018,2023,2018,2023,6,
2024_12_PHI_LA,2024,REG,12,2024-11-24,Sunday,20:20,PHI,37.0,LA,20.0,Home,-17.0,57.0,0.0,2024112410,59685.0,,202411240ram,,401671794,6626.0,10,7,-170.0,142.0,-3.0,-112.0,-108.0,49.0,-108.0,-112.0,0,dome,matrixturf,,,00-0036389,00-0026498,Jalen Hurts,Matthew Stafford,Nick Sirianni,Sean McVay,Land Clark,LAX01,SoFi Stadium,997.3240123162761,1123.5490111459367,977.1326453388579,1143.740378123355,0.36629160400701,0.63370839599299,44.0,31.0,0.65,2.2113884594003403,True,True,2018,2023,2018,2023,6,
2024_12_BAL_LAC,2024,REG,12,2024-11-25,Monday,20:15,BAL,30.0,LAC,23.0,Home,-7.0,53.0,0.0,2024112500,59686.0,,202411250sdg,,401671689,6627.0,8,8,-166.0,140.0,-3.0,-110.0,-110.0,51.0,-112.0,-108.0,0,dome,matrixturf,,,00-0034796,00-0036355,Lamar Jackson,Justin Herbert,John Harbaugh,Jim Harbaugh,Craig Wrolstad,LAX01,SoFi Stadium,1055.785009124771,1143.2460592970604,1038.8645032755633,1160.166565146268,0.4194538157422753,0.5805461842577246,44.0,31.0,0.65,2.2113884594003403,True,True,2018,2023,2018,2023,6,
2024_13_CHI_DET,2024,REG,13,2024-11-28,Thursday,12:30,CHI,20.0,DET,23.0,Home,3.0,43.0,0.0,2024112800,59687.0,,202411280det,,401671492,6628.0,4,4,390.0,-520.0,9.5,-102.0,-118.0,47.5,100.0,-120.0,1,dome,fieldturf,,,00-0039918,00-0033106,Caleb Williams,Jared Goff,Matt Eberflus,Dan Campbell,Alan Eck,DET00,Ford Field,1204.705948949473,917.5283552154465,1208.0326768289372,914.2016273359823,0.8619495400560655,0.1380504599439345,44.0,31.0,0.65,2.2113884594003403,True,True,2018,2023,2018,2023,6,
2024_13_NYG_DAL,2024,REG,13,2024-11-28,Thursday,16:30,NYG,20.0,DAL,27.0,Home,7.0,47.0,0.0,2024112801,59688.0,,202411280dal,,401671779,6629.0,4,4,185.0,-218.0,4.5,-110.0,-110.0,39.0,-110.0,-110.0,1,closed,matrixturf,,,00-0035704,00-0033662,Drew Lock,Cooper Rush,Brian Daboll,Mike McCarthy,Brad Rogers,DAL00,AT&T Stadium,964.697569972522,853.7107968688013,976.6033996088601,841.8049672324632,0.6936717375473681,0.3063282624526319,44.0,31.0,0.65,2.2113884594003403,True,True,2018,2023,2018,2023,6,
2024_13_MIA_GB,2024,REG,13,2024-11-28,Thursday,20:20,MIA,17.0,GB,30.0,Home,13.0,47.0,0.0,2024112802,59689.0,,202411280gnb,,401671798,6630.0,4,4,145.0,-175.0,3.5,-115.0,-105.0,47.5,-110.0,-110.0,0,outdoors,grass,27.0,10.0,00-0036212,00-0036264,Tua Tagovailoa,Jordan Love,Mike McDaniel,Matt LaFleur,Shawn Smith,GNB00,Lambeau Field,1114.0543442998262,998.2445030437107,1128.8443658040371,983.4544815394999,0.6995393773120634,0.3004606226879366,44.0,31.0,0.65,2.2113884594003403,True,True,2018,2023,2018,2023,6,
2024_13_LV_KC,2024,REG,13,2024-11-29,Friday,15:00,LV,17.0,KC,19.0,Home,2.0,36.0,0.0,2024112900,59690.0,,202411290kan,,401671806,6631.0,5,5,550.0,-800.0,13.5,-108.0,-112.0,42.0,-108.0,-112.0,1,outdoors,grass,37.0,5.0,00-0035289,00-0033873,Gardner Minshew,Patrick Mahomes,Antonio Pierce,Andy Reid,Clay Martin,KAN00,GEHA Field at Arrowhead Stadium,1187.5290428125345,848.5822658141989,1189.5173231175334,846.5939855091999,0.8937455888498977,0.10625441115010226,44.0,31.0,0.65,2.2113884594003403,True,True,2018,2023,2018,2023,6,
2024_13_ARI_MIN,2024,REG,13,2024-12-01,Sunday,13:00,ARI,22.0,MIN,23.0,Home,1.0,45.0,0.0,2024120103,59694.0,,202412010min,,401671726,6635.0,7,7,154.0,-185.0,3.5,-110.0,-110.0,45.5,-112.0,-108.0,0,dome,sportturf,,,00-0035228,00-0034869,Kyler Murray,Sam Darnold,Jonathan Gannon,Kevin O'Connell,Bill Vinovich,MIN01,U.S. Bank Stadium,1092.5916256755474,962.5871039195071,1096.2358139187709,958.9429156762837,0.71642898221025,0.28357101778975,44.0,31.0,0.65,2.2113884594003403,True,True,2018,2023,2018,2023,6,
2024_13_HOU_JAX,2024,REG,13,2024-12-01,Sunday,13:00,HOU,23.0,JAX,20.0,Home,-3.0,43.0,0.0,2024120102,59693.0,,202412010jax,,401671705,6634.0,7,14,-192.0,160.0,-3.5,-110.0,-110.0,44.5,-108.0,-112.0,1,outdoors,grass,,,00-0039163,00-0036971,C.J. Stroud,Trevor Lawrence,DeMeco Ryans,Doug Pederson,Land Clark,JAX00,TIAA Bank Stadium,903.1283127276071,1012.2882005287654,892.7565209558422,1022.6599923005302,0.3893787214477438,0.6106212785522562,44.0,31.0,0.65,2.2113884594003403,True,True,2018,2023,2018,2023,6,
2024_13_IND_NE,2024,REG,13,2024-12-01,Sunday,13:00,IND,25.0,NE,24.0,Home,-1.0,49.0,0.0,2024120104,59695.0,,202412010nwe,,401671620,6636.0,7,7,-135.0,114.0,-2.5,-115.0,-105.0,41.5,-110.0,-110.0,0,outdoors,fieldturf,36.0,9.0,00-0026158,00-0039851,Joe Flacco,Drake Maye,Shane Steichen,Jerod Mayo,Adrian Hill,BOS00,Gillette Stadium,862.8226885296393,947.5458164446123,857.1239340394123,953.2445709348393,0.42329655047747916,0.5767034495225208,44.0,31.0,0.65,2.2113884594003403,True,True,2018,2023,2018,2023,6,
2024_13_LAC_ATL,2024,REG,13,2024-12-01,Sunday,13:00,LAC,17.0,ATL,13.0,Home,-4.0,30.0,0.0,2024120100,59691.0,,202412010atl,,401671649,6632.0,6,14,-118.0,-102.0,-1.0,-108.0,-112.0,47.0,-110.0,-110.0,0,closed,fieldturf,,,00-0036355,00-0029604,Justin Herbert,Kirk Cousins,Jim Harbaugh,Raheem Morris,Clete Blakeman,ATL97,Mercedes-Benz Stadium,940.7795139679688,1038.8645032755633,928.2051917613744,1051.4388254821577,0.4046390943891363,0.5953609056108637,44.0,31.0,0.65,2.2113884594003403,True,True,2018,2023,2018,2023,6,
2024_13_PIT_CIN,2024,REG,13,2024-12-01,Sunday,13:00,PIT,44.0,CIN,38.0,Home,-6.0,82.0,0.0,2024120101,59692.0,,202412010cin,,401671627,6633.0,10,14,130.0,-155.0,3.0,-110.0,-110.0,46.0,-108.0,-112.0,1,outdoors,fieldturf,32.0,9.0,00-0029263,00-0036442,Russell Wilson,Joe Burrow,Mike Tomlin,Zac Taylor,Shawn Hochuli,CIN00,Paycor Stadium,995.8440041839888,1081.3906623807368,979.8951282168871,1097.3395383478385,0.4221397090156689,0.5778602909843311,44.0,31.0,0.65,2.2113884594003403,True,True,2018,2023,2018,2023,6,
2024_13_SEA_NYJ,2024,REG,13,2024-12-01,Sunday,13:00,SEA,26.0,NYJ,21.0,Home,-5.0,47.0,0.0,2024120105,59696.0,,202412010nyj,,401671703,6637.0,7,14,-105.0,-115.0,1.0,-110.0,-110.0,41.5,-110.0,-110.0,0,outdoors,fieldturf,37.0,12.0,00-0030565,00-0023459,Geno Smith,Aaron Rodgers,Mike Macdonald,Robert Saleh,Carl Cheffers,NYC01,MetLife Stadium,917.3103576871705,1014.1856284825473,903.2460008368909,1028.249985332827,0.4063178014479289,0.593682198552071,44.0,31.0,0.65,2.2113884594003403,True,True,2018,2023,2018,2023,6,
2024_13_TEN_WAS,2024,REG,13,2024-12-01,Sunday,13:00,TEN,19.0,WAS,42.0,Home,23.0,61.0,0.0,2024120106,59697.0,,202412010was,,401671743,6638.0,7,7,205.0,-250.0,6.0,-112.0,-108.0,45.0,-108.0,-112.0,0,outdoors,grass,42.0,6.0,00-0034771,00-0032268,Mason Rudolph,Marcus Mariota,Brian Callahan,Dan Quinn,Ron Torbert,WAS00,FedExField,968.1589056808912,900.9007466772392,990.0858963116382,878.9737560464922,0.6377517684122468,0.3622482315877532,44.0,31.0,0.65,2.2113884594003403,True,True,2018,2023,2018,2023,6,
2024_13_LA_NO,2024,REG,13,2024-12-01,Sunday,16:05,LA,21.0,NO,14.0,Home,-7.0,35.0,0.0,2024120108,59699.0,,202412010nor,,401671753,6640.0,7,14,-142.0,120.0,-2.5,-115.0,-105.0,48.5,-108.0,-112.0,0,dome,sportturf,,,00-0026498,00-0031280,Matthew Stafford,Derek Carr,Sean McVay,Dennis Allen,Brad Allen,NOR00,Mercedes-Benz Superdome,962.0715935375392,977.1326453388579,940.2779872650417,998.9262516113554,0.522921912052778,0.47707808794722195,44.0,31.0,0.65,2.2113884594003403,True,True,2018,2023,2018,2023,6,
2024_13_TB_CAR,2024,REG,13,2024-12-01,Sunday,16:05,TB,26.0,CAR,23.0,Home,-3.0,49.0,1.0,2024120107,59698.0,,202412010car,,401671752,6639.0,7,7,-290.0,235.0,-6.5,-115.0,-105.0,46.0,-110.0,-110.0,1,outdoors,grass,51.0,7.0,00-0034855,00-0027973,Baker Mayfield,Andy Dalton,Todd Bowles,Dave Canales,Tra Blake,CAR00,Bank of America Stadium,799.9489929937517,1026.0993389616401,800.0659004497568,1025.982431505635,0.24538566400671788,0.7546143359932821,44.0,31.0,0.65,2.2113884594003403,True,True,2018,2023,2018,2023,6,
2024_13_PHI_BAL,2024,REG,13,2024-12-01,Sunday,16:25,PHI,24.0,BAL,19.0,Home,-5.0,43.0,0.0,2024120109,59700.0,,202412010rav,,401671666,6641.0,7,6,136.0,-162.0,3.0,-110.0,-110.0,50.0,-110.0,-110.0,0,outdoors,grass,41.0,7.0,00-0036389,00-0034796,Jalen Hurts,Lamar Jackson,Nick Sirianni,John Harbaugh,Craig Wrolstad,BAL00,M&T Bank Stadium,1160.166565146268,1143.740378123355,1139.4770142192401,1164.429929050383,0.5678309887978723,0.4321690112021277,44.0,31.0,0.65,2.2113884594003403,True,True,2018,2023,2018,2023,6,
2024_13_SF_BUF,2024,REG,13,2024-12-01,Sunday,20:20,SF,10.0,BUF,35.0,Home,25.0,45.0,0.0,2024120110,59701.0,,202412010buf,,401671781,6642.0,7,14,270.0,-340.0,6.5,-102.0,-118.0,45.0,-110.0,-110.0,0,outdoors,a_turf,28.0,11.0,00-0037834,00-0034857,Brock Purdy,Josh Allen,Kyle Shanahan,Sean McDermott,Alex Kemp,BUF00,New Era Field,1192.5510177297565,1065.5582836289354,1209.9160135441368,1048.193287814555,0.7128935967150735,0.28710640328492654,44.0,31.0,0.65,2.2113884594003403,True,True,2018,2023,2018,2023,6,
2024_13_CLE_DEN,2024,REG,13,2024-12-02,Monday,20:15,CLE,32.0,DEN,41.0,Home,9.0,73.0,0.0,2024120200,59702.0,,202412020den,,401671686,6643.0,11,8,235.0,-290.0,6.5,-108.0,-112.0,41.5,-110.0,-110.0,0,outdoors,grass,48.0,4.0,00-0031503,00-0039732,Jameis Winston,Bo Nix,Kevin Stefanski,Sean Payton,John Hussey,DEN00,Empower Field at Mile High,1048.751168952258,908.008285455554,1060.2756135724019,896.4838408354101,0.7288175349129273,0.27118246508707267,44.0,31.0,0.65,2.2113884594003403,True,True,2018,2023,2018,2023,6,
2024_14_GB_DET,2024,REG,14,2024-12-05,Thursday,20:15,GB,31.0,DET,34.0,Home,3.0,65.0,0.0,2024120500,59703.0,,202412050det,,401671814,6644.0,7,7,142.0,-170.0,3.0,100.0,-120.0,53.0,-110.0,-110.0,1,dome,fieldturf,,,00-0036264,00-0033106,Jordan Love,Jared Goff,Matt LaFleur,Dan Campbell,John Hussey,DET00,Ford Field,1208.0326768289372,1128.8443658040371,1217.135338586661,1119.7417040463133,0.6534626801981945,0.34653731980180547,44.0,31.0,0.65,2.2113884594003403,True,True,2018,2023,2018,2023,6,
2024_14_ATL_MIN,2024,REG,14,2024-12-08,Sunday,13:00,ATL,21.0,MIN,42.0,Home,21.0,63.0,0.0,2024120801,59705.0,,202412080min,,401671648,6646.0,7,7,205.0,-250.0,6.0,-110.0,-110.0,46.5,-108.0,-112.0,0,dome,sportturf,,,00-0029604,00-0034869,Kirk Cousins,Sam Darnold,Raheem Morris,Kevin O'Connell,Alex Kemp,MIN01,U.S. Bank Stadium,1096.2358139187709,928.2051917613744,1109.8436295957542,914.597376084391,0.7587268906462064,0.24127310935379365,44.0,31.0,0.65,2.2113884594003403,True,True,2018,2023,2018,2023,6,
2024_14_CAR_PHI,2024,REG,14,2024-12-08,Sunday,13:00,CAR,16.0,PHI,22.0,Home,6.0,38.0,0.0,2024120803,59707.0,,202412080phi,,401671713,6648.0,7,7,625.0,-950.0,14.0,-112.0,-108.0,44.5,-112.0,-108.0,0,outdoors,grass,55.0,16.0,00-0027973,00-0036389,Andy Dalton,Jalen Hurts,Dave Canales,Nick Sirianni,Carl Cheffers,PHI00,Lincoln Financial Field,1164.429929050383,800.0659004497568,1167.4867187394987,797.009110760641,0.9068611783446295,0.09313882165537046,44.0,31.0,0.65,2.2113884594003403,True,True,2018,2023,2018,2023,6,
2024_14_CLE_PIT,2024,REG,14,2024-12-08,Sunday,13:00,CLE,14.0,PIT,27.0,Home,13.0,41.0,0.0,2024120804,59708.0,,202412080pit,,401671631,6649.0,6,7,210.0,-258.0,6.0,-112.0,-108.0,43.0,-110.0,-110.0,1,outdoors,grass,49.0,12.0,00-0031503,00-0029263,Jameis Winston,Russell Wilson,Kevin Stefanski,Mike Tomlin,Land Clark,PIT00,Acrisure Stadium,1097.3395383478385,896.4838408354101,1107.2386080034662,886.5847711797823,0.7916118409608628,0.2083881590391372,44.0,31.0,0.65,2.2113884594003403,True,True,2018,2023,2018,2023,6,
2024_14_JAX_TEN,2024,REG,14,2024-12-08,Sunday,13:00,JAX,10.0,TEN,6.0,Home,-4.0,16.0,0.0,2024120806,59710.0,,202412080oti,,401671821,6651.0,7,7,142.0,-170.0,3.0,-105.0,-115.0,40.0,-108.0,-112.0,1,outdoors,grass,53.0,9.0,00-0036972,00-0034771,Mac Jones,Mason Rudolph,Doug Pederson,Brian Callahan,Tra Blake,NAS00,Nissan Stadium,878.9737560464922,892.7565209558422,862.0369098280233,909.6933671743111,0.5247573306943891,0.4752426693056109,44.0,31.0,0.65,2.2113884594003403,True,True,2018,2023,2018,2023,6,
2024_14_LV_TB,2024,REG,14,2024-12-08,Sunday,13:00,LV,13.0,TB,28.0,Home,15.0,41.0,0.0,2024120805,59709.0,,202412080tam,,401671654,6650.0,9,7,260.0,-325.0,7.0,-115.0,-105.0,47.0,-112.0,-108.0,0,outdoors,grass,71.0,4.0,00-0035289,00-0034855,Gardner Minshew,Baker Mayfield,Antonio Pierce,Todd Bowles,Alan Eck,TAM00,Raymond James Stadium,1025.982431505635,846.5939855091999,1037.5383890759658,835.0380279388692,0.7704923296480501,0.22950767035194986,44.0,31.0,0.65,2.2113884594003403,True,True,2018,2023,2018,2023,6,
2024_14_NO_NYG,2024,REG,14,2024-12-08,Sunday,13:00,NO,14.0,NYG,11.0,Home,-3.0,25.0,0.0,2024120802,59706.0,,202412080nyg,,401671601,6647.0,7,10,-245.0,200.0,-5.5,-115.0,-105.0,41.0,-110.0,-110.0,0,outdoors,fieldturf,54.0,13.0,00-0031280,00-0038476,Derek Carr,Tommy DeVito,Dennis Allen,Brian Daboll,Clete Blakeman,NYC01,MetLife Stadium,841.8049672324632,940.2779872650417,830.9902870635485,951.0926674339564,0.4041011005680432,0.5958988994319567,44.0,31.0,0.65,2.2113884594003403,True,True,2018,2023,2018,2023,6,
2024_14_NYJ_MIA,2024,REG,14,2024-12-08,Sunday,13:00,NYJ,26.0,MIA,32.0,Home,6.0,58.0,1.0,2024120800,59704.0,,202412080mia,,401671848,6645.0,7,10,240.0,-298.0,6.5,-108.0,-112.0,45.0,-112.0,-108.0,1,outdoors,grass,77.0,12.0,00-0023459,00-0036212,Aaron Rodgers,Tua Tagovailoa,Robert Saleh,Mike McDaniel,Shawn Hochuli,MIA00,Hard Rock Stadium,983.4544815394999,903.2460008368909,986.963377848528,899.7371045278627,0.654791317510054,0.34520868248994596,44.0,31.0,0.65,2.2113884594003403,True,True,2018,2023,2018,2023,6,
2024_14_SEA_ARI,2024,REG,14,2024-12-08,Sunday,16:05,SEA,30.0,ARI,18.0,Home,-12.0,48.0,0.0,2024120807,59711.0,,202412080crd,,401671660,6652.0,7,7,145.0,-175.0,3.0,-105.0,-115.0,45.5,-110.0,-110.0,1,closed,grass,,,00-0030565,00-0035228,Geno Smith,Kyler Murray,Mike Macdonald,Jonathan Gannon,Clay Martin,PHO00,State Farm Stadium,958.9429156762837,1028.249985332827,936.6163877113158,1050.576513297795,0.4450940037911576,0.5549059962088424,44.0,31.0,0.65,2.2113884594003403,True,True,2018,2023,2018,2023,6,
2024_14_BUF_LA,2024,REG,14,2024-12-08,Sunday,16:25,BUF,42.0,LA,44.0,Home,2.0,86.0,0.0,2024120808,59712.0,,202412080ram,,401671773,6653.0,7,7,-192.0,160.0,-3.5,-118.0,-102.0,49.5,-108.0,-112.0,0,dome,matrixturf,,,00-0034857,00-0026498,Josh Allen,Matthew Stafford,Sean McDermott,Sean McVay,Craig Wrolstad,LAX01,SoFi Stadium,998.9262516113554,1209.9160135441368,1016.4980016688198,1192.3442634866724,0.2619023600060407,0.7380976399939593,44.0,31.0,0.65,2.2113884594003403,True,True,2018,2023,2018,2023,6,
2024_14_CHI_SF,2024,REG,14,2024-12-08,Sunday,16:25,CHI,13.0,SF,38.0,Home,25.0,51.0,0.0,2024120809,59713.0,,202412080sfo,,401671774,6654.0,10,7,136.0,-162.0,3.0,-110.0,-110.0,43.5,-108.0,-112.0,0,outdoors,grass,65.0,4.0,00-0039918,00-0037834,Caleb Williams,Brock Purdy,Matt Eberflus,Kyle Shanahan,Ron Torbert,SFO01,Levi's Stadium,1048.193287814555,914.2016273359823,1065.0139108775938,897.3810042729435,0.7210685878876214,0.2789314121123786,44.0,31.0,0.65,2.2113884594003403,True,True,2018,2023,2018,2023,6,
2024_14_LAC_KC,2024,REG,14,2024-12-08,Sunday,20:20,LAC,17.0,KC,19.0,Home,2.0,36.0,0.0,2024120810,59714.0,,202412080kan,,401671788,6655.0,7,9,195.0,-238.0,5.0,-115.0,-105.0,43.5,-110.0,-110.0,1,outdoors,grass,50.0,10.0,00-0036355,00-0033873,Justin Herbert,Patrick Mahomes,Jim Harbaugh,Andy Reid,Bill Vinovich,KAN00,GEHA Field at Arrowhead Stadium,1189.5173231175334,1051.4388254821577,1195.083813111859,1045.872335487832,0.725775588790101,0.27422441120989904,44.0,31.0,0.65,2.2113884594003403,True,True,2018,2023,2018,2023,6,
2024_14_CIN_DAL,2024,REG,14,2024-12-09,Monday,20:15,CIN,27.0,DAL,20.0,Home,-7.0,47.0,0.0,2024120900,59715.0,,202412090dal,,401671690,6656.0,8,11,-230.0,190.0,-5.0,-110.0,-110.0,51.0,-112.0,-108.0,0,closed,matrixturf,,,00-0036442,00-0033662,Joe Burrow,Cooper Rush,Zac Taylor,Mike McCarthy,Scott Novak,DAL00,AT&T Stadium,976.6033996088601,979.8951282168871,953.9848583460786,1002.5136694796686,0.5397910840072814,0.4602089159927186,44.0,31.0,0.65,2.2113884594003403,True,True,2018,2023,2018,2023,6,
2024_15_LA_SF,2024,REG,15,2024-12-12,Thursday,20:15,LA,12.0,SF,6.0,Home,-6.0,18.0,0.0,2024121200,59716.0,,202412120sfo,,401671818,6657.0,4,4,130.0,-155.0,3.0,-118.0,-102.0,48.5,-110.0,-110.0,1,outdoors,grass,53.0,4.0,00-0026498,00-0037834,Matthew Stafford,Brock Purdy,Sean McVay,Kyle Shanahan,Clay Martin,SFO01,Levi's Stadium,1065.0139108775938,1016.4980016688198,1040.410977640568,1041.1009349058456,0.6124756184330746,0.38752438156692537,44.0,31.0,0.65,2.2113884594003403,True,True,2018,2023,2018,2023,6,
2024_15_BAL_NYG,2024,REG,15,2024-12-15,Sunday,13:00,BAL,35.0,NYG,14.0,Home,-21.0,49.0,0.0,2024121505,59722.0,,202412150nyg,,401671639,6663.0,14,7,-1800.0,1000.0,-16.5,-112.0,-108.0,43.5,-112.0,-108.0,0,outdoors,fieldturf,36.0,6.0,00-0034796,00-0038476,Lamar Jackson,Tommy DeVito,John Harbaugh,Brian Daboll,Brad Allen,NYC01,MetLife Stadium,830.9902870635485,1139.4770142192401,821.7958333180185,1148.67146796477,0.16835343443077122,0.8316465655692288,44.0,31.0,0.65,2.2113884594003403,True,True,2018,2023,2018,2023,6,
2024_15_CIN_TEN,2024,REG,15,2024-12-15,Sunday,13:00,CIN,37.0,TEN,27.0,Home,-10.0,64.0,0.0,2024121506,59723.0,,202412150oti,,401671825,6664.0,6,7,-250.0,205.0,-6.0,-110.0,-110.0,46.5,-112.0,-108.0,0,outdoors,grass,52.0,12.0,00-0036442,00-0039152,Joe Burrow,Will Levis,Zac Taylor,Brian Callahan,Craig Wrolstad,NAS00,Nissan Stadium,862.0369098280233,1002.5136694796686,846.2448583426833,1018.3057209650086,0.34746544214986275,0.6525345578501373,44.0,31.0,0.65,2.2113884594003403,True,True,2018,2023,2018,2023,6,
2024_15_DAL_CAR,2024,REG,15,2024-12-15,Sunday,13:00,DAL,30.0,CAR,14.0,Home,-16.0,44.0,0.0,2024121500,59717.0,,202412150car,,401671731,6658.0,6,7,120.0,-142.0,2.5,100.0,-120.0,42.0,-112.0,-108.0,0,outdoors,grass,45.0,7.0,00-0033662,00-0039150,Cooper Rush,Bryce Young,Mike McCarthy,Dave Canales,Bill Vinovich,CAR00,Bank of America Stadium,797.009110760641,953.9848583460786,779.6134502221366,971.3805188845829,0.3262544989774105,0.6737455010225895,44.0,31.0,0.65,2.2113884594003403,True,True,2018,2023,2018,2023,6,
2024_15_KC_CLE,2024,REG,15,2024-12-15,Sunday,13:00,KC,21.0,CLE,7.0,Home,-14.0,28.0,0.0,2024121501,59718.0,,202412150cle,,401671854,6659.0,7,7,-230.0,190.0,-4.5,-110.0,-110.0,41.5,-112.0,-108.0,0,outdoors,grass,40.0,18.0,00-0033873,00-0031503,Patrick Mahomes,Jameis Winston,Andy Reid,Kevin Stefanski,Tra Blake,CLE00,FirstEnergy Stadium,886.5847711797823,1195.083813111859,878.5300611447742,1203.1385231468669,0.1683435093786534,0.8316564906213466,44.0,31.0,0.65,2.2113884594003403,True,True,2018,2023,2018,2023,6,
2024_15_MIA_HOU,2024,REG,15,2024-12-15,Sunday,13:00,MIA,12.0,HOU,20.0,Home,8.0,32.0,0.0,2024121502,59719.0,,202412150htx,,401671860,6660.0,7,14,130.0,-155.0,2.5,-105.0,-115.0,46.5,-112.0,-108.0,0,closed,astroturf,,,00-0036212,00-0039163,Tua Tagovailoa,C.J. Stroud,Mike McDaniel,DeMeco Ryans,Alex Kemp,HOU00,NRG Stadium,1022.6599923005302,986.963377848528,1039.8524121086823,969.7709580403758,0.5948222051168088,0.40517779488319117,44.0,31.0,0.65,2.2113884594003403,True,True,2018,2023,2018,2023,6,
2024_15_NYJ_JAX,2024,REG,15,2024-12-15,Sunday,13:00,NYJ,32.0,JAX,25.0,Home,-7.0,57.0,0.0,2024121503,59720.0,,202412150jax,,401671706,6661.0,7,7,-175.0,145.0,-3.5,-102.0,-118.0,41.5,-112.0,-108.0,0,outdoors,grass,,,00-0023459,00-0036972,Aaron Rodgers,Mac Jones,Robert Saleh,Doug Pederson,Brad Rogers,JAX00,TIAA Bank Stadium,909.6933671743111,899.7371045278627,886.1401413617009,923.2903303404729,0.5586692937530102,0.4413307062469898,44.0,31.0,0.65,2.2113884594003403,True,True,2018,2023,2018,2023,6,
2024_15_WAS_NO,2024,REG,15,2024-12-15,Sunday,13:00,WAS,20.0,NO,19.0,Home,-1.0,39.0,0.0,2024121504,59721.0,,202412150nor,,401671737,6662.0,14,7,-375.0,295.0,-7.5,-112.0,-108.0,44.5,-108.0,-112.0,0,dome,sportturf,,,00-0039910,00-0038998,Jayden Daniels,Jake Haener,Dan Quinn,Dennis Allen,Shawn Hochuli,NOR00,Mercedes-Benz Superdome,951.0926674339564,990.0858963116382,944.3799002307227,996.7986635148719,0.4884988480503263,0.5115011519496737,44.0,31.0,0.65,2.2113884594003403,True,True,2018,2023,2018,2023,6,
2024_15_BUF_DET,2024,REG,15,2024-12-15,Sunday,16:25,BUF,48.0,DET,42.0,Home,-6.0,90.0,0.0,2024121509,59726.0,,202412150det,,401671681,6667.0,7,10,110.0,-130.0,2.5,-110.0,-110.0,55.5,-110.0,-110.0,0,dome,fieldturf,,,00-0034857,00-0033106,Josh Allen,Jared Goff,Sean McDermott,Dan Campbell,Adrian Hill,DET00,Ford Field,1217.135338586661,1192.3442634866724,1194.1103495767404,1215.369252496593,0.5796067429371419,0.42039325706285813,44.0,31.0,0.65,2.2113884594003403,True,True,2018,2023,2018,2023,6,
2024_15_IND_DEN,2024,REG,15,2024-12-15,Sunday,16:25,IND,13.0,DEN,31.0,Home,18.0,44.0,0.0,2024121508,59725.0,,202412150den,,401671669,6666.0,14,13,195.0,-238.0,4.5,-105.0,-115.0,43.5,-108.0,-112.0,0,outdoors,grass,55.0,15.0,00-0039164,00-0039732,Anthony Richardson,Bo Nix,Shane Steichen,Sean Payton,Carl Cheffers,DEN00,Empower Field at Mile High,1060.2756135724019,953.2445709348393,1077.4304120986515,936.0897724085896,0.6888118734164537,0.31118812658354633,44.0,31.0,0.65,2.2113884594003403,True,True,2018,2023,2018,2023,6,
2024_15_NE_ARI,2024,REG,15,2024-12-15,Sunday,16:25,NE,17.0,ARI,30.0,Home,13.0,47.0,0.0,2024121507,59724.0,,202412150crd,,401671677,6665.0,14,7,210.0,-258.0,6.0,-108.0,-112.0,46.5,-110.0,-110.0,0,closed,grass,,,00-0039851,00-0035228,Drake Maye,Kyler Murray,Jerod Mayo,Jonathan Gannon,Ron Torbert,PHO00,State Farm Stadium,936.6163877113158,857.1239340394123,953.9228215165803,839.8175002341479,0.6538590376603333,0.34614096233966674,44.0,31.0,0.65,2.2113884594003403,True,True,2018,2023,2018,2023,6,
2024_15_PIT_PHI,2024,REG,15,2024-12-15,Sunday,16:25,PIT,13.0,PHI,27.0,Home,14.0,40.0,0.0,2024121511,59728.0,,202412150phi,,401671766,6669.0,7,7,215.0,-265.0,5.5,-110.0,-110.0,43.0,-110.0,-110.0,0,outdoors,grass,37.0,5.0,00-0029263,00-0036389,Russell Wilson,Jalen Hurts,Mike Tomlin,Nick Sirianni,Alan Eck,PHI00,Lincoln Financial Field,1167.4867187394987,1107.2386080034662,1186.7130257290512,1088.0123010139137,0.6283783879388468,0.3716216120611532,44.0,31.0,0.65,2.2113884594003403,True,True,2018,2023,2018,2023,6,
2024_15_TB_LAC,2024,REG,15,2024-12-15,Sunday,16:25,TB,40.0,LAC,17.0,Home,-23.0,57.0,0.0,2024121510,59727.0,,202412150sdg,,401671762,6668.0,7,7,136.0,-162.0,3.0,-105.0,-115.0,46.0,-108.0,-112.0,0,dome,matrixturf,,,00-0034855,00-0036355,Baker Mayfield,Justin Herbert,Todd Bowles,Jim Harbaugh,Scott Novak,LAX01,SoFi Stadium,1045.872335487832,1037.5383890759658,1010.0508076900134,1073.3599168737844,0.5563654924684963,0.4436345075315037,44.0,31.0,0.65,2.2113884594003403,True,True,2018,2023,2018,2023,6,
2024_15_GB_SEA,2024,REG,15,2024-12-15,Sunday,20:20,GB,30.0,SEA,13.0,Home,-17.0,43.0,0.0,2024121512,59729.0,,202412150sea,,401671796,6670.0,10,7,-162.0,136.0,-3.0,-110.0,-110.0,48.0,-110.0,-110.0,0,outdoors,fieldturf,43.0,3.0,00-0036264,00-0030565,Jordan Love,Geno Smith,Matt LaFleur,Mike Macdonald,Clete Blakeman,SEA00,Lumen Field,1050.576513297795,1119.7417040463133,1025.4043570997553,1144.913860244353,0.4452957308456644,0.5547042691543356,44.0,31.0,0.65,2.2113884594003403,True,True,2018,2023,2018,2023,6,
2024_15_CHI_MIN,2024,REG,15,2024-12-16,Monday,20:00,CHI,12.0,MIN,30.0,Home,18.0,42.0,0.0,2024121600,59730.0,,202412160min,,401671489,6671.0,8,8,260.0,-325.0,7.0,-115.0,-105.0,43.5,-110.0,-110.0,1,dome,sportturf,,,00-0039918,00-0034869,Caleb Williams,Sam Darnold,Matt Eberflus,Kevin O'Connell,John Hussey,MIN01,U.S. Bank Stadium,1109.8436295957542,897.3810042729435,1120.265650095216,886.9589837734818,0.8024191967416138,0.19758080325838623,44.0,31.0,0.65,2.2113884594003403,True,True,2018,2023,2018,2023,6,
2024_15_ATL_LV,2024,REG,15,2024-12-16,Monday,20:30,ATL,15.0,LV,9.0,Home,-6.0,24.0,0.0,2024121601,59731.0,,202412160rai,,401671697,6672.0,8,8,-345.0,275.0,-6.5,-110.0,-110.0,44.5,-110.0,-110.0,0,dome,grass,,,00-0029604,00-0038579,Kirk Cousins,Aidan O'Connell,Raheem Morris,Antonio Pierce,Shawn Smith,VEG00,Allegiant Stadium,835.0380279388692,914.597376084391,818.7273695220377,930.9080345012225,0.43056898748407213,0.5694310125159279,44.0,31.0,0.65,2.2113884594003403,True,True,2018,2023,2018,2023,6,
2024_16_DEN_LAC,2024,REG,16,2024-12-19,Thursday,20:15,DEN,27.0,LAC,34.0,Home,7.0,61.0,0.0,2024121901,59742.0,,202412190sdg,,401671749,6673.0,4,4,124.0,-148.0,3.0,-120.0,100.0,41.5,-110.0,-110.0,1,dome,matrixturf,,,00-0039732,00-0036355,Bo Nix,Justin Herbert,Sean Payton,Jim Harbaugh,Clay Martin,LAX01,SoFi Stadium,1010.0508076900134,1077.4304120986515,1033.2805302047386,1054.2006895839263,0.4478360426886715,0.5521639573113285,44.0,31.0,0.65,2.2113884594003403,True,True,2018,2023,2018,2023,6,
2024_16_HOU_KC,2024,REG,16,2024-12-21,Saturday,13:00,HOU,19.0,KC,27.0,Home,8.0,46.0,0.0,2024122100,59733.0,,202412210kan,,401671780,6674.0,6,6,150.0,-180.0,3.5,-120.0,100.0,42.5,-108.0,-112.0,0,outdoors,grass,30.0,5.0,00-0039163,00-0033873,C.J. Stroud,Patrick Mahomes,DeMeco Ryans,Andy Reid,Carl Cheffers,KAN00,GEHA Field at Arrowhead Stadium,1203.1385231468669,1039.8524121086823,1213.032874340098,1029.9580609154511,0.7536919529316307,0.24630804706836928,44.0,31.0,0.65,2.2113884594003403,True,True,2018,2023,2018,2023,6,
2024_16_PIT_BAL,2024,REG,16,2024-12-21,Saturday,16:30,PIT,17.0,BAL,34.0,Home,17.0,51.0,0.0,2024122101,59734.0,,202412210rav,,401671778,6675.0,6,6,275.0,-345.0,7.0,-115.0,-105.0,44.5,-112.0,-108.0,1,outdoors,grass,35.0,15.0,00-0029263,00-0034796,Russell Wilson,Lamar Jackson,Mike Tomlin,John Harbaugh,Bill Vinovich,BAL00,M&T Bank Stadium,1148.67146796477,1088.0123010139137,1169.1580227299585,1067.5257462487252,0.6289307794671524,0.37106922053284763,44.0,31.0,0.65,2.2113884594003403,True,True,2018,2023,2018,2023,6,
2024_16_ARI_CAR,2024,REG,16,2024-12-22,Sunday,13:00,ARI,30.0,CAR,36.0,Home,6.0,66.0,1.0,2024122204,59737.0,,202412220car,,401671732,6677.0,7,7,-245.0,200.0,-5.5,-110.0,-110.0,47.0,-110.0,-110.0,0,outdoors,grass,37.0,10.0,00-0035228,00-0039150,Kyler Murray,Bryce Young,Jonathan Gannon,Dave Canales,Adrian Hill,CAR00,Bank of America Stadium,779.6134502221366,953.9228215165803,798.0552920285536,935.4809797101633,0.30471285273292453,0.6952871472670754,44.0,31.0,0.65,2.2113884594003403,True,True,2018,2023,2018,2023,6,
2024_16_CLE_CIN,2024,REG,16,2024-12-22,Sunday,13:00,CLE,6.0,CIN,24.0,Home,18.0,30.0,0.0,2024122214,59732.0,,202412220cin,,401671811,6679.0,7,7,425.0,-575.0,10.0,-108.0,-112.0,46.5,-112.0,-108.0,1,outdoors,fieldturf,33.0,6.0,00-0031503,00-0036442,Jameis Winston,Joe Burrow,Kevin Stefanski,Zac Taylor,Brad Rogers,CIN00,Paycor Stadium,1018.3057209650086,878.5300611447742,1033.1085598974116,863.7272222123713,0.7277157024663499,0.27228429753365013,44.0,31.0,0.65,2.2113884594003403,True,True,2018,2023,2018,2023,6,
2024_16_DET_CHI,2024,REG,16,2024-12-22,Sunday,13:00,DET,34.0,CHI,17.0,Home,-17.0,51.0,0.0,2024122205,59738.0,,202412220chi,,401671868,6678.0,7,6,-340.0,270.0,-7.0,-110.0,-110.0,47.5,-110.0,-110.0,1,outdoors,grass,29.0,7.0,00-0033106,00-0039918,Jared Goff,Caleb Williams,Dan Campbell,Matt Eberflus,Clete Blakeman,CHI98,Soldier Field,886.9589837734818,1194.1103495767404,878.3016654434126,1202.7676679068097,0.16943243511186293,0.8305675648881371,44.0,31.0,0.65,2.2113884594003403,True,True,2018,2023,2018,2023,6,
2024_16_LA_NYJ,2024,REG,16,2024-12-22,Sunday,13:00,LA,19.0,NYJ,9.0,Home,-10.0,28.0,0.0,2024122207,59740.0,,202412220nyj,,401671621,6681.0,10,7,-162.0,136.0,-3.0,-105.0,-115.0,47.0,-110.0,-110.0,0,outdoors,fieldturf,23.0,8.0,00-0026498,00-0023459,Matthew Stafford,Aaron Rodgers,Sean McVay,Robert Saleh,Ron Torbert,NYC01,MetLife Stadium,923.2903303404729,1041.1009349058456,905.9583088584883,1058.4329563878302,0.37760599971191416,0.6223940002880859,44.0,31.0,0.65,2.2113884594003403,True,True,2018,2023,2018,2023,6,
2024_16_NYG_ATL,2024,REG,16,2024-12-22,Sunday,13:00,NYG,7.0,ATL,34.0,Home,27.0,41.0,0.0,2024122202,59735.0,,202412220atl,,401671729,6676.0,7,6,410.0,-550.0,9.5,-110.0,-110.0,42.5,-110.0,-110.0,0,closed,fieldturf,,,00-0038476,00-0039917,Tommy DeVito,Michael Penix Jr.,Brian Daboll,Raheem Morris,Tra Blake,ATL97,Mercedes-Benz Stadium,930.9080345012225,821.7958333180185,950.145055382823,802.558812436418,0.6913739851479929,0.30862601485200714,44.0,31.0,0.65,2.2113884594003403,True,True,2018,2023,2018,2023,6,
2024_16_PHI_WAS,2024,REG,16,2024-12-22,Sunday,13:00,PHI,33.0,WAS,36.0,Home,3.0,69.0,0.0,2024122208,59741.0,,202412220was,,401671717,6682.0,7,7,-218.0,180.0,-4.0,-115.0,-105.0,47.0,-110.0,-110.0,1,outdoors,grass,32.0,8.0,00-0036389,00-0039910,Jalen Hurts,Jayden Daniels,Nick Sirianni,Dan Quinn,Shawn Smith,WAS00,FedExField,996.7986635148719,1186.7130257290512,1018.0257077820992,1165.485981461824,0.2860217579783768,0.7139782420216232,44.0,31.0,0.65,2.2113884594003403,True,True,2018,2023,2018,2023,6,
2024_16_TEN_IND,2024,REG,16,2024-12-22,Sunday,13:00,TEN,30.0,IND,38.0,Home,8.0,68.0,0.0,2024122206,59739.0,,202412220clt,,401671862,6680.0,7,7,164.0,-198.0,4.0,-112.0,-108.0,42.5,-108.0,-112.0,1,closed,fieldturf,,,00-0034771,00-0026158,Mason Rudolph,Joe Flacco,Brian Callahan,Shane Steichen,John Hussey,IND00,Lucas Oil Stadium,936.0897724085896,846.2448583426833,949.8807662821305,832.4538644691424,0.6672202283885182,0.33277977161148176,44.0,31.0,0.65,2.2113884594003403,True,True,2018,2023,2018,2023,6,
2024_16_MIN_SEA,2024,REG,16,2024-12-22,Sunday,16:05,MIN,27.0,SEA,24.0,Home,-3.0,51.0,0.0,2024122210,59743.0,,202412220sea,,401671759,6683.0,6,7,-148.0,124.0,-2.5,-115.0,-105.0,43.0,-115.0,-105.0,0,outdoors,fieldturf,48.0,5.0,00-0034869,00-0030565,Sam Darnold,Geno Smith,Kevin O'Connell,Mike Macdonald,Craig Wrolstad,SEA00,Lumen Field,1025.4043570997553,1120.265650095216,1014.4379611452432,1131.232046049728,0.4091174100843127,0.5908825899156873,44.0,31.0,0.65,2.2113884594003403,True,True,2018,2023,2018,2023,6,
2024_16_JAX_LV,2024,REG,16,2024-12-22,Sunday,16:25,JAX,14.0,LV,19.0,Home,5.0,33.0,0.0,2024122211,59744.0,,202412220rai,,401671673,6685.0,7,6,110.0,-130.0,2.5,-110.0,-110.0,41.5,-112.0,-108.0,0,dome,grass,,,00-0036972,00-0038579,Mac Jones,Aidan O'Connell,Doug Pederson,Antonio Pierce,Shawn Hochuli,VEG00,Allegiant Stadium,818.7273695220377,886.1401413617009,838.7453750214081,866.1221358623305,0.44778883091642735,0.5522111690835727,44.0,31.0,0.65,2.2113884594003403,True,True,2018,2023,2018,2023,6,
2024_16_NE_BUF,2024,REG,16,2024-12-22,Sunday,16:25,NE,21.0,BUF,24.0,Home,3.0,45.0,0.0,2024122203,59736.0,,202412220buf,,401671494,6684.0,7,7,700.0,-1100.0,14.0,-110.0,-110.0,48.0,-110.0,-110.0,1,outdoors,a_turf,14.0,2.0,00-0039851,00-0034857,Drake Maye,Josh Allen,Jerod Mayo,Sean McDermott,Brad Allen,BUF00,New Era Field,1215.369252496593,839.8175002341479,1217.4142422024413,837.7725105282994,0.9121601262117136,0.0878398737882864,44.0,31.0,0.65,2.2113884594003403,True,True,2018,2023,2018,2023,6,
2024_16_SF_MIA,2024,REG,16,2024-12-22,Sunday,16:25,SF,17.0,MIA,29.0,Home,12.0,46.0,0.0,2024122212,59745.0,,202412220mia,,401671874,6686.0,10,7,-125.0,105.0,-2.0,-108.0,-112.0,44.0,-108.0,-112.0,0,outdoors,grass,73.0,12.0,00-0037834,00-0036212,Brock Purdy,Tua Tagovailoa,Kyle Shanahan,Mike McDaniel,Scott Novak,MIA00,Hard Rock Stadium,969.7709580403758,1040.410977640568,998.7085554812817,1011.4733801996622,0.4431996737758854,0.5568003262241146,44.0,31.0,0.65,2.2113884594003403,True,True,2018,2023,2018,2023,6,
2024_16_TB_DAL,2024,REG,16,2024-12-22,Sunday,20:20,TB,24.0,DAL,26.0,Home,2.0,50.0,0.0,2024122213,59746.0,,202412220dal,,401671790,6687.0,7,7,-218.0,180.0,-4.5,-105.0,-115.0,47.5,-110.0,-110.0,0,closed,matrixturf,,,00-0034855,00-0033662,Baker Mayfield,Cooper Rush,Todd Bowles,Mike McCarthy,Land Clark,DAL00,AT&T Stadium,971.3805188845829,1073.3599168737844,984.9501656604265,1059.790270097941,0.39925019864869077,0.6007498013513093,44.0,31.0,0.65,2.2113884594003403,True,True,2018,2023,2018,2023,6,
2024_16_NO_GB,2024,REG,16,2024-12-23,Monday,20:15,NO,0.0,GB,34.0,Home,34.0,34.0,0.0,2024122300,59747.0,,202412230gnb,,401671692,6688.0,8,8,625.0,-950.0,14.0,-105.0,-115.0,44.0,-110.0,-110.0,0,outdoors,grass,34.0,12.0,00-0038998,00-0036264,Jake Haener,Jordan Love,Dennis Allen,Matt LaFleur,Alex Kemp,GNB00,Lambeau Field,1144.913860244353,944.3799002307227,1158.2712545323038,931.0225059427719,0.7913061538032521,0.2086938461967479,44.0,31.0,0.65,2.2113884594003403,True,True,2018,2023,2018,2023,6,
2024_17_KC_PIT,2024,REG,17,2024-12-25,Wednesday,13:00,KC,29.0,PIT,10.0,Home,-19.0,39.0,0.0,2024122500,59748.0,,202412250pit,,401671799,6689.0,4,4,-162.0,136.0,-3.0,-105.0,-115.0,43.5,-110.0,-110.0,0,outdoors,grass,39.0,2.0,00-0033873,00-0029263,Patrick Mahomes,Russell Wilson,Andy Reid,Mike Tomlin,Craig Wrolstad,PIT00,Acrisure Stadium,1067.5257462487252,1213.032874340098,1048.2096648385002,1232.348955750323,0.3409292264434233,0.6590707735565766,44.0,31.0,0.65,2.2113884594003403,True,True,2018,2023,2018,2023,6,
2024_17_BAL_HOU,2024,REG,17,2024-12-25,Wednesday,16:30,BAL,31.0,HOU,2.0,Home,-29.0,33.0,0.0,2024122501,59749.0,,202412250htx,,401671800,6690.0,4,4,-245.0,200.0,-5.5,-108.0,-112.0,46.5,-112.0,-108.0,0,closed,astroturf,,,00-0034796,00-0039163,Lamar Jackson,C.J. Stroud,John Harbaugh,DeMeco Ryans,Alan Eck,HOU00,NRG Stadium,1029.9580609154511,1169.1580227299585,1007.4384663336181,1191.6776173117914,0.3491337576129134,0.6508662423870866,44.0,31.0,0.65,2.2113884594003403,True,True,2018,2023,2018,2023,6,
2024_17_SEA_CHI,2024,REG,17,2024-12-26,Thursday,20:15,SEA,6.0,CHI,3.0,Home,-3.0,9.0,0.0,2024122600,59750.0,,202412260chi,,401671876,6691.0,4,4,-192.0,160.0,-3.5,-118.0,-102.0,43.5,-112.0,-108.0,0,outdoors,grass,47.0,5.0,00-0030565,00-0039918,Geno Smith,Caleb Williams,Mike Macdonald,Matt Eberflus,Scott Novak,CHI98,Soldier Field,878.3016654434126,1014.4379611452432,869.0049245599777,1023.7347020286782,0.353151910740667,0.646848089259333,44.0,31.0,0.65,2.2113884594003403,True,True,2018,2023,2018,2023,6,
2024_17_LAC_NE,2024,REG,17,2024-12-28,Saturday,13:00,LAC,40.0,NE,7.0,Home,-33.0,47.0,0.0,2024122800,59753.0,,202412280nwe,,401671832,6692.0,9,6,-305.0,245.0,-6.0,-118.0,-102.0,42.0,-108.0,-112.0,0,outdoors,fieldturf,40.0,4.0,00-0036355,00-0039851,Justin Herbert,Drake Maye,Jim Harbaugh,Jerod Mayo,John Hussey,BOS00,Gillette Stadium,837.7725105282994,1033.2805302047386,819.526615554515,1051.526425178523,0.2794917109589059,0.7205082890410941,44.0,31.0,0.65,2.2113884594003403,True,True,2018,2023,2018,2023,6,
2024_17_DEN_CIN,2024,REG,17,2024-12-28,Saturday,16:30,DEN,24.0,CIN,30.0,Home,6.0,54.0,1.0,2024122801,59751.0,,202412280cin,,401671835,6693.0,9,6,145.0,-175.0,3.5,-115.0,-105.0,50.5,-110.0,-110.0,0,outdoors,fieldturf,60.0,8.0,00-0039732,00-0036442,Bo Nix,Joe Burrow,Sean Payton,Zac Taylor,Adrian Hill,CIN00,Paycor Stadium,1033.1085598974116,1054.2006895839263,1042.1951714380807,1045.1140780432572,0.5142547076574205,0.48574529234257946,44.0,31.0,0.65,2.2113884594003403,True,True,2018,2023,2018,2023,6,
2024_17_ARI_LA,2024,REG,17,2024-12-28,Saturday,20:15,ARI,9.0,LA,13.0,Home,4.0,22.0,0.0,2024122802,59752.0,,202412280ram,,401671829,6694.0,6,6,270.0,-340.0,6.5,100.0,-120.0,48.0,-112.0,-108.0,1,dome,matrixturf,,,00-0035228,00-0026498,Kyler Murray,Matthew Stafford,Jonathan Gannon,Sean McVay,Brad Rogers,LAX01,SoFi Stadium,1058.4329563878302,935.4809797101633,1067.168848770207,926.7450873277867,0.7081092531131152,0.29189074688688477,44.0,31.0,0.65,2.2113884594003403,True,True,2018,2023,2018,2023,6,
2024_17_CAR_TB,2024,REG,17,2024-12-29,Sunday,13:00,CAR,14.0,TB,48.0,Home,34.0,62.0,0.0,2024122909,59760.0,,202412290tam,,401671653,6700.0,7,7,380.0,-500.0,9.5,-105.0,-115.0,47.5,-108.0,-112.0,1,outdoors,grass,76.0,8.0,00-0039150,00-0034855,Bryce Young,Baker Mayfield,Dave Canales,Todd Bowles,Clay Martin,TAM00,Raymond James Stadium,1059.790270097941,798.0552920285536,1069.5560223843893,788.2895397421051,0.8435810488264229,0.15641895117357707,44.0,31.0,0.65,2.2113884594003403,True,True,2018,2023,2018,2023,6,
2024_17_DAL_PHI,2024,REG,17,2024-12-29,Sunday,13:00,DAL,7.0,PHI,41.0,Home,34.0,48.0,0.0,2024122910,59761.0,,202412290phi,,401671765,6699.0,7,7,260.0,-325.0,7.5,-112.0,-108.0,37.5,-108.0,-112.0,1,outdoors,grass,62.0,10.0,00-0033662,00-0036389,Cooper Rush,Jalen Hurts,Mike McCarthy,Nick Sirianni,Brad Allen,PHI00,Lincoln Financial Field,1165.485981461824,984.9501656604265,1180.2221356928383,970.2140114294122,0.7716581935819231,0.2283418064180769,44.0,31.0,0.65,2.2113884594003403,True,True,2018,2023,2018,2023,6,
2024_17_IND_NYG,2024,REG,17,2024-12-29,Sunday,13:00,IND,33.0,NYG,45.0,Home,12.0,78.0,0.0,2024122903,59754.0,,202412290nyg,,401671846,6698.0,7,7,-410.0,320.0,-7.5,-112.0,-108.0,40.5,-112.0,-108.0,0,outdoors,fieldturf,54.0,0.0,00-0026158,00-0038476,Joe Flacco,Tommy DeVito,Shane Steichen,Brian Daboll,Bill Vinovich,NYC01,MetLife Stadium,802.558812436418,949.8807662821305,838.1983490954348,914.2412296231137,0.3385857431657934,0.6614142568342066,44.0,31.0,0.65,2.2113884594003403,True,True,2018,2023,2018,2023,6,
2024_17_LV_NO,2024,REG,17,2024-12-29,Sunday,13:00,LV,25.0,NO,10.0,Home,-15.0,35.0,0.0,2024122908,59759.0,,202412290nor,,401671738,6697.0,7,6,-125.0,105.0,-2.0,-110.0,-110.0,37.5,-112.0,-108.0,0,dome,sportturf,,,00-0038579,00-0038998,Aidan O'Connell,Jake Haener,Antonio Pierce,Dennis Allen,Land Clark,NOR00,Mercedes-Benz Superdome,931.0225059427719,838.7453750214081,891.848275405198,877.919605558982,0.6703216544791343,0.3296783455208657,44.0,31.0,0.65,2.2113884594003403,True,True,2018,2023,2018,2023,6,
2024_17_NYJ_BUF,2024,REG,17,2024-12-29,Sunday,13:00,NYJ,14.0,BUF,40.0,Home,26.0,54.0,0.0,2024122905,59756.0,,202412290buf,,401671495,6695.0,7,7,390.0,-520.0,10.0,-105.0,-115.0,44.5,-112.0,-108.0,1,outdoors,a_turf,54.0,15.0,00-0023459,00-0034857,Aaron Rodgers,Josh Allen,Robert Saleh,Sean McDermott,Clete Blakeman,BUF00,New Era Field,1217.4142422024413,905.9583088584883,1224.3509880035524,899.0215630573772,0.8777544135036126,0.12224558649638739,44.0,31.0,0.65,2.2113884594003403,True,True,2018,2023,2018,2023,6,
2024_17_TEN_JAX,2024,REG,17,2024-12-29,Sunday,13:00,TEN,13.0,JAX,20.0,Home,7.0,33.0,0.0,2024122906,59757.0,,202412290jax,,401671634,6696.0,7,7,-108.0,-112.0,-1.0,-105.0,-115.0,38.0,-110.0,-110.0,1,outdoors,grass,72.0,16.0,00-0034771,00-0036972,Mason Rudolph,Mac Jones,Brian Callahan,Doug Pederson,Shawn Smith,JAX00,TIAA Bank Stadium,866.1221358623305,832.4538644691424,882.5207517742768,816.0552485571961,0.5920050804026646,0.40799491959733536,44.0,31.0,0.65,2.2113884594003403,True,True,2018,2023,2018,2023,6,
2024_17_MIA_CLE,2024,REG,17,2024-12-29,Sunday,16:05,MIA,20.0,CLE,3.0,Home,-17.0,23.0,0.0,2024122911,59762.0,,202412290cle,,401671877,6701.0,7,7,-170.0,142.0,-3.0,-115.0,-105.0,32.5,-112.0,-108.0,0,outdoors,grass,54.0,15.0,00-0035993,00-0031503,Tyler Huntley,Jameis Winston,Mike McDaniel,Kevin Stefanski,Ron Torbert,CLE00,FirstEnergy Stadium,863.7272222123713,998.7085554812817,844.2506669787476,1018.1851107149054,0.3546721433063199,0.6453278566936801,44.0,31.0,0.65,2.2113884594003403,True,True,2018,2023,2018,2023,6,
2024_17_GB_MIN,2024,REG,17,2024-12-29,Sunday,16:25,GB,25.0,MIN,27.0,Home,2.0,52.0,0.0,2024122907,59758.0,,202412290min,,401671725,6702.0,6,7,-112.0,-108.0,-1.0,-105.0,-115.0,49.0,-110.0,-110.0,1,dome,sportturf,,,00-0036264,00-0034869,Jordan Love,Sam Darnold,Matt LaFleur,Kevin O'Connell,Carl Cheffers,MIN01,U.S. Bank Stadium,1131.232046049728,1158.2712545323038,1142.0175812773648,1147.485719304667,0.5056997902743015,0.49430020972569855,44.0,31.0,0.65,2.2113884594003403,True,True,2018,2023,2018,2023,6,
2024_17_ATL_WAS,2024,REG,17,2024-12-29,Sunday,20:20,ATL,24.0,WAS,30.0,Home,6.0,54.0,1.0,2024122904,59755.0,,202412290was,,401671842,6703.0,7,7,160.0,-192.0,3.5,-115.0,-105.0,46.5,-110.0,-110.0,0,outdoors,grass,58.0,10.0,00-0039917,00-0039910,Michael Penix Jr.,Jayden Daniels,Raheem Morris,Dan Quinn,Alex Kemp,WAS00,FedExField,1018.0257077820992,950.145055382823,1022.154118887262,946.0166442776601,0.6385792028753526,0.36142079712464736,44.0,31.0,0.65,2.2113884594003403,True,True,2018,2023,2018,2023,6,
2024_17_DET_SF,2024,REG,17,2024-12-30,Monday,20:15,DET,40.0,SF,34.0,Home,-6.0,74.0,0.0,2024123000,59763.0,,202412300sfo,,401671698,6704.0,8,8,-230.0,190.0,-4.0,-112.0,-108.0,50.5,-110.0,-110.0,0,outdoors,grass,,,00-0033106,00-0037834,Jared Goff,Brock Purdy,Dan Campbell,Kyle Shanahan,Shawn Hochuli,SFO01,Levi's Stadium,1011.4733801996622,1202.7676679068097,1001.2097704382314,1213.0312776682406,0.28440235271704606,0.7155976472829539,44.0,31.0,0.65,2.2113884594003403,True,True,2018,2023,2018,2023,6,
2024_18_CLE_BAL,2024,REG,18,2025-01-04,Saturday,16:30,CLE,10.0,BAL,35.0,Home,25.0,45.0,0.0,2025010400,59766.0,,202501040rav,,401671834,6705.0,6,10,1200.0,-2400.0,19.5,-105.0,-115.0,42.5,-108.0,-112.0,1,outdoors,grass,31.0,16.0,00-0038108,00-0034796,Bailey Zappe,Lamar Jackson,Kevin Stefanski,John Harbaugh,Scott Novak,BAL00,M&T Bank Stadium,1191.6776173117914,844.2506669787476,1197.3032334567063,838.6250508338328,0.8982930430711017,0.1017069569288983,44.0,31.0,0.65,2.2113884594003403,True,True,2018,2023,2018,2023,6,
2024_18_CIN_PIT,2024,REG,18,2025-01-04,Saturday,20:00,CIN,19.0,PIT,17.0,Home,-2.0,36.0,0.0,2025010401,59777.0,,202501040pit,,401671836,6706.0,7,10,-148.0,124.0,-2.5,-118.0,-102.0,48.5,-112.0,-108.0,1,outdoors,grass,19.0,10.0,00-0036442,00-0029263,Joe Burrow,Russell Wilson,Zac Taylor,Mike Tomlin,John Hussey,PIT00,Acrisure Stadium,1048.2096648385002,1042.1951714380807,1035.913227117911,1054.49160915867,0.5530675179862258,0.4469324820137742,44.0,31.0,0.65,2.2113884594003403,True,True,2018,2023,2018,2023,6,
2024_18_BUF_NE,2024,REG,18,2025-01-05,Sunday,13:00,BUF,16.0,NE,23.0,Home,7.0,39.0,0.0,2025010510,59774.0,,202501050nwe,,401671831,6711.0,7,8,-166.0,140.0,-3.0,-112.0,-108.0,36.5,-108.0,-112.0,1,outdoors,fieldturf,33.0,14.0,00-0033869,00-0039398,Mitchell Trubisky,Joe Milton III,Sean McDermott,Jerod Mayo,Alan Eck,BOS00,Gillette Stadium,819.526615554515,1224.3509880035524,864.1793663150497,1179.6982372430177,0.10415324250659262,0.8958467574934074,44.0,31.0,0.65,2.2113884594003403,True,True,2018,2023,2018,2023,6,
2024_18_CAR_ATL,2024,REG,18,2025-01-05,Sunday,13:00,CAR,44.0,ATL,38.0,Home,-6.0,82.0,1.0,2025010501,59765.0,,202501050atl,,401671827,6707.0,7,7,300.0,-380.0,7.5,-105.0,-115.0,48.5,-108.0,-112.0,1,closed,fieldturf,,,00-0039150,00-0039917,Bryce Young,Michael Penix Jr.,Dave Canales,Raheem Morris,Land Clark,ATL97,Mercedes-Benz Stadium,946.0166442776601,788.2895397421051,924.9384873308022,809.3676966889631,0.7477033147579594,0.25229668524204063,44.0,31.0,0.65,2.2113884594003403,True,True,2018,2023,2018,2023,6,
2024_18_CHI_GB,2024,REG,18,2025-01-05,Sunday,13:00,CHI,24.0,GB,22.0,Home,-2.0,46.0,0.0,2025010506,59770.0,,202501050gnb,,401671844,6709.0,10,7,320.0,-410.0,10.0,-115.0,-105.0,41.5,-108.0,-112.0,1,outdoors,grass,16.0,13.0,00-0039918,00-0036264,Caleb Williams,Jordan Love,Matt Eberflus,Matt LaFleur,Clay Martin,GNB00,Lambeau Field,1147.485719304667,869.0049245599777,1125.7142128180676,890.7764310465773,0.8558837951549232,0.1441162048450768,44.0,31.0,0.65,2.2113884594003403,True,True,2018,2023,2018,2023,6,
2024_18_HOU_TEN,2024,REG,18,2025-01-05,Sunday,13:00,HOU,23.0,TEN,14.0,Home,-9.0,37.0,0.0,2025010515,59779.0,,202501050oti,,401671826,6714.0,11,7,120.0,-142.0,2.5,-108.0,-112.0,36.5,-108.0,-112.0,1,outdoors,grass,35.0,10.0,00-0036898,00-0034771,Davis Mills,Mason Rudolph,DeMeco Ryans,Brian Callahan,Brad Allen,NAS00,Nissan Stadium,816.0552485571961,1007.4384663336181,803.9152798615555,1019.5784350292587,0.2842981789240617,0.7157018210759383,44.0,31.0,0.65,2.2113884594003403,True,True,2018,2023,2018,2023,6,
2024_18_JAX_IND,2024,REG,18,2025-01-05,Sunday,13:00,JAX,23.0,IND,26.0,Home,3.0,49.0,1.0,2025010507,59771.0,,202501050clt,,401671837,6710.0,7,7,150.0,-180.0,3.5,-110.0,-110.0,45.5,-105.0,-110.0,1,closed,fieldturf,,,00-0036972,00-0026158,Mac Jones,Joe Flacco,Doug Pederson,Shane Steichen,Alex Kemp,IND00,Lucas Oil Stadium,914.2412296231137,882.5207517742768,918.551123969146,878.2108574282445,0.5892941241933706,0.41070587580662943,44.0,31.0,0.65,2.2113884594003403,True,True,2018,2023,2018,2023,6,
2024_18_NO_TB,2024,REG,18,2025-01-05,Sunday,13:00,NO,19.0,TB,27.0,Home,8.0,46.0,0.0,2025010514,59778.0,,202501050tam,,401671828,6713.0,7,7,675.0,-1050.0,14.5,-102.0,-118.0,44.5,-112.0,-108.0,1,outdoors,grass,68.0,6.0,00-0039376,00-0034855,Spencer Rattler,Baker Mayfield,Dennis Allen,Todd Bowles,Adrian Hill,TAM00,Raymond James Stadium,1069.5560223843893,891.848275405198,1078.7887851301446,882.6155126594427,0.7687770070802513,0.23122299291974868,44.0,31.0,0.65,2.2113884594003403,True,True,2018,2023,2018,2023,6,
2024_18_NYG_PHI,2024,REG,18,2025-01-05,Sunday,13:00,NYG,13.0,PHI,20.0,Home,7.0,33.0,0.0,2025010512,59776.0,,202501050phi,,401671841,6712.0,7,7,130.0,-155.0,3.0,-110.0,-110.0,36.5,-118.0,-102.0,1,outdoors,grass,31.0,19.0,00-0035704,00-0038400,Drew Lock,Tanner McKee,Brian Daboll,Nick Sirianni,Ron Torbert,PHI00,Lincoln Financial Field,1180.2221356928383,838.1983490954348,1183.921938715783,834.4985460724901,0.8954159707245126,0.10458402927548738,44.0,31.0,0.65,2.2113884594003403,True,True,2018,2023,2018,2023,6,
2024_18_WAS_DAL,2024,REG,18,2025-01-05,Sunday,13:00,WAS,23.0,DAL,19.0,Home,-4.0,42.0,0.0,2025010503,59767.0,,202501050dal,,401671840,6708.0,7,7,-310.0,250.0,-7.0,-108.0,-112.0,43.5,-118.0,-102.0,1,closed,matrixturf,,,00-0039910,00-0037012,Jayden Daniels,Trey Lance,Dan Quinn,Mike McCarthy,Clete Blakeman,DAL00,AT&T Stadium,970.2140114294122,1022.154118887262,955.3082470390915,1037.0598832775827,0.46990119906133376,0.5300988009386662,44.0,31.0,0.65,2.2113884594003403,True,True,2018,2023,2018,2023,6,
2024_18_KC_DEN,2024,REG,18,2025-01-05,Sunday,16:25,KC,0.0,DEN,38.0,Home,38.0,38.0,0.0,2025010504,59768.0,,202501050den,,401671838,6716.0,11,8,370.0,-485.0,10.5,-115.0,-105.0,40.5,-115.0,-105.0,1,outdoors,grass,28.0,5.0,00-0032950,00-0039732,Carson Wentz,Bo Nix,Andy Reid,Sean Payton,Shawn Hochuli,DEN00,Empower Field at Mile High,1045.1140780432572,1232.348955750323,1100.8892946546423,1176.573739138938,0.28918198372412585,0.7108180162758742,44.0,31.0,0.65,2.2113884594003403,True,True,2018,2023,2018,2023,6,
2024_18_LAC_LV,2024,REG,18,2025-01-05,Sunday,16:25,LAC,34.0,LV,20.0,Home,-14.0,54.0,0.0,2025010509,59773.0,,202501050rai,,401671839,6718.0,8,7,-345.0,275.0,-7.0,-118.0,-102.0,42.5,-112.0,-108.0,1,dome,grass,,,00-0036355,00-0038579,Justin Herbert,Aidan O'Connell,Jim Harbaugh,Antonio Pierce,Carl Cheffers,VEG00,Allegiant Stadium,877.919605558982,1051.526425178523,862.4571368314051,1066.9888939060997,0.3055703475162512,0.6944296524837488,44.0,31.0,0.65,2.2113884594003403,True,True,2018,2023,2018,2023,6,
2024_18_MIA_NYJ,2024,REG,18,2025-01-05,Sunday,16:25,MIA,20.0,NYJ,32.0,Home,12.0,52.0,0.0,2025010511,59775.0,,202501050nyj,,401671833,6719.0,7,7,102.0,-122.0,1.5,-110.0,-110.0,39.5,-112.0,-108.0,1,outdoors,fieldturf,34.0,10.0,00-0036212,00-0023459,Tua Tagovailoa,Aaron Rodgers,Mike McDaniel,Robert Saleh,Tra Blake,NYC01,MetLife Stadium,899.0215630573772,1018.1851107149054,932.2085889309504,984.9980848413321,0.3757773794216649,0.6242226205783351,44.0,31.0,0.65,2.2113884594003403,True,True,2018,2023,2018,2023,6,
2024_18_SEA_LA,2024,REG,18,2025-01-05,Sunday,16:25,SEA,30.0,LA,25.0,Home,-5.0,55.0,0.0,2025010508,59772.0,,202501050ram,,401671830,6717.0,10,8,-360.0,285.0,-7.5,-110.0,-110.0,38.5,-112.0,-108.0,1,dome,matrixturf,,,00-0030565,00-0031345,Geno Smith,Jimmy Garoppolo,Mike Macdonald,Sean McVay,Bill Vinovich,LAX01,SoFi Stadium,1067.168848770207,1023.7347020286782,1044.8260898161498,1046.0774609827354,0.6055100250884417,0.39448997491155835,44.0,31.0,0.65,2.2113884594003403,True,True,2018,2023,2018,2023,6,
2024_18_SF_ARI,2024,REG,18,2025-01-05,Sunday,16:25,SF,24.0,ARI,47.0,Home,23.0,71.0,0.0,2025010500,59764.0,,202501050crd,,401671845,6715.0,6,8,160.0,-192.0,4.5,-110.0,-110.0,42.5,-110.0,-110.0,1,closed,grass,,,00-0033949,00-0035228,Joshua Dobbs,Kyler Murray,Kyle Shanahan,Jonathan Gannon,Shawn Smith,PHO00,State Farm Stadium,926.7450873277867,1001.2097704382314,963.01330764572,964.9415501202981,0.437773576736032,0.562226423263968,44.0,31.0,0.65,2.2113884594003403,True,True,2018,2023,2018,2023,6,
2024_18_MIN_DET,2024,REG,18,2025-01-05,Sunday,20:20,MIN,9.0,DET,31.0,Home,22.0,40.0,0.0,2025010505,59769.0,,202501050det,,401671843,6720.0,7,6,124.0,-148.0,3.0,-118.0,-102.0,56.5,-102.0,-118.0,1,dome,fieldturf,,,00-0034869,00-0033106,Sam Darnold,Jared Goff,Kevin O'Connell,Dan Campbell,Brad Rogers,DET00,Ford Field,1213.0312776682406,1142.0175812773648,1234.3324518018796,1120.7164071437257,0.6427311735276652,0.3572688264723348,44.0,31.0,0.65,2.2113884594003403,True,True,2018,2023,2018,2023,6,
2024_19_LAC_HOU,2024,WC,19,2025-01-11,Saturday,16:30,LAC,12.0,HOU,32.0,Home,20.0,44.0,0.0,2025011100,59829.0,,202501110htx,,401671878,6721.0,6,6,-162.0,136.0,-3.0,-105.0,-115.0,41.5,-108.0,-112.0,0,closed,astroturf,,,00-0036355,00-0039163,Justin Herbert,C.J. Stroud,Jim Harbaugh,DeMeco Ryans,Land Clark,HOU00,NRG Stadium,1019.5784350292587,1066.9888939060997,1051.5347948145338,1035.0325341208245,0.47640099817313036,0.5235990018268697,44.0,31.0,0.65,2.2113884594003403,True,True,2018,2023,2018,2023,6,
2024_19_PIT_BAL,2024,WC,19,2025-01-11,Saturday,20:00,PIT,14.0,BAL,28.0,Home,14.0,42.0,0.0,2025011101,59830.0,,202501110rav,,401671879,6722.0,7,7,390.0,-520.0,9.5,-112.0,-108.0,44.5,-108.0,-112.0,1,outdoors,grass,32.0,12.0,00-0029263,00-0034796,Russell Wilson,Lamar Jackson,Mike Tomlin,John Harbaugh,Alex Kemp,BAL00,M&T Bank Stadium,1197.3032334567063,1035.913227117911,1209.6082311455636,1023.6082294290537,0.751660108739405,0.24833989126059497,44.0,31.0,0.65,2.2113884594003403,True,True,2018,2023,2018,2023,6,
2024_19_DEN_BUF,2024,WC,19,2025-01-12,Sunday,13:00,DEN,7.0,BUF,31.0,Home,24.0,38.0,0.0,2025011200,59831.0,,202501120buf,,401671881,6723.0,7,7,330.0,-425.0,7.5,100.0,-120.0,48.5,-102.0,-118.0,0,outdoors,a_turf,32.0,10.0,00-0039732,00-0034857,Bo Nix,Josh Allen,Sean Payton,Sean McDermott,Bill Vinovich,BUF00,New Era Field,1179.6982372430177,1100.8892946546423,1200.8676113859833,1079.7199205116767,0.6529679902419386,0.34703200975806137,44.0,31.0,0.65,2.2113884594003403,True,True,2018,2023,2018,2023,6,
2024_19_GB_PHI,2024,WC,19,2025-01-12,Sunday,16:30,GB,10.0,PHI,22.0,Home,12.0,32.0,0.0,2025011201,59832.0,,202501120phi,,401671880,6724.0,7,7,205.0,-250.0,5.5,-105.0,-115.0,45.5,-110.0,-110.0,0,outdoors,grass,40.0,6.0,00-0036264,00-0036389,Jordan Love,Jalen Hurts,Matt LaFleur,Nick Sirianni,Brad Allen,PHI00,Lincoln Financial Field,1183.921938715783,1125.7142128180676,1202.283229361453,1107.3529221723975,0.6256315038417585,0.3743684961582415,44.0,31.0,0.65,2.2113884594003403,True,True,2018,2023,2018,2023,6,
2024_19_WAS_TB,2024,WC,19,2025-01-12,Sunday,20:00,WAS,23.0,TB,20.0,Home,-3.0,43.0,0.0,2025011202,59833.0,,202501120tam,,401671883,6725.0,7,7,136.0,-162.0,3.0,-110.0,-110.0,51.5,-105.0,-115.0,0,outdoors,grass,58.0,2.0,00-0039910,00-0034855,Jayden Daniels,Baker Mayfield,Dan Quinn,Todd Bowles,Craig Wrolstad,TAM00,Raymond James Stadium,1078.7887851301446,1037.0598832775827,1061.5828802760066,1054.2657881317207,0.6031628455738531,0.39683715442614687,44.0,31.0,0.65,2.2113884594003403,True,True,2018,2023,2018,2023,6,
2024_19_MIN_LA,2024,WC,19,2025-01-13,Monday,20:00,MIN,9.0,LA,27.0,Neutral,18.0,36.0,0.0,2025011300,59834.0,,202501130ram,,401671882,6726.0,8,8,-142.0,120.0,-2.5,-118.0,-102.0,47.5,-108.0,-112.0,0,closed,grass,,,00-0034869,00-0026498,Sam Darnold,Matthew Stafford,Kevin O'Connell,Sean McVay,John Hussey,PHO00,State Farm Stadium,1044.8260898161498,1120.7164071437257,1078.5712438971684,1086.971253062707,0.4357547435029928,0.5642452564970072,44.0,31.0,0.65,2.2113884594003403,True,True,2018,2023,2018,2023,6,
2024_20_HOU_KC,2024,DIV,20,2025-01-18,Saturday,16:30,HOU,14.0,KC,23.0,Home,9.0,37.0,0.0,2025011800,59835.0,,202501180kan,,401671884,6727.0,7,13,410.0,-550.0,9.5,-110.0,-110.0,41.5,-112.0,-108.0,0,outdoors,grass,23.0,17.0,00-0039163,00-0033873,C.J. Stroud,Patrick Mahomes,DeMeco Ryans,Andy Reid,Clay Martin,KAN00,GEHA Field at Arrowhead Stadium,1176.573739138938,1051.5347948145338,1188.9549437431494,1039.1535902103224,0.710586118264141,0.289413881735859,44.0,31.0,0.65,2.2113884594003403,True,True,2018,2023,2018,2023,6,
2024_20_WAS_DET,2024,DIV,20,2025-01-18,Saturday,20:00,WAS,45.0,DET,31.0,Home,-14.0,76.0,0.0,2025011801,59836.0,,202501180det,,401671885,6728.0,6,13,390.0,-520.0,8.5,-105.0,-115.0,55.5,-112.0,-108.0,0,dome,fieldturf,,,00-0039910,00-0033106,Jayden Daniels,Jared Goff,Dan Quinn,Dan Campbell,Ron Torbert,DET00,Ford Field,1234.3324518018796,1054.2657881317207,1188.3699481300382,1100.2282918035621,0.771181983845435,0.22881801615456498,44.0,31.0,0.65,2.2113884594003403,True,True,2018,2023,2018,2023,6,
2024_20_LA_PHI,2024,DIV,20,2025-01-19,Sunday,15:00,LA,22.0,PHI,28.0,Home,6.0,50.0,0.0,2025011900,59837.0,,202501190phi,,401671937,6729.0,6,7,260.0,-325.0,7.0,-112.0,-108.0,43.5,-110.0,-110.0,0,outdoors,grass,34.0,8.0,00-0026498,00-0036389,Matthew Stafford,Jalen Hurts,Sean McVay,Nick Sirianni,Shawn Smith,PHI00,Lincoln Financial Field,1202.283229361453,1078.5712438971684,1212.809374488002,1068.0450987706195,0.7090126924234978,0.29098730757650215,44.0,31.0,0.65,2.2113884594003403,True,True,2018,2023,2018,2023,6,
2024_20_BAL_BUF,2024,DIV,20,2025-01-19,Sunday,18:30,BAL,25.0,BUF,27.0,Home,2.0,52.0,0.0,2025011901,59838.0,,202501190buf,,401671886,6730.0,8,7,-118.0,-102.0,-1.5,-102.0,-118.0,51.5,-105.0,-115.0,0,outdoors,a_turf,19.0,4.0,00-0034796,00-0034857,Lamar Jackson,Josh Allen,John Harbaugh,Sean McDermott,Carl Cheffers,BUF00,New Era Field,1200.8676113859833,1209.6082311455636,1210.9954108814368,1199.4804316501102,0.5319900656901022,0.4680099343098978,44.0,31.0,0.65,2.2113884594003403,True,True,2018,2023,2018,2023,6,
2024_21_WAS_PHI,2024,CON,21,2025-01-26,Sunday,15:00,WAS,23.0,PHI,55.0,Home,32.0,78.0,0.0,2025012600,59839.0,,202501260phi,,401671888,6731.0,8,7,205.0,-250.0,6.0,-110.0,-110.0,46.5,-105.0,-115.0,1,outdoors,grass,40.0,11.0,00-0039910,00-0036389,Jayden Daniels,Jalen Hurts,Dan Quinn,Nick Sirianni,Shawn Hochuli,PHI00,Lincoln Financial Field,1212.809374488002,1100.2282918035621,1232.6878545024142,1080.34981178915,0.6956184200783985,0.30438157992160153,44.0,31.0,0.65,2.2113884594003403,True,True,2018,2023,2018,2023,6,
2024_21_BUF_KC,2024,CON,21,2025-01-26,Sunday,18:30,BUF,29.0,KC,32.0,Home,3.0,61.0,0.0,2025012601,59840.0,,202501260kan,,401671887,6732.0,7,8,-102.0,-118.0,1.5,-115.0,-105.0,49.5,-115.0,-105.0,0,outdoors,grass,31.0,8.0,00-0034857,00-0033873,Josh Allen,Patrick Mahomes,Sean McDermott,Andy Reid,Clete Blakeman,KAN00,GEHA Field at Arrowhead Stadium,1188.9549437431494,1210.9954108814368,1202.3364258137522,1197.613928810834,0.5128909468849454,0.4871090531150546,44.0,31.0,0.65,2.2113884594003403,True,True,2018,2023,2018,2023,6,
2024_22_KC_PHI,2024,SB,22,2025-02-09,Sunday,18:30,KC,22.0,PHI,40.0,Neutral,18.0,62.0,0.0,2025020900,59841.0,,202502090phi,,401671889,6733.0,14,14,-120.0,100.0,-1.5,-105.0,-115.0,48.5,-105.0,-115.0,0,dome,sportturf,,,00-0033873,00-0036389,Patrick Mahomes,Jalen Hurts,Andy Reid,Nick Sirianni,Ron Torbert,NOR00,Mercedes-Benz Superdome,1232.6878545024142,1202.3364258137522,1256.2052595496864,1178.81902076648,0.5873854084929427,0.41261459150705726,44.0,31.0,0.65,2.2113884594003403,True,True,2018,2023,2018,2023,6,
2025_01_DAL_PHI,2025,REG,1,2025-09-04,Thursday,20:20,DAL,20.0,PHI,24.0,Home,4.0,44.0,0.0,2025090400,59843.0,,202509040phi,28418.0,401772510,6734.0,7,7,330.0,-425.0,8.5,-110.0,-110.0,47.5,-110.0,-110.0,1,outdoors,grass,75.0,11.0,00-0033077,00-0036389,Dak Prescott,Jalen Hurts,Brian Schottenheimer,Nick Sirianni,Shawn Smith,PHI00,Lincoln Financial Field,1166.4710859006836,970.9706158518493,1172.6666047116794,964.7750970408536,0.7864807937606803,0.21351920623931975,44.0,31.0,0.65,2.212730241263391,True,True,2018,2024,2018,2024,7,
2025_01_KC_LAC,2025,REG,1,2025-09-05,Friday,20:00,KC,21.0,LAC,27.0,Neutral,6.0,48.0,0.0,2025090500,59844.0,,202509050sdg,28419.0,401772714,6735.0,7,7,-175.0,145.0,-3.0,-120.0,100.0,47.5,-110.0,-110.0,1,dome,,,,00-0033873,00-0036355,Patrick Mahomes,Justin Herbert,Andy Reid,Jim Harbaugh,Carl Cheffers,LAX01,SoFi Stadium,1022.7664343789475,1116.2113894964027,1046.2195985426808,1092.7582253326693,0.41108979301519105,0.5889102069848089,44.0,31.0,0.65,2.212730241263391,True,True,2018,2024,2018,2024,7,
2025_01_ARI_NO,2025,REG,1,2025-09-07,Sunday,13:00,ARI,20.0,NO,13.0,Home,-7.0,33.0,0.0,2025090705,59850.0,,202509070nor,28425.0,401772718,6741.0,7,7,-270.0,220.0,-6.0,-108.0,-112.0,44.5,-112.0,-108.0,0,dome,sportturf,,,00-0035228,00-0039376,Kyler Murray,Spencer Rattler,Jonathan Gannon,Kellen Moore,Scott Novak,NOR00,Mercedes-Benz Superdome,923.7416952831627,975.9517356937622,904.5128737544097,995.1805572225152,0.46951416019466535,0.5304858398053347,44.0,31.0,0.65,2.212730241263391,True,True,2018,2024,2018,2024,7,
2025_01_CAR_JAX,2025,REG,1,2025-09-07,Sunday,13:00,CAR,10.0,JAX,26.0,Home,16.0,36.0,0.0,2025090703,59848.0,,202509070jax,28423.0,401772828,6739.0,7,7,170.0,-205.0,4.5,-110.0,-110.0,45.5,-108.0,-112.0,0,outdoors,grass,85.0,3.0,00-0039150,00-0036971,Bryce Young,Trevor Lawrence,Dave Canales,Liam Coen,Alex Moore,JAX00,TIAA Bank Stadium,920.869620456054,876.109229910058,942.2553930737055,854.7234572924066,0.6073321769854721,0.39266782301452785,44.0,31.0,0.65,2.212730241263391,True,True,2018,2024,2018,2024,7,
2025_01_CIN_CLE,2025,REG,1,2025-09-07,Sunday,13:00,CIN,17.0,CLE,16.0,Home,-1.0,33.0,0.0,2025090701,59846.0,,202509070cle,28421.0,401772829,6737.0,7,7,-238.0,195.0,-5.5,-105.0,-115.0,47.5,100.0,-120.0,1,outdoors,grass,63.0,10.0,00-0036442,00-0026158,Joe Burrow,Joe Flacco,Zac Taylor,Kevin Stefanski,Adrian Hill,CLE00,FirstEnergy Stadium,895.1432544710913,1035.4109255616356,890.5770988239185,1039.9770812088084,0.3477383907009936,0.6522616092990063,44.0,31.0,0.65,2.212730241263391,True,True,2018,2024,2018,2024,7,
2025_01_LV_NE,2025,REG,1,2025-09-07,Sunday,13:00,LV,20.0,NE,13.0,Home,-7.0,33.0,0.0,2025090704,59849.0,,202509070nwe,28424.0,401772720,6740.0,7,7,130.0,-155.0,2.5,100.0,-120.0,44.5,-115.0,-105.0,0,outdoors,fieldturf,62.0,4.0,00-0030565,00-0039851,Geno Smith,Drake Maye,Pete Carroll,Mike Vrabel,Ron Torbert,BOS00,Gillette Stadium,911.7313992296693,910.623652309569,888.8169862429985,933.5380652962398,0.5460756707001729,0.45392432929982707,44.0,31.0,0.65,2.212730241263391,True,True,2018,2024,2018,2024,7,
2025_01_MIA_IND,2025,REG,1,2025-09-07,Sunday,13:00,MIA,8.0,IND,33.0,Home,25.0,41.0,0.0,2025090702,59847.0,,202509070clt,28422.0,401772719,6738.0,7,7,-108.0,-112.0,1.5,-118.0,-102.0,47.5,-120.0,100.0,0,closed,fieldturf,,,00-0036212,00-0035710,Tua Tagovailoa,Daniel Jones,Mike McDaniel,Shane Steichen,Brad Allen,IND00,Lucas Oil Stadium,947.0788406093698,990.2607994227374,980.7943857727707,956.5452542593364,0.4824759326699706,0.5175240673300294,44.0,31.0,0.65,2.212730241263391,True,True,2018,2024,2018,2024,7,
2025_01_NYG_WAS,2025,REG,1,2025-09-07,Sunday,13:00,NYG,6.0,WAS,21.0,Home,15.0,27.0,0.0,2025090707,59852.0,,202509070was,28427.0,401772827,6743.0,7,7,240.0,-298.0,6.0,-108.0,-112.0,45.5,-110.0,-110.0,1,outdoors,grass,68.0,5.0,00-0029263,00-0039910,Russell Wilson,Jayden Daniels,Brian Daboll,Dan Quinn,Clay Martin,WAS00,FedExField,1052.1860381079307,892.4557720711932,1064.8760912473492,879.7657189317747,0.7498723619859238,0.2501276380140762,44.0,31.0,0.65,2.212730241263391,True,True,2018,2024,2018,2024,7,
2025_01_PIT_NYJ,2025,REG,1,2025-09-07,Sunday,13:00,PIT,34.0,NYJ,32.0,Home,-2.0,66.0,0.0,2025090706,59851.0,,202509070nyj,28426.0,401772721,6742.0,7,7,-155.0,130.0,-3.0,-110.0,-110.0,37.5,-108.0,-112.0,0,outdoors,fieldturf,67.0,3.0,00-0023459,00-0036945,Aaron Rodgers,Justin Fields,Mike Tomlin,Aaron Glenn,Bill Vinovich,NYC01,MetLife Stadium,955.9340727354565,1015.3486486648869,946.0303985919048,1025.2523228084385,0.45919906435353,0.54080093564647,44.0,31.0,0.65,2.212730241263391,True,True,2018,2024,2018,2024,7,
2025_01_TB_ATL,2025,REG,1,2025-09-07,Sunday,13:00,TB,23.0,ATL,20.0,Home,-3.0,43.0,0.0,2025090700,59845.0,,202509070atl,28420.0,401772830,6736.0,7,7,-115.0,-105.0,-1.5,-102.0,-118.0,47.5,-105.0,-115.0,1,closed,fieldturf,,,00-0034855,00-0039917,Baker Mayfield,Michael Penix,Todd Bowles,Raheem Morris,Land Clark,ATL97,Mercedes-Benz Stadium,951.2270534620254,1040.020740367549,940.0103565640431,1051.2374372655313,0.41758692883772486,0.5824130711622751,44.0,31.0,0.65,2.212730241263391,True,True,2018,2024,2018,2024,7,
2025_01_SF_SEA,2025,REG,1,2025-09-07,Sunday,16:05,SF,17.0,SEA,13.0,Home,-4.0,30.0,0.0,2025090709,59854.0,,202509070sea,28429.0,401772831,6745.0,7,7,-135.0,114.0,-2.5,-105.0,-115.0,43.5,-112.0,-108.0,1,outdoors,fieldturf,67.0,6.0,00-0037834,00-0034869,Brock Purdy,Sam Darnold,Kyle Shanahan,Mike Macdonald,Shawn Hochuli,SEA00,Lumen Field,1029.9284705364985,977.2508397263655,1009.3633863815237,997.8159238813403,0.6181461945896706,0.3818538054103294,44.0,31.0,0.65,2.212730241263391,True,True,2018,2024,2018,2024,7,
2025_01_TEN_DEN,2025,REG,1,2025-09-07,Sunday,16:05,TEN,12.0,DEN,20.0,Home,8.0,32.0,0.0,2025090708,59853.0,,202509070den,28428.0,401772832,6744.0,7,7,350.0,-455.0,8.5,-105.0,-115.0,42.5,-108.0,-112.0,0,outdoors,grass,84.0,6.0,00-0040676,00-0039732,Cam Ward,Bo Nix,Brian Callahan,Sean Payton,Alex Kemp,DEN00,Empower Field at Mile High,1051.7895961964318,872.5886211942504,1060.950247425283,863.4279699653994,0.7703014401419402,0.22969855985805976,44.0,31.0,0.65,2.212730241263391,True,True,2018,2024,2018,2024,7,
2025_01_DET_GB,2025,REG,1,2025-09-07,Sunday,16:25,DET,13.0,GB,27.0,Home,14.0,40.0,0.0,2025090710,59855.0,,202509070gnb,28430.0,401772722,6746.0,7,7,100.0,-120.0,1.5,-115.0,-105.0,48.5,-115.0,-105.0,1,outdoors,grass,60.0,5.0,00-0033106,00-0036264,Jared Goff,Jordan Love,Dan Campbell,Matt LaFleur,Clete Blakeman,GNB00,Lambeau Field,1069.759086935004,1122.4062039682979,1098.6433871108047,1093.5219037924971,0.4688875431165515,0.5311124568834484,44.0,31.0,0.65,2.212730241263391,True,True,2018,2024,2018,2024,7,
2025_01_HOU_LA,2025,REG,1,2025-09-07,Sunday,16:25,HOU,9.0,LA,14.0,Home,5.0,23.0,0.0,2025090711,59856.0,,202509070ram,28431.0,401772723,6747.0,7,7,140.0,-166.0,3.5,-118.0,-102.0,43.5,-115.0,-105.0,0,dome,matrixturf,,,00-0039163,00-0026498,C.J. Stroud,Matthew Stafford,DeMeco Ryans,Sean McVay,Craig Wrolstad,LAX01,SoFi Stadium,1044.2014223588214,1025.4359863941281,1059.143554569028,1010.4938541839215,0.5711324165086686,0.42886758349133136,44.0,31.0,0.65,2.212730241263391,True,True,2018,2024,2018,2024,7,
2025_01_BAL_BUF,2025,REG,1,2025-09-07,Sunday,20:20,BAL,40.0,BUF,41.0,Home,1.0,81.0,0.0,2025090712,59857.0,,202509070buf,28432.0,401772918,6748.0,7,7,-130.0,110.0,-1.5,-118.0,-102.0,50.5,-105.0,-115.0,0,outdoors,a_turf,58.0,8.0,00-0034796,00-0034857,Lamar Jackson,Josh Allen,John Harbaugh,Sean McDermott,John Hussey,BUF00,New Era Field,1128.4197289477752,1129.6256741756172,1134.6375773600753,1123.407825763317,0.5427722968325142,0.45722770316748584,44.0,31.0,0.65,2.212730241263391,True,True,2018,2024,2018,2024,7,
2025_01_MIN_CHI,2025,REG,1,2025-09-08,Monday,20:15,MIN,27.0,CHI,24.0,Home,-3.0,51.0,0.0,2025090800,59858.0,,202509080chi,28433.0,401772810,6749.0,7,7,-112.0,-108.0,-1.5,100.0,-120.0,43.5,-112.0,-108.0,1,outdoors,grass,68.0,6.0,00-0039923,00-0039918,J.J. McCarthy,Caleb Williams,Kevin O'Connell,Ben Johnson,Alan Eck,CHI98,Soldier Field,929.0251271905238,1056.515958974637,919.3966746565898,1066.144411508571,0.3646018492591774,0.6353981507408226,44.0,31.0,0.65,2.212730241263391,True,True,2018,2024,2018,2024,7,
2025_02_WAS_GB,2025,REG,2,2025-09-11,Thursday,20:15,WAS,18.0,GB,27.0,Home,9.0,45.0,0.0,2025091100,59859.0,,202509110gnb,28434.0,401772936,6750.0,4,4,154.0,-185.0,3.5,-118.0,-102.0,48.5,-105.0,-115.0,0,outdoors,grass,65.0,7.0,00-0039910,00-0036264,Jayden Daniels,Jordan Love,Dan Quinn,Matt LaFleur,Brad Rogers,GNB00,Lambeau Field,1098.6433871108047,1064.8760912473492,1116.7838001101352,1046.7356782480188,0.5921427555741483,0.4078572444258517,44.0,31.0,0.65,2.212730241263391,True,True,2018,2024,2018,2024,7,
2025_02_BUF_NYJ,2025,REG,2,2025-09-14,Sunday,13:00,BUF,30.0,NYJ,10.0,Home,-20.0,40.0,0.0,2025091406,59866.0,,202509140nyj,28441.0,401772727,6757.0,7,7,-290.0,235.0,-6.0,-112.0,-108.0,47.5,-110.0,-110.0,1,outdoors,fieldturf,80.0,3.0,00-0034857,00-0036945,Josh Allen,Justin Fields,Sean McDermott,Aaron Glenn,Clete Blakeman,NYC01,MetLife Stadium,946.0303985919048,1134.6375773600753,929.7852222792228,1150.8827536727572,0.28756088360265214,0.7124391163973478,44.0,31.0,0.65,2.212730241263391,True,True,2018,2024,2018,2024,7,
2025_02_CHI_DET,2025,REG,2,2025-09-14,Sunday,13:00,CHI,21.0,DET,52.0,Home,31.0,73.0,0.0,2025091403,59863.0,,202509140det,28438.0,401772835,6754.0,6,7,220.0,-270.0,6.0,-110.0,-110.0,46.5,-112.0,-108.0,1,dome,fieldturf,,,00-0039918,00-0033106,Caleb Williams,Jared Goff,Ben Johnson,Dan Campbell,Land Clark,DET00,Ford Field,1093.5219037924971,919.3966746565898,1108.330182925125,904.5883955239619,0.7650908492307908,0.23490915076920915,44.0,31.0,0.65,2.212730241263391,True,True,2018,2024,2018,2024,7,
2025_02_CLE_BAL,2025,REG,2,2025-09-14,Sunday,13:00,CLE,17.0,BAL,41.0,Home,24.0,58.0,0.0,2025091400,59860.0,,202509140rav,28435.0,401772726,6751.0,7,7,600.0,-900.0,12.5,-105.0,-115.0,46.5,-110.0,-110.0,1,outdoors,grass,82.0,3.0,00-0026158,00-0034796,Joe Flacco,Lamar Jackson,Kevin Stefanski,John Harbaugh,Brad Allen,BAL00,M&T Bank Stadium,1123.407825763317,890.5770988239185,1133.675296636892,880.3096279503436,0.8203516480115444,0.17964835198845563,44.0,31.0,0.65,2.212730241263391,True,True,2018,2024,2018,2024,7,
2025_02_JAX_CIN,2025,REG,2,2025-09-14,Sunday,13:00,JAX,27.0,CIN,31.0,Home,4.0,58.0,0.0,2025091401,59861.0,,202509140cin,28436.0,401772725,6752.0,7,7,160.0,-192.0,3.5,-115.0,-105.0,49.5,-115.0,-105.0,0,outdoors,fieldturf,85.0,3.0,00-0036971,00-0036442,Trevor Lawrence,Joe Burrow,Liam Coen,Zac Taylor,Alan Eck,CIN00,Paycor Stadium,1039.9770812088084,942.2553930737055,1049.7364778231233,932.4959964593905,0.677210467962188,0.322789532037812,44.0,31.0,0.65,2.212730241263391,True,True,2018,2024,2018,2024,7,
2025_02_LA_TEN,2025,REG,2,2025-09-14,Sunday,13:00,LA,33.0,TEN,19.0,Home,-14.0,52.0,0.0,2025091408,59868.0,,202509140oti,28443.0,401772724,6759.0,7,7,-250.0,205.0,-5.5,-108.0,-112.0,41.5,-112.0,-108.0,0,outdoors,grass,83.0,3.0,00-0026498,00-0040676,Matthew Stafford,Cam Ward,Sean McVay,Brian Callahan,John Hussey,NAS00,Nissan Stadium,863.4279699653994,1059.143554569028,849.4379068907908,1073.1336176436366,0.2792511621994266,0.7207488378005734,44.0,31.0,0.65,2.212730241263391,True,True,2018,2024,2018,2024,7,
2025_02_NE_MIA,2025,REG,2,2025-09-14,Sunday,13:00,NE,33.0,MIA,27.0,Home,-6.0,60.0,0.0,2025091404,59864.0,,202509140mia,28439.0,401772728,6755.0,7,7,105.0,-125.0,1.5,-110.0,-110.0,43.5,-115.0,-105.0,1,outdoors,grass,89.0,4.0,00-0039851,00-0036212,Drake Maye,Tua Tagovailoa,Mike Vrabel,Mike McDaniel,Alex Moore,MIA00,Hard Rock Stadium,956.5452542593364,888.8169862429985,930.6831120372449,914.67912846509,0.638376725344274,0.36162327465572597,44.0,31.0,0.65,2.212730241263391,True,True,2018,2024,2018,2024,7,
2025_02_NYG_DAL,2025,REG,2,2025-09-14,Sunday,13:00,NYG,37.0,DAL,40.0,Home,3.0,77.0,1.0,2025091402,59862.0,,202509140dal,28437.0,401772834,6753.0,7,10,195.0,-238.0,4.5,100.0,-120.0,44.5,-110.0,-110.0,1,closed,matrixturf,,,00-0029263,00-0033077,Russell Wilson,Dak Prescott,Brian Daboll,Brian Schottenheimer,Bill Vinovich,DAL00,AT&T Stadium,964.7750970408536,879.7657189317747,967.1053197909531,877.4354961816751,0.66101118800254,0.33898881199746,44.0,31.0,0.65,2.212730241263391,True,True,2018,2024,2018,2024,7,
2025_02_SEA_PIT,2025,REG,2,2025-09-14,Sunday,13:00,SEA,31.0,PIT,17.0,Home,-14.0,48.0,0.0,2025091407,59867.0,,202509140pit,28442.0,401772836,6758.0,7,7,160.0,-192.0,3.5,-110.0,-110.0,40.5,-108.0,-112.0,0,outdoors,grass,79.0,5.0,00-0034869,00-0023459,Sam Darnold,Aaron Rodgers,Mike Macdonald,Mike Tomlin,Scott Novak,PIT00,Acrisure Stadium,1025.2523228084385,1009.3633863815237,994.0508361801184,1040.564873009844,0.5670718938784589,0.4329281061215411,44.0,31.0,0.65,2.212730241263391,True,True,2018,2024,2018,2024,7,
2025_02_SF_NO,2025,REG,2,2025-09-14,Sunday,13:00,SF,26.0,NO,21.0,Home,-5.0,47.0,0.0,2025091405,59865.0,,202509140nor,28440.0,401772833,6756.0,7,7,-166.0,140.0,-3.0,-110.0,-110.0,40.5,-105.0,-115.0,0,dome,sportturf,,,00-0036972,00-0039376,Mac Jones,Spencer Rattler,Kyle Shanahan,Kellen Moore,Shawn Smith,NOR00,Mercedes-Benz Superdome,904.5128737544097,997.8159238813403,890.2626594642512,1012.0661381714988,0.41128756768164304,0.588712432318357,44.0,31.0,0.65,2.212730241263391,True,True,2018,2024,2018,2024,7,
2025_02_CAR_ARI,2025,REG,2,2025-09-14,Sunday,16:05,CAR,22.0,ARI,27.0,Home,5.0,49.0,0.0,2025091409,59869.0,,202509140crd,28445.0,401772730,6760.0,7,7,250.0,-310.0,7.0,-110.0,-110.0,45.5,-110.0,-110.0,0,closed,grass,,,00-0039150,00-0035228,Bryce Young,Kyler Murray,Dave Canales,Jonathan Gannon,Ron Torbert,PHO00,State Farm Stadium,995.1805572225152,854.7234572924066,1004.1547112633257,845.7493032515961,0.7284922703276311,0.2715077296723689,44.0,31.0,0.65,2.212730241263391,True,True,2018,2024,2018,2024,7,
2025_02_DEN_IND,2025,REG,2,2025-09-14,Sunday,16:05,DEN,28.0,IND,29.0,Home,1.0,57.0,0.0,2025091410,59870.0,,202509140clt,28444.0,401772729,6761.0,7,7,-130.0,110.0,-2.5,-105.0,-115.0,43.5,-112.0,-108.0,0,closed,fieldturf,,,00-0039732,00-0035710,Bo Nix,Daniel Jones,Sean Payton,Shane Steichen,Craig Wrolstad,IND00,Lucas Oil Stadium,980.7943857727707,1060.950247425283,988.8341996661778,1052.910433531876,0.42972729027801326,0.5702727097219867,44.0,31.0,0.65,2.212730241263391,True,True,2018,2024,2018,2024,7,
2025_02_PHI_KC,2025,REG,2,2025-09-14,Sunday,16:25,PHI,20.0,KC,17.0,Home,-3.0,37.0,0.0,2025091411,59871.0,,202509140kan,28446.0,401772837,6762.0,10,9,-122.0,102.0,-1.5,-110.0,-110.0,46.5,-102.0,-118.0,0,outdoors,grass,88.0,12.0,00-0036389,00-0033873,Jalen Hurts,Patrick Mahomes,Nick Sirianni,Andy Reid,Alex Kemp,KAN00,GEHA Field at Arrowhead Stadium,1092.7582253326693,1172.6666047116794,1081.1604087050243,1184.2644213393244,0.4300764456474238,0.5699235543525762,44.0,31.0,0.65,2.212730241263391,True,True,2018,2024,2018,2024,7,
2025_02_ATL_MIN,2025,REG,2,2025-09-14,Sunday,20:20,ATL,22.0,MIN,6.0,Home,-16.0,28.0,0.0,2025091412,59872.0,,202509140min,28447.0,401772919,6763.0,7,6,150.0,-180.0,3.5,-115.0,-105.0,44.5,-110.0,-110.0,0,dome,sportturf,,,00-0039917,00-0039923,Michael Penix,J.J. McCarthy,Raheem Morris,Kevin O'Connell,Adrian Hill,MIN01,U.S. Bank Stadium,1066.144411508571,940.0103565640431,1022.9533784004058,983.2013896722084,0.7118808272838513,0.28811917271614873,44.0,31.0,0.65,2.212730241263391,True,True,2018,2024,2018,2024,7,
2025_02_TB_HOU,2025,REG,2,2025-09-15,Monday,19:00,TB,20.0,HOU,19.0,Home,-1.0,39.0,0.0,2025091500,59873.0,,202509150htx,28448.0,401772715,6765.0,8,8,114.0,-135.0,2.5,-110.0,-110.0,42.5,-110.0,-110.0,0,closed,astroturf,,,00-0034855,00-0039163,Baker Mayfield,C.J. Stroud,Todd Bowles,DeMeco Ryans,Shawn Hochuli,HOU00,NRG Stadium,1010.4938541839215,1051.2374372655313,1003.8250152102966,1057.906276239156,0.4859815316757935,0.5140184683242065,44.0,31.0,0.65,2.212730241263391,True,True,2018,2024,2018,2024,7,
2025_02_LAC_LV,2025,REG,2,2025-09-15,Monday,22:00,LAC,20.0,LV,9.0,Home,-11.0,29.0,0.0,2025091501,59874.0,,202509150rai,28449.0,401772811,6764.0,10,8,-198.0,164.0,-3.5,-105.0,-115.0,46.5,-102.0,-118.0,1,dome,grass,,,00-0036355,00-0030565,Justin Herbert,Geno Smith,Jim Harbaugh,Pete Carroll,Clay Martin,VEG00,Allegiant Stadium,933.5380652962398,1046.2195985426808,915.2158919963858,1064.541771842535,0.38456968792474866,0.6154303120752513,44.0,31.0,0.65,2.212730241263391,True,True,2018,2024,2018,2024,7,
2025_03_MIA_BUF,2025,REG,3,2025-09-18,Thursday,20:15,MIA,21.0,BUF,31.0,Home,10.0,52.0,0.0,2025091800,59875.0,,202509180buf,28450.0,401772937,6766.0,4,4,550.0,-800.0,12.5,-110.0,-110.0,50.5,-112.0,-108.0,1,outdoors,a_turf,68.0,7.0,00-0036212,00-0034857,Tua Tagovailoa,Josh Allen,Mike McDaniel,Sean McDermott,Alan Eck,BUF00,New Era Field,1150.8827536727572,930.6831120372449,1159.0402080960434,922.5256576139587,0.8093853644781933,0.19061463552180669,44.0,31.0,0.65,2.212730241263391,True,True,2018,2024,2018,2024,7,
2025_03_ATL_CAR,2025,REG,3,2025-09-21,Sunday,13:00,ATL,0.0,CAR,30.0,Home,30.0,30.0,0.0,2025092100,59876.0,,202509210car,28452.0,401772838,6767.0,7,7,-225.0,185.0,-5.5,-105.0,-115.0,44.5,-115.0,-105.0,1,outdoors,grass,83.0,5.0,00-0039917,00-0039150,Michael Penix,Bryce Young,Raheem Morris,Dave Canales,Craig Wrolstad,CAR00,Bank of America Stadium,845.7493032515961,983.2013896722084,892.2890263220092,936.6616666017952,0.3514236012407852,0.6485763987592148,44.0,31.0,0.65,2.212730241263391,True,True,2018,2024,2018,2024,7,
2025_03_CIN_MIN,2025,REG,3,2025-09-21,Sunday,13:00,CIN,10.0,MIN,48.0,Home,38.0,58.0,0.0,2025092103,59879.0,,202509210min,28455.0,401772731,6770.0,7,7,136.0,-162.0,3.0,-110.0,-110.0,41.5,-105.0,-115.0,0,dome,sportturf,,,00-0035100,00-0032950,Jake Browning,Carson Wentz,Zac Taylor,Kevin O'Connell,Ron Torbert,MIN01,U.S. Bank Stadium,1022.9533784004058,1049.7364778231233,1058.8673101268298,1013.8225460966994,0.5060683097795725,0.4939316902204275,44.0,31.0,0.65,2.212730241263391,True,True,2018,2024,2018,2024,7,
2025_03_GB_CLE,2025,REG,3,2025-09-21,Sunday,13:00,GB,10.0,CLE,13.0,Home,3.0,23.0,0.0,2025092101,59877.0,,202509210cle,28453.0,401772842,6768.0,10,7,-470.0,360.0,-8.5,-102.0,-118.0,41.5,-115.0,-105.0,0,outdoors,grass,79.0,10.0,00-0036264,00-0026158,Jordan Love,Joe Flacco,Matt LaFleur,Kevin Stefanski,Carl Cheffers,CLE00,FirstEnergy Stadium,880.3096279503436,1116.7838001101352,903.584132947304,1093.5092951131746,0.23454832975596535,0.7654516702440346,44.0,31.0,0.65,2.212730241263391,True,True,2018,2024,2018,2024,7,
2025_03_HOU_JAX,2025,REG,3,2025-09-21,Sunday,13:00,HOU,10.0,JAX,17.0,Home,7.0,27.0,0.0,2025092102,59878.0,,202509210jax,28454.0,401772734,6769.0,6,7,105.0,-125.0,1.5,-108.0,-112.0,43.5,-115.0,-105.0,1,outdoors,grass,85.0,11.0,00-0039163,00-0036971,C.J. Stroud,Trevor Lawrence,DeMeco Ryans,Liam Coen,Alex Kemp,JAX00,TIAA Bank Stadium,932.4959964593905,1003.8250152102966,955.9905965724872,980.3304150971999,0.4422211420735225,0.5577788579264775,44.0,31.0,0.65,2.212730241263391,True,True,2018,2024,2018,2024,7,
2025_03_IND_TEN,2025,REG,3,2025-09-21,Sunday,13:00,IND,41.0,TEN,20.0,Home,-21.0,61.0,0.0,2025092107,59883.0,,202509210oti,28459.0,401772733,6774.0,7,7,-245.0,200.0,-6.0,-108.0,-112.0,43.5,-115.0,-105.0,1,outdoors,grass,84.0,8.0,00-0035710,00-0040676,Daniel Jones,Cam Ward,Shane Steichen,Brian Callahan,Scott Novak,NAS00,Nissan Stadium,849.4379068907908,988.8341996661778,829.0010640974493,1009.2710424595193,0.3488769818725762,0.6511230181274238,44.0,31.0,0.65,2.212730241263391,True,True,2018,2024,2018,2024,7,
2025_03_LA_PHI,2025,REG,3,2025-09-21,Sunday,13:00,LA,26.0,PHI,33.0,Home,7.0,59.0,0.0,2025092105,59881.0,,202509210phi,28457.0,401772839,6772.0,7,7,164.0,-198.0,3.5,-108.0,-112.0,45.5,-108.0,-112.0,0,outdoors,grass,73.0,9.0,00-0026498,00-0036389,Matthew Stafford,Jalen Hurts,Sean McVay,Nick Sirianni,Brad Rogers,PHI00,Lincoln Financial Field,1184.2644213393244,1073.1336176436366,1196.1554579617955,1061.2425810211655,0.693847887185328,0.30615211281467203,44.0,31.0,0.65,2.212730241263391,True,True,2018,2024,2018,2024,7,
2025_03_LV_WAS,2025,REG,3,2025-09-21,Sunday,13:00,LV,24.0,WAS,41.0,Home,17.0,65.0,0.0,2025092108,59884.0,,202509210was,28460.0,401772841,6775.0,6,10,130.0,-155.0,2.5,100.0,-120.0,43.5,-110.0,-110.0,0,outdoors,grass,72.0,6.0,00-0030565,00-0032268,Geno Smith,Marcus Mariota,Pete Carroll,Dan Quinn,Shawn Hochuli,WAS00,FedExField,1046.7356782480188,915.2158919963858,1061.818051273917,900.1335189704876,0.7181976948918547,0.2818023051081453,44.0,31.0,0.65,2.212730241263391,True,True,2018,2024,2018,2024,7,
2025_03_NYJ_TB,2025,REG,3,2025-09-21,Sunday,13:00,NYJ,27.0,TB,29.0,Home,2.0,56.0,0.0,2025092106,59882.0,,202509210tam,28458.0,401772840,6773.0,7,6,275.0,-345.0,6.5,-105.0,-115.0,43.5,-115.0,-105.0,0,outdoors,grass,88.0,5.0,00-0028118,00-0034855,Tyrod Taylor,Baker Mayfield,Aaron Glenn,Todd Bowles,Adrian Hill,TAM00,Raymond James Stadium,1057.906276239156,929.7852222792228,1063.7282626493193,923.9632358690598,0.7142211558695448,0.2857788441304552,44.0,31.0,0.65,2.212730241263391,True,True,2018,2024,2018,2024,7,
2025_03_PIT_NE,2025,REG,3,2025-09-21,Sunday,13:00,PIT,21.0,NE,14.0,Home,-7.0,35.0,0.0,2025092104,59880.0,,202509210nwe,28456.0,401772732,6771.0,7,7,-120.0,100.0,-1.5,-105.0,-115.0,44.5,-112.0,-108.0,0,outdoors,fieldturf,66.0,5.0,00-0023459,00-0039851,Aaron Rodgers,Drake Maye,Mike Tomlin,Mike Vrabel,Clete Blakeman,BOS00,Gillette Stadium,914.67912846509,994.0508361801184,897.2476070287568,1011.4823576164516,0.430833836588707,0.569166163411293,44.0,31.0,0.65,2.212730241263391,True,True,2018,2024,2018,2024,7,
2025_03_DEN_LAC,2025,REG,3,2025-09-21,Sunday,16:05,DEN,20.0,LAC,23.0,Home,3.0,43.0,0.0,2025092109,59885.0,,202509210sdg,28461.0,401772735,6776.0,7,6,130.0,-155.0,2.5,100.0,-120.0,45.5,-110.0,-110.0,1,dome,matrixturf,,,00-0039732,00-0036355,Bo Nix,Justin Herbert,Sean Payton,Jim Harbaugh,Shawn Smith,LAX01,SoFi Stadium,1064.541771842535,1052.910433531876,1076.4121373492553,1041.0400680251555,0.5610453684591544,0.4389546315408456,44.0,31.0,0.65,2.212730241263391,True,True,2018,2024,2018,2024,7,
2025_03_NO_SEA,2025,REG,3,2025-09-21,Sunday,16:05,NO,13.0,SEA,44.0,Home,31.0,57.0,0.0,2025092110,59886.0,,202509210sea,28462.0,401772736,6777.0,7,7,295.0,-375.0,7.5,-115.0,-105.0,41.5,-108.0,-112.0,0,outdoors,fieldturf,63.0,3.0,00-0039376,00-0034869,Spencer Rattler,Sam Darnold,Kellen Moore,Mike Macdonald,Alex Moore,SEA00,Lumen Field,1040.564873009844,890.2626594642512,1057.1471078276477,873.6804246464476,0.7395554792399359,0.2604445207600641,44.0,31.0,0.65,2.212730241263391,True,True,2018,2024,2018,2024,7,
2025_03_ARI_SF,2025,REG,3,2025-09-21,Sunday,16:25,ARI,15.0,SF,16.0,Home,1.0,31.0,0.0,2025092112,59888.0,,202509210sfo,28464.0,401772843,6779.0,7,7,105.0,-125.0,1.5,-112.0,-108.0,44.5,-112.0,-108.0,1,outdoors,grass,72.0,7.0,00-0035228,00-0036972,Kyler Murray,Mac Jones,Jonathan Gannon,Kyle Shanahan,John Hussey,SFO01,Levi's Stadium,1012.0661381714988,1004.1547112633257,1018.0826964113971,998.1381530234273,0.5557650833313816,0.44423491666861836,44.0,31.0,0.65,2.212730241263391,True,True,2018,2024,2018,2024,7,
2025_03_DAL_CHI,2025,REG,3,2025-09-21,Sunday,16:25,DAL,14.0,CHI,31.0,Home,17.0,45.0,0.0,2025092111,59887.0,,202509210chi,28463.0,401772844,6778.0,7,7,-125.0,105.0,-1.5,-115.0,-105.0,49.5,100.0,-120.0,0,outdoors,grass,82.0,4.0,00-0033077,00-0039918,Dak Prescott,Caleb Williams,Brian Schottenheimer,Ben Johnson,Clay Martin,CHI98,Soldier Field,904.5883955239619,967.1053197909531,936.3810131849646,935.3127021299505,0.4547675024476778,0.5452324975523222,44.0,31.0,0.65,2.212730241263391,True,True,2018,2024,2018,2024,7,
2025_03_KC_NYG,2025,REG,3,2025-09-21,Sunday,20:20,KC,22.0,NYG,9.0,Home,-13.0,31.0,0.0,2025092113,59889.0,,202509210nyg,28465.0,401772920,6780.0,7,7,-325.0,260.0,-6.0,-115.0,-105.0,44.5,-105.0,-115.0,0,outdoors,fieldturf,65.0,5.0,00-0033873,00-0029263,Patrick Mahomes,Russell Wilson,Andy Reid,Brian Daboll,Land Clark,NYC01,MetLife Stadium,877.4354961816751,1081.1604087050243,864.2947733701501,1094.3011315165493,0.2700666354723813,0.7299333645276187,44.0,31.0,0.65,2.212730241263391,True,True,2018,2024,2018,2024,7,
2025_03_DET_BAL,2025,REG,3,2025-09-22,Monday,20:15,DET,38.0,BAL,30.0,Home,-8.0,68.0,0.0,2025092200,59890.0,,202509220rav,28451.0,401772812,6781.0,8,8,200.0,-245.0,4.5,-105.0,-115.0,53.5,-105.0,-115.0,0,outdoors,grass,74.0,7.0,00-0033106,00-0034796,Jared Goff,Lamar Jackson,Dan Campbell,John Harbaugh,Bill Vinovich,BAL00,M&T Bank Stadium,1133.675296636892,1108.330182925125,1107.6508416971392,1134.3546378648778,0.5803836593270871,0.41961634067291287,44.0,31.0,0.65,2.212730241263391,True,True,2018,2024,2018,2024,7,
2025_04_SEA_ARI,2025,REG,4,2025-09-25,Thursday,20:15,SEA,23.0,ARI,20.0,Home,-3.0,43.0,0.0,2025092500,59891.0,,202509250crd,28466.0,401772938,6782.0,4,4,-125.0,105.0,-1.5,-110.0,-110.0,43.5,-108.0,-112.0,1,closed,grass,,,00-0034869,00-0035228,Sam Darnold,Kyler Murray,Mike Macdonald,Jonathan Gannon,Alex Kemp,PHO00,State Farm Stadium,998.1381530234273,1057.1471078276477,985.6230476149142,1069.6622132361608,0.45977896804133195,0.540221031958668,44.0,31.0,0.65,2.212730241263391,True,True,2018,2024,2018,2024,7,
2025_04_MIN_PIT,2025,REG,4,2025-09-28,Sunday,09:30,MIN,21.0,PIT,24.0,Neutral,3.0,45.0,0.0,2025092800,59892.0,,202509280pit,28467.0,401772632,6783.0,7,7,-148.0,124.0,-2.5,-125.0,105.0,41.5,-115.0,-105.0,0,outdoors,grass,61.0,5.0,00-0032950,00-0023459,Carson Wentz,Aaron Rodgers,Kevin O'Connell,Mike Tomlin,Brad Allen,PIT00,Acrisure Stadium,1011.4823576164516,1058.8673101268298,1026.0233716934079,1044.3262960498735,0.4764376231424236,0.5235623768575763,44.0,31.0,0.65,2.212730241263391,True,True,2018,2024,2018,2024,7,
2025_04_CAR_NE,2025,REG,4,2025-09-28,Sunday,13:00,CAR,13.0,NE,42.0,Home,29.0,55.0,0.0,2025092805,59897.0,,202509280nwe,28472.0,401772847,6788.0,7,7,215.0,-265.0,5.5,-108.0,-112.0,42.5,-108.0,-112.0,0,outdoors,fieldturf,76.0,7.0,00-0039150,00-0039851,Bryce Young,Drake Maye,Dave Canales,Mike Vrabel,Bill Vinovich,BOS00,Gillette Stadium,897.2476070287568,892.2890263220092,927.088710669634,862.447922681132,0.5515645748409066,0.4484354251590934,44.0,31.0,0.65,2.212730241263391,True,True,2018,2024,2018,2024,7,
2025_04_CLE_DET,2025,REG,4,2025-09-28,Sunday,13:00,CLE,10.0,DET,34.0,Home,24.0,44.0,0.0,2025092803,59895.0,,202509280det,28470.0,401772846,6786.0,7,6,410.0,-550.0,10.0,-108.0,-112.0,44.5,-115.0,-105.0,0,dome,fieldturf,,,00-0026158,00-0033106,Joe Flacco,Jared Goff,Kevin Stefanski,Dan Campbell,Shawn Smith,DET00,Ford Field,1134.3546378648778,903.584132947304,1144.7310577304231,893.2077130817587,0.8185971978478375,0.18140280215216253,44.0,31.0,0.65,2.212730241263391,True,True,2018,2024,2018,2024,7,
2025_04_LAC_NYG,2025,REG,4,2025-09-28,Sunday,13:00,LAC,18.0,NYG,21.0,Home,3.0,39.0,0.0,2025092806,59898.0,,202509280nyg,28473.0,401772737,6789.0,7,7,-285.0,230.0,-6.0,-112.0,-108.0,43.5,-115.0,-105.0,0,outdoors,fieldturf,81.0,4.0,00-0036355,00-0040691,Justin Herbert,Jaxson Dart,Jim Harbaugh,Brian Daboll,Shawn Hochuli,NYC01,MetLife Stadium,864.2947733701501,1076.4121373492553,886.5044187315414,1054.202491987864,0.26064952875373676,0.7393504712462633,44.0,31.0,0.65,2.212730241263391,True,True,2018,2024,2018,2024,7,
2025_04_NO_BUF,2025,REG,4,2025-09-28,Sunday,13:00,NO,19.0,BUF,31.0,Home,12.0,50.0,0.0,2025092802,59894.0,,202509280buf,28469.0,401772740,6785.0,7,10,800.0,-1350.0,15.5,-115.0,-105.0,48.5,-115.0,-105.0,0,outdoors,a_turf,73.0,7.0,00-0039376,00-0034857,Spencer Rattler,Josh Allen,Kellen Moore,Sean McDermott,Land Clark,BUF00,New Era Field,1159.0402080960434,873.6804246464476,1165.2518315107839,867.4688012317072,0.8606996610088866,0.13930033899111338,44.0,31.0,0.65,2.212730241263391,True,True,2018,2024,2018,2024,7,
2025_04_PHI_TB,2025,REG,4,2025-09-28,Sunday,13:00,PHI,31.0,TB,25.0,Home,-6.0,56.0,0.0,2025092807,59899.0,,202509280tam,28474.0,401772845,6790.0,7,7,-185.0,154.0,-3.5,-102.0,-118.0,44.5,-118.0,-102.0,0,outdoors,grass,88.0,6.0,00-0036389,00-0034855,Jalen Hurts,Baker Mayfield,Nick Sirianni,Todd Bowles,Alan Eck,TAM00,Raymond James Stadium,1063.7282626493193,1196.1554579617955,1050.4845609669842,1209.3991596441306,0.35804446240072263,0.6419555375992774,44.0,31.0,0.65,2.212730241263391,True,True,2018,2024,2018,2024,7,
2025_04_TEN_HOU,2025,REG,4,2025-09-28,Sunday,13:00,TEN,0.0,HOU,26.0,Home,26.0,26.0,0.0,2025092804,59896.0,,202509280htx,28471.0,401772738,6787.0,7,7,340.0,-440.0,7.5,-115.0,-105.0,39.5,-105.0,-115.0,1,closed,astroturf,,,00-0040676,00-0039163,Cam Ward,C.J. Stroud,Brian Callahan,DeMeco Ryans,Brad Rogers,HOU00,NRG Stadium,980.3304150971999,829.0010640974493,996.0241204063689,813.3073587882803,0.7406927248739917,0.25930727512600826,44.0,31.0,0.65,2.212730241263391,True,True,2018,2024,2018,2024,7,
2025_04_WAS_ATL,2025,REG,4,2025-09-28,Sunday,13:00,WAS,27.0,ATL,34.0,Home,7.0,61.0,0.0,2025092801,59893.0,,202509280atl,28468.0,401772739,6784.0,7,7,120.0,-142.0,2.5,-110.0,-110.0,43.5,-112.0,-108.0,0,closed,fieldturf,,,00-0039910,00-0039917,Jayden Daniels,Michael Penix,Dan Quinn,Raheem Morris,Scott Novak,ATL97,Mercedes-Benz Stadium,936.6616666017952,1061.818051273917,963.9751113920676,1034.5046064836447,0.3677206592882797,0.6322793407117203,44.0,31.0,0.65,2.212730241263391,True,True,2018,2024,2018,2024,7,
2025_04_IND_LA,2025,REG,4,2025-09-28,Sunday,16:05,IND,20.0,LA,27.0,Home,7.0,47.0,0.0,2025092808,59900.0,,202509280ram,28475.0,401772849,6791.0,7,7,154.0,-185.0,3.5,-105.0,-115.0,49.5,-105.0,-115.0,0,dome,matrixturf,,,00-0035710,00-0026498,Daniel Jones,Matthew Stafford,Shane Steichen,Sean McVay,Carl Cheffers,LAX01,SoFi Stadium,1061.2425810211655,1009.2710424595193,1076.4964689387289,994.0171545419561,0.6171863222623696,0.3828136777376304,44.0,31.0,0.65,2.212730241263391,True,True,2018,2024,2018,2024,7,
2025_04_JAX_SF,2025,REG,4,2025-09-28,Sunday,16:05,JAX,26.0,SF,21.0,Home,-5.0,47.0,0.0,2025092809,59901.0,,202509280sfo,28476.0,401772848,6792.0,7,7,150.0,-180.0,3.5,-120.0,100.0,45.5,-108.0,-112.0,0,outdoors,grass,72.0,7.0,00-0036971,00-0037834,Trevor Lawrence,Brock Purdy,Liam Coen,Kyle Shanahan,Clete Blakeman,SFO01,Levi's Stadium,1018.0826964113971,955.9905965724872,994.612877448044,979.4604155358404,0.6308537615684157,0.36914623843158434,44.0,31.0,0.65,2.212730241263391,True,True,2018,2024,2018,2024,7,
2025_04_BAL_KC,2025,REG,4,2025-09-28,Sunday,16:25,BAL,20.0,KC,37.0,Home,17.0,57.0,0.0,2025092810,59902.0,,202509280kan,28478.0,401772741,6793.0,6,7,-148.0,124.0,-2.5,-120.0,100.0,48.5,100.0,-120.0,0,outdoors,grass,89.0,10.0,00-0034796,00-0033873,Lamar Jackson,Patrick Mahomes,John Harbaugh,Andy Reid,Clay Martin,KAN00,GEHA Field at Arrowhead Stadium,1094.3011315165493,1107.6508416971392,1121.3627955358668,1080.5891776778217,0.5253789799188056,0.47462102008119444,44.0,31.0,0.65,2.212730241263391,True,True,2018,2024,2018,2024,7,
2025_04_CHI_LV,2025,REG,4,2025-09-28,Sunday,16:25,CHI,25.0,LV,24.0,Home,-1.0,49.0,0.0,2025092811,59903.0,,202509280rai,28477.0,401772742,6794.0,7,7,105.0,-125.0,1.5,-110.0,-110.0,47.5,-105.0,-115.0,0,dome,grass,,,00-0039918,00-0030565,Caleb Williams,Geno Smith,Ben Johnson,Pete Carroll,Adrian Hill,VEG00,Allegiant Stadium,900.1335189704876,936.3810131849646,893.3621557004494,943.1523764550027,0.4924488229510222,0.5075511770489778,44.0,31.0,0.65,2.212730241263391,True,True,2018,2024,2018,2024,7,
2025_04_GB_DAL,2025,REG,4,2025-09-28,Sunday,20:20,GB,40.0,DAL,40.0,Home,0.0,80.0,1.0,2025092812,59904.0,,202509280dal,28479.0,401772921,6795.0,7,7,-345.0,275.0,-7.0,-105.0,-115.0,47.5,-115.0,-105.0,0,closed,matrixturf,,,00-0036264,00-0033077,Jordan Love,Dak Prescott,Matt LaFleur,Brian Schottenheimer,Ron Torbert,DAL00,AT&T Stadium,935.3127021299505,1093.5092951131746,943.025391653538,1085.7966055895872,0.32471160173664754,0.6752883982633524,44.0,31.0,0.65,2.212730241263391,True,True,2018,2024,2018,2024,7,
2025_04_NYJ_MIA,2025,REG,4,2025-09-29,Monday,19:15,NYJ,21.0,MIA,27.0,Home,6.0,48.0,0.0,2025092900,59905.0,,202509290mia,28481.0,401772813,6796.0,8,11,124.0,-148.0,2.5,-105.0,-115.0,44.5,-120.0,100.0,1,outdoors,grass,88.0,17.0,00-0036945,00-0036212,Justin Fields,Tua Tagovailoa,Aaron Glenn,Mike McDaniel,Craig Wrolstad,MIA00,Hard Rock Stadium,922.5256576139587,923.9632358690598,939.9958136330439,906.4930798499746,0.54244137067638,0.45755862932362,44.0,31.0,0.65,2.212730241263391,True,True,2018,2024,2018,2024,7,
2025_04_CIN_DEN,2025,REG,4,2025-09-29,Monday,20:15,CIN,3.0,DEN,28.0,Home,25.0,31.0,0.0,2025092901,59906.0,,202509290den,28480.0,401772716,6797.0,8,8,360.0,-470.0,7.5,-115.0,-105.0,44.5,-115.0,-105.0,0,outdoors,grass,66.0,12.0,00-0035100,00-0039732,Jake Browning,Bo Nix,Zac Taylor,Sean Payton,Alex Moore,DEN00,Empower Field at Mile High,1041.0400680251555,1013.8225460966994,1067.3593796107466,987.5032345111083,0.5830063283618722,0.41699367163812784,44.0,31.0,0.65,2.212730241263391,True,True,2018,2024,2018,2024,7,
2025_05_SF_LA,2025,REG,5,2025-10-02,Thursday,20:15,SF,26.0,LA,23.0,Home,-3.0,49.0,1.0,2025100200,59907.0,,202510020ram,28482.0,401772939,6798.0,4,4,340.0,-440.0,8.5,-110.0,-110.0,43.5,-108.0,-112.0,1,dome,matrixturf,,,00-0036972,00-0026498,Mac Jones,Matthew Stafford,Kyle Shanahan,Sean McVay,Bill Vinovich,LAX01,SoFi Stadium,1076.4964689387289,994.612877448044,1064.671075505732,1006.4382708810408,0.6569676875914204,0.34303231240857956,44.0,31.0,0.65,2.212730241263391,True,True,2018,2024,2018,2024,7,
2025_05_MIN_CLE,2025,REG,5,2025-10-05,Sunday,09:30,MIN,21.0,CLE,17.0,Neutral,-4.0,38.0,0.0,2025100500,59908.0,,202510050cle,28483.0,401772633,6799.0,7,7,-198.0,164.0,-3.5,-110.0,-110.0,35.5,-112.0,-108.0,0,outdoors,grass,61.0,14.0,00-0032950,00-0040704,Carson Wentz,Dillon Gabriel,Kevin O'Connell,Kevin Stefanski,Scott Novak,CLE00,FirstEnergy Stadium,893.2077130817587,1044.3262960498735,883.0807654552981,1054.453243676334,0.3337087798733234,0.6662912201266766,44.0,31.0,0.65,2.212730241263391,True,True,2018,2024,2018,2024,7,
2025_05_DAL_NYJ,2025,REG,5,2025-10-05,Sunday,13:00,DAL,37.0,NYJ,22.0,Home,-15.0,59.0,0.0,2025100505,59913.0,,202510050nyj,28488.0,401772850,6804.0,7,6,-105.0,-115.0,1.5,-120.0,100.0,48.5,-110.0,-110.0,0,outdoors,fieldturf,82.0,3.0,00-0033077,00-0036945,Dak Prescott,Justin Fields,Brian Schottenheimer,Aaron Glenn,Alex Moore,NYC01,MetLife Stadium,906.4930798499746,943.025391653538,879.4336605283189,970.0848109751937,0.49203903614401445,0.5079609638559855,44.0,31.0,0.65,2.212730241263391,True,True,2018,2024,2018,2024,7,
2025_05_DEN_PHI,2025,REG,5,2025-10-05,Sunday,13:00,DEN,21.0,PHI,17.0,Home,-4.0,38.0,0.0,2025100506,59914.0,,202510050phi,28489.0,401772745,6805.0,6,7,180.0,-218.0,3.5,-105.0,-115.0,44.5,-115.0,-105.0,0,outdoors,grass,80.0,6.0,00-0039732,00-0036389,Bo Nix,Jalen Hurts,Sean Payton,Nick Sirianni,Adrian Hill,PHI00,Lincoln Financial Field,1209.3991596441306,1067.3593796107466,1184.0320170260093,1092.726522228868,0.7302905194325984,0.2697094805674016,44.0,31.0,0.65,2.212730241263391,True,True,2018,2024,2018,2024,7,
2025_05_HOU_BAL,2025,REG,5,2025-10-05,Sunday,13:00,HOU,44.0,BAL,10.0,Home,-34.0,54.0,0.0,2025100501,59909.0,,202510050rav,28484.0,401772743,6800.0,7,7,-148.0,124.0,-2.5,-118.0,-102.0,41.5,-115.0,-105.0,0,outdoors,grass,78.0,2.0,00-0039163,00-0033662,C.J. Stroud,Cooper Rush,DeMeco Ryans,John Harbaugh,Land Clark,BAL00,M&T Bank Stadium,1080.5891776778217,996.0241204063689,1031.3089611817904,1045.3043369024,0.6604378308887923,0.33956216911120773,44.0,31.0,0.65,2.212730241263391,True,True,2018,2024,2018,2024,7,
2025_05_LV_IND,2025,REG,5,2025-10-05,Sunday,13:00,LV,6.0,IND,40.0,Home,34.0,46.0,0.0,2025100503,59911.0,,202510050clt,28486.0,401772851,6802.0,7,7,285.0,-360.0,7.0,100.0,-120.0,46.5,-108.0,-112.0,0,closed,fieldturf,,,00-0030565,00-0035710,Geno Smith,Daniel Jones,Pete Carroll,Shane Steichen,Alex Kemp,IND00,Lucas Oil Stadium,994.0171545419561,893.3621557004494,1015.3036654852616,872.0756447571439,0.6808904778766329,0.3191095221233671,44.0,31.0,0.65,2.212730241263391,True,True,2018,2024,2018,2024,7,
2025_05_MIA_CAR,2025,REG,5,2025-10-05,Sunday,13:00,MIA,24.0,CAR,27.0,Home,3.0,51.0,0.0,2025100502,59910.0,,202510050car,28485.0,401772852,6801.0,6,7,-120.0,100.0,-1.5,-105.0,-115.0,44.5,-105.0,-115.0,0,outdoors,grass,77.0,8.0,00-0036212,00-0039150,Tua Tagovailoa,Bryce Young,Mike McDaniel,Dave Canales,Clay Martin,CAR00,Bank of America Stadium,862.447922681132,939.9958136330439,878.4043596677575,924.0393766464184,0.43341014153321683,0.5665898584667832,44.0,31.0,0.65,2.212730241263391,True,True,2018,2024,2018,2024,7,
2025_05_NYG_NO,2025,REG,5,2025-10-05,Sunday,13:00,NYG,14.0,NO,26.0,Home,12.0,40.0,0.0,2025100504,59912.0,,202510050nor,28487.0,401772744,6803.0,7,7,100.0,-120.0,1.5,-115.0,-105.0,41.5,-105.0,-115.0,0,dome,sportturf,,,00-0040691,00-0039376,Jaxson Dart,Spencer Rattler,Brian Daboll,Kellen Moore,Alan Eck,NOR00,Mercedes-Benz Superdome,867.4688012317072,886.5044187315414,891.9596943422628,862.0135256209858,0.5172113276468524,0.4827886723531476,44.0,31.0,0.65,2.212730241263391,True,True,2018,2024,2018,2024,7,
2025_05_TB_SEA,2025,REG,5,2025-10-05,Sunday,16:05,TB,38.0,SEA,35.0,Home,-3.0,73.0,0.0,2025100508,59916.0,,202510050sea,28490.0,401772746,6807.0,7,10,150.0,-180.0,3.5,-115.0,-105.0,44.5,-110.0,-110.0,0,outdoors,fieldturf,61.0,8.0,00-0034855,00-0034869,Baker Mayfield,Sam Darnold,Todd Bowles,Mike Macdonald,Craig Wrolstad,SEA00,Lumen Field,1069.6622132361608,1050.4845609669842,1053.5342974789505,1066.6124767241945,0.5717135386086999,0.4282864613913001,44.0,31.0,0.65,2.212730241263391,True,True,2018,2024,2018,2024,7,
2025_05_TEN_ARI,2025,REG,5,2025-10-05,Sunday,16:05,TEN,22.0,ARI,21.0,Home,-1.0,43.0,0.0,2025100507,59915.0,,202510050crd,28491.0,401772747,6806.0,7,10,330.0,-425.0,7.5,-108.0,-112.0,41.5,-110.0,-110.0,0,closed,grass,,,00-0040676,00-0035228,Cam Ward,Kyler Murray,Brian Callahan,Jonathan Gannon,Shawn Smith,PHO00,State Farm Stadium,985.6230476149142,813.3073587882803,974.0323650271795,824.898041376015,0.7632135484782732,0.23678645152172684,44.0,31.0,0.65,2.212730241263391,True,True,2018,2024,2018,2024,7,
2025_05_DET_CIN,2025,REG,5,2025-10-05,Sunday,16:25,DET,37.0,CIN,24.0,Home,-13.0,61.0,0.0,2025100509,59917.0,,202510050cin,28492.0,401772854,6808.0,7,6,-575.0,425.0,-10.5,-102.0,-118.0,49.5,-112.0,-108.0,0,outdoors,fieldturf,84.0,7.0,00-0033106,00-0035100,Jared Goff,Jake Browning,Dan Campbell,Zac Taylor,Carl Cheffers,CIN00,Paycor Stadium,987.5032345111083,1144.7310577304231,971.327080003554,1160.9072122379775,0.3259356174234039,0.6740643825765962,44.0,31.0,0.65,2.212730241263391,True,True,2018,2024,2018,2024,7,
2025_05_WAS_LAC,2025,REG,5,2025-10-05,Sunday,16:25,WAS,27.0,LAC,10.0,Home,-17.0,37.0,0.0,2025100510,59918.0,,202510050sdg,28493.0,401772853,6809.0,7,7,130.0,-155.0,2.5,100.0,-120.0,47.5,-115.0,-105.0,0,dome,matrixturf,,,00-0039910,00-0036355,Jayden Daniels,Justin Herbert,Dan Quinn,Jim Harbaugh,John Hussey,LAX01,SoFi Stadium,1054.202491987864,1034.5046064836447,1020.5251236335043,1068.1819748380044,0.5724466551690978,0.42755334483090224,44.0,31.0,0.65,2.212730241263391,True,True,2018,2024,2018,2024,7,
2025_05_NE_BUF,2025,REG,5,2025-10-05,Sunday,20:20,NE,23.0,BUF,20.0,Home,-3.0,43.0,0.0,2025100511,59919.0,,202510050buf,28494.0,401772922,6810.0,7,7,310.0,-395.0,7.5,-105.0,-115.0,49.5,-108.0,-112.0,1,outdoors,a_turf,66.0,3.0,00-0039851,00-0034857,Drake Maye,Josh Allen,Mike Vrabel,Sean McDermott,Shawn Hochuli,BUF00,New Era Field,1165.2518315107839,927.088710669634,1139.3445558665132,952.9959863139047,0.8248310259239175,0.17516897407608245,44.0,31.0,0.65,2.212730241263391,True,True,2018,2024,2018,2024,7,
2025_05_KC_JAX,2025,REG,5,2025-10-06,Monday,20:15,KC,28.0,JAX,31.0,Home,3.0,59.0,0.0,2025100600,59920.0,,202510060jax,28495.0,401772814,6811.0,8,8,-198.0,164.0,-3.5,-110.0,-110.0,45.5,-108.0,-112.0,0,outdoors,grass,80.0,12.0,00-0033873,00-0036971,Patrick Mahomes,Trevor Lawrence,Andy Reid,Liam Coen,Brad Rogers,JAX00,TIAA Bank Stadium,979.4604155358404,1121.3627955358668,998.4572919077498,1102.3659191639574,0.34560708586075584,0.6543929141392442,44.0,31.0,0.65,2.212730241263391,True,True,2018,2024,2018,2024,7,
2025_06_PHI_NYG,2025,REG,6,2025-10-09,Thursday,20:15,PHI,17.0,NYG,34.0,Home,17.0,51.0,0.0,2025100900,59921.0,,202510090nyg,28496.0,401772940,6812.0,4,4,-395.0,310.0,-7.0,-120.0,100.0,40.5,-105.0,-115.0,1,outdoors,fieldturf,53.0,3.0,00-0036389,00-0040691,Jalen Hurts,Jaxson Dart,Nick Sirianni,Brian Daboll,Clete Blakeman,NYC01,MetLife Stadium,862.0135256209858,1184.0320170260093,917.8029207328173,1128.2426219141778,0.15772718585727422,0.8422728141427258,44.0,31.0,0.65,2.212730241263391,True,True,2018,2024,2018,2024,7,
2025_06_DEN_NYJ,2025,REG,6,2025-10-12,Sunday,09:30,DEN,13.0,NYJ,11.0,Neutral,-2.0,24.0,0.0,2025101200,59922.0,,202510120nyj,28497.0,401772634,6813.0,7,7,-395.0,310.0,-7.5,100.0,-120.0,43.5,-112.0,-108.0,0,outdoors,grass,59.0,6.0,00-0039732,00-0036945,Bo Nix,Justin Fields,Sean Payton,Aaron Glenn,Land Clark,NYC01,MetLife Stadium,879.4336605283189,1092.726522228868,874.2015313595127,1097.9586513976742,0.2593476207053582,0.7406523792946418,44.0,31.0,0.65,2.212730241263391,True,True,2018,2024,2018,2024,7,
2025_06_ARI_IND,2025,REG,6,2025-10-12,Sunday,13:00,ARI,27.0,IND,31.0,Home,4.0,58.0,0.0,2025101203,59925.0,,202510120clt,28500.0,401772856,6816.0,7,7,360.0,-470.0,8.5,-110.0,-110.0,46.5,-122.0,102.0,0,closed,fieldturf,,,00-0033119,00-0035710,Jacoby Brissett,Daniel Jones,Jonathan Gannon,Shane Steichen,Shawn Hochuli,IND00,Lucas Oil Stadium,1015.3036654852616,974.0323650271795,1027.619473681865,961.7165568305762,0.6025321675061299,0.3974678324938701,44.0,31.0,0.65,2.212730241263391,True,True,2018,2024,2018,2024,7,
2025_06_CLE_PIT,2025,REG,6,2025-10-12,Sunday,13:00,CLE,9.0,PIT,23.0,Home,14.0,32.0,0.0,2025101206,59928.0,,202510120pit,28503.0,401772748,6819.0,7,14,225.0,-278.0,5.5,100.0,-120.0,37.5,100.0,-120.0,1,outdoors,grass,64.0,8.0,00-0040704,00-0023459,Dillon Gabriel,Aaron Rodgers,Kevin Stefanski,Mike Tomlin,Ron Torbert,PIT00,Acrisure Stadium,1026.0233716934079,883.0807654552981,1039.4318695414504,869.6722676072554,0.7313129440141943,0.26868705598580567,44.0,31.0,0.65,2.212730241263391,True,True,2018,2024,2018,2024,7,
2025_06_DAL_CAR,2025,REG,6,2025-10-12,Sunday,13:00,DAL,27.0,CAR,30.0,Home,3.0,57.0,0.0,2025101202,59924.0,,202510120car,28499.0,401772858,6815.0,7,7,-175.0,145.0,-3.0,-118.0,-102.0,47.5,-105.0,-115.0,0,outdoors,grass,68.0,15.0,00-0033077,00-0039150,Dak Prescott,Bryce Young,Brian Schottenheimer,Dave Canales,John Hussey,CAR00,Bank of America Stadium,878.4043596677575,970.0848109751937,895.0291782128976,953.4599924300536,0.41355102595687565,0.5864489740431243,44.0,31.0,0.65,2.212730241263391,True,True,2018,2024,2018,2024,7,
2025_06_LAC_MIA,2025,REG,6,2025-10-12,Sunday,13:00,LAC,29.0,MIA,27.0,Home,-2.0,56.0,0.0,2025101205,59927.0,,202510120mia,28502.0,401772750,6818.0,7,7,-205.0,170.0,-3.5,-115.0,-105.0,45.5,-115.0,-105.0,0,outdoors,grass,85.0,4.0,00-0036355,00-0036212,Justin Herbert,Tua Tagovailoa,Jim Harbaugh,Mike McDaniel,Bill Vinovich,MIA00,Hard Rock Stadium,924.0393766464184,1020.5251236335043,915.4081260851937,1029.156374194729,0.4068588056494445,0.5931411943505556,44.0,31.0,0.65,2.212730241263391,True,True,2018,2024,2018,2024,7,
2025_06_LA_BAL,2025,REG,6,2025-10-12,Sunday,13:00,LA,17.0,BAL,3.0,Home,-14.0,20.0,0.0,2025101201,59923.0,,202510120rav,28498.0,401772855,6814.0,10,7,-355.0,280.0,-7.0,-105.0,-115.0,43.5,-108.0,-112.0,0,outdoors,grass,64.0,15.0,00-0026498,00-0033662,Matthew Stafford,Cooper Rush,Sean McVay,John Harbaugh,Alex Kemp,BAL00,M&T Bank Stadium,1031.3089611817904,1064.671075505732,1004.5959901188917,1091.3840465686308,0.4966006966056717,0.5033993033943283,44.0,31.0,0.65,2.212730241263391,True,True,2018,2024,2018,2024,7,
2025_06_NE_NO,2025,REG,6,2025-10-12,Sunday,13:00,NE,25.0,NO,19.0,Home,-6.0,44.0,0.0,2025101210,59932.0,,202510120nor,28507.0,401772751,6823.0,7,7,-192.0,160.0,-3.5,-105.0,-115.0,46.5,-115.0,-105.0,0,dome,sportturf,,,00-0039851,00-0039376,Drake Maye,Spencer Rattler,Mike Vrabel,Kellen Moore,Adrian Hill,NOR00,Mercedes-Benz Superdome,891.9596943422628,952.9959863139047,874.5190923803785,970.436588275789,0.45688166757523185,0.5431183324247681,44.0,31.0,0.65,2.212730241263391,True,True,2018,2024,2018,2024,7,
2025_06_SEA_JAX,2025,REG,6,2025-10-12,Sunday,13:00,SEA,20.0,JAX,12.0,Home,-8.0,32.0,0.0,2025101204,59926.0,,202510120jax,28501.0,401772857,6817.0,7,6,-115.0,-105.0,-1.5,100.0,-120.0,47.5,-115.0,-105.0,0,outdoors,grass,76.0,8.0,00-0034869,00-0036971,Sam Darnold,Trevor Lawrence,Mike Macdonald,Liam Coen,Clay Martin,JAX00,TIAA Bank Stadium,998.4572919077498,1053.5342974789505,978.3430683856187,1073.6485210010817,0.46540576415839213,0.5345942358416078,44.0,31.0,0.65,2.212730241263391,True,True,2018,2024,2018,2024,7,
2025_06_TEN_LV,2025,REG,6,2025-10-12,Sunday,16:05,TEN,10.0,LV,20.0,Home,10.0,30.0,0.0,2025101208,59930.0,,202510120rai,28505.0,401772859,6821.0,7,7,154.0,-185.0,3.5,-110.0,-110.0,41.5,-105.0,-115.0,0,dome,grass,,,00-0040676,00-0030565,Cam Ward,Geno Smith,Brian Callahan,Pete Carroll,Carl Cheffers,VEG00,Allegiant Stadium,872.0756447571439,824.898041376015,890.0037622567878,806.9699238763711,0.6106455251228678,0.38935447487713215,44.0,31.0,0.65,2.212730241263391,True,True,2018,2024,2018,2024,7,
2025_06_CIN_GB,2025,REG,6,2025-10-12,Sunday,16:25,CIN,18.0,GB,27.0,Home,9.0,45.0,0.0,2025101209,59931.0,,202510120gnb,28506.0,401772752,6822.0,7,14,650.0,-1000.0,14.0,-110.0,-110.0,44.5,-110.0,-110.0,0,outdoors,grass,64.0,14.0,00-0026158,00-0036264,Joe Flacco,Jordan Love,Zac Taylor,Matt LaFleur,Brad Allen,GNB00,Lambeau Field,1085.7966055895872,971.327080003554,1098.7702393029983,958.353446290143,0.6979152147578952,0.3020847852421048,44.0,31.0,0.65,2.212730241263391,True,True,2018,2024,2018,2024,7,
2025_06_SF_TB,2025,REG,6,2025-10-12,Sunday,16:25,SF,19.0,TB,30.0,Home,11.0,49.0,0.0,2025101207,59929.0,,202510120tam,28504.0,401772749,6820.0,10,7,160.0,-192.0,3.5,-105.0,-115.0,46.5,-105.0,-115.0,0,outdoors,grass,82.0,10.0,00-0036972,00-0034855,Mac Jones,Baker Mayfield,Kyle Shanahan,Todd Bowles,Brad Rogers,TAM00,Raymond James Stadium,1066.6124767241945,1006.4382708810408,1084.2491190412568,988.8016285639784,0.6282790363525911,0.3717209636474089,44.0,31.0,0.65,2.212730241263391,True,True,2018,2024,2018,2024,7,
2025_06_DET_KC,2025,REG,6,2025-10-12,Sunday,20:20,DET,17.0,KC,30.0,Home,13.0,47.0,0.0,2025101211,59933.0,,202510120kan,28508.0,401772923,6824.0,7,6,120.0,-142.0,2.5,-105.0,-115.0,51.5,-105.0,-115.0,0,outdoors,grass,85.0,13.0,00-0033106,00-0033873,Jared Goff,Patrick Mahomes,Dan Campbell,Andy Reid,Craig Wrolstad,KAN00,GEHA Field at Arrowhead Stadium,1102.3659191639574,1160.9072122379775,1131.0392222284654,1132.2339091734696,0.4604477043192488,0.5395522956807512,44.0,31.0,0.65,2.212730241263391,True,True,2018,2024,2018,2024,7,
2025_06_BUF_ATL,2025,REG,6,2025-10-13,Monday,19:15,BUF,14.0,ATL,24.0,Home,10.0,38.0,0.0,2025101300,59934.0,,202510130atl,28509.0,401772815,6825.0,8,15,-205.0,170.0,-3.5,-120.0,100.0,49.5,-102.0,-118.0,0,closed,fieldturf,,,00-0034857,00-0039917,Josh Allen,Michael Penix,Sean McDermott,Raheem Morris,Shawn Smith,ATL97,Mercedes-Benz Stadium,963.9751113920676,1139.3445558665132,999.5220387956143,1103.7976284629665,0.30342155040463364,0.6965784495953664,44.0,31.0,0.65,2.212730241263391,True,True,2018,2024,2018,2024,7,
2025_06_CHI_WAS,2025,REG,6,2025-10-13,Monday,20:15,CHI,25.0,WAS,24.0,Home,-1.0,49.0,0.0,2025101301,59935.0,,202510130was,28510.0,401772717,6826.0,15,8,210.0,-258.0,5.5,-108.0,-112.0,49.5,-105.0,-115.0,0,outdoors,grass,59.0,12.0,00-0039918,00-0039910,Caleb Williams,Jayden Daniels,Ben Johnson,Dan Quinn,Alex Moore,WAS00,FedExField,1068.1819748380044,943.1523764550027,1057.6403464806028,953.6940048124044,0.7105750540709947,0.28942494592900525,44.0,31.0,0.65,2.212730241263391,True,True,2018,2024,2018,2024,7,
2025_07_PIT_CIN,2025,REG,7,2025-10-16,Thursday,20:15,PIT,31.0,CIN,33.0,Home,2.0,64.0,0.0,2025101600,59936.0,,202510160cin,28511.0,401772941,6827.0,4,4,-245.0,200.0,-5.5,-105.0,-115.0,45.5,-115.0,-105.0,1,outdoors,fieldturf,60.0,5.0,00-0023459,00-0026158,Aaron Rodgers,Joe Flacco,Mike Tomlin,Zac Taylor,Clay Martin,CIN00,Paycor Stadium,958.353446290143,1039.4318695414504,971.1308004744586,1026.6545153571346,0.42842633152558257,0.5715736684744175,44.0,31.0,0.65,2.212730241263391,True,True,2018,2024,2018,2024,7,
2025_07_LA_JAX,2025,REG,7,2025-10-19,Sunday,09:30,LA,35.0,JAX,7.0,Neutral,-28.0,42.0,0.0,2025101900,59937.0,,202510190jax,28512.0,401772635,6828.0,7,7,-166.0,140.0,-3.0,-115.0,-105.0,44.5,-105.0,-115.0,0,outdoors,grass,59.0,9.0,00-0026498,00-0036971,Matthew Stafford,Trevor Lawrence,Sean McVay,Liam Coen,Adrian Hill,JAX00,TIAA Bank Stadium,978.3430683856187,1091.3840465686308,953.5502147637947,1116.176900190455,0.3840800916206754,0.6159199083793245,44.0,31.0,0.65,2.212730241263391,True,True,2018,2024,2018,2024,7,
2025_07_CAR_NYJ,2025,REG,7,2025-10-19,Sunday,13:00,CAR,13.0,NYJ,6.0,Home,-7.0,19.0,0.0,2025101905,59942.0,,202510190nyj,28517.0,401772860,6833.0,7,7,-108.0,-112.0,1.5,-125.0,105.0,39.5,-102.0,-118.0,0,outdoors,fieldturf,71.0,13.0,00-0039150,00-0036945,Bryce Young,Justin Fields,Dave Canales,Aaron Glenn,Brad Rogers,NYC01,MetLife Stadium,874.2015313595127,895.0291782128976,852.8227475392416,916.4079620331687,0.5146350113594298,0.4853649886405702,44.0,31.0,0.65,2.212730241263391,True,True,2018,2024,2018,2024,7,
2025_07_LV_KC,2025,REG,7,2025-10-19,Sunday,13:00,LV,0.0,KC,31.0,Home,31.0,31.0,0.0,2025101903,59940.0,,202510190kan,28515.0,401772753,6831.0,7,7,625.0,-950.0,13.5,-115.0,-105.0,44.5,-115.0,-105.0,1,outdoors,grass,57.0,9.0,00-0030565,00-0033873,Geno Smith,Patrick Mahomes,Pete Carroll,Andy Reid,Clete Blakeman,KAN00,GEHA Field at Arrowhead Stadium,1131.0392222284654,890.0037622567878,1141.6369634037344,879.4060210815188,0.8272071954687229,0.1727928045312771,44.0,31.0,0.65,2.212730241263391,True,True,2018,2024,2018,2024,7,
2025_07_MIA_CLE,2025,REG,7,2025-10-19,Sunday,13:00,MIA,6.0,CLE,31.0,Home,25.0,37.0,0.0,2025101902,59939.0,,202510190cle,28514.0,401772754,6830.0,7,7,124.0,-148.0,2.5,-102.0,-118.0,34.5,-112.0,-108.0,0,outdoors,grass,65.0,17.0,00-0036212,00-0040704,Tua Tagovailoa,Dillon Gabriel,Mike McDaniel,Kevin Stefanski,Shawn Hochuli,CLE00,FirstEnergy Stadium,869.6722676072554,915.4081260851937,903.6665765921523,881.4138171002968,0.4788061018655836,0.5211938981344164,44.0,31.0,0.65,2.212730241263391,True,True,2018,2024,2018,2024,7,
2025_07_NE_TEN,2025,REG,7,2025-10-19,Sunday,13:00,NE,31.0,TEN,13.0,Home,-18.0,44.0,0.0,2025101906,59943.0,,202510190oti,28518.0,401772755,6834.0,7,7,-290.0,235.0,-6.5,-108.0,-112.0,40.5,-108.0,-112.0,0,outdoors,grass,60.0,18.0,00-0039851,00-0040676,Drake Maye,Cam Ward,Mike Vrabel,Brian Callahan,Craig Wrolstad,NAS00,Nissan Stadium,806.9699238763711,970.436588275789,789.403187067336,988.003325084824,0.3180951854015864,0.6819048145984137,44.0,31.0,0.65,2.212730241263391,True,True,2018,2024,2018,2024,7,
2025_07_NO_CHI,2025,REG,7,2025-10-19,Sunday,13:00,NO,14.0,CHI,26.0,Home,12.0,40.0,0.0,2025101901,59938.0,,202510190chi,28513.0,401772861,6829.0,7,6,185.0,-225.0,4.5,-120.0,100.0,43.5,-110.0,-110.0,0,outdoors,grass,49.0,8.0,00-0039376,00-0039918,Spencer Rattler,Caleb Williams,Kellen Moore,Ben Johnson,Scott Novak,CHI98,Soldier Field,953.6940048124044,874.5190923803785,970.5266635226213,857.6864336701616,0.6534452143037783,0.34655478569622167,44.0,31.0,0.65,2.212730241263391,True,True,2018,2024,2018,2024,7,
2025_07_PHI_MIN,2025,REG,7,2025-10-19,Sunday,13:00,PHI,28.0,MIN,22.0,Home,-6.0,50.0,0.0,2025101904,59941.0,,202510190min,28516.0,401772862,6832.0,10,14,-148.0,124.0,-2.5,-110.0,-110.0,43.5,-105.0,-115.0,0,dome,sportturf,,,00-0036389,00-0032950,Jalen Hurts,Carson Wentz,Nick Sirianni,Kevin O'Connell,Bill Vinovich,MIN01,U.S. Bank Stadium,1054.453243676334,1128.2426219141778,1037.8007567622017,1144.8951088283102,0.4387305964811453,0.5612694035188547,44.0,31.0,0.65,2.212730241263391,True,True,2018,2024,2018,2024,7,
2025_07_IND_LAC,2025,REG,7,2025-10-19,Sunday,16:05,IND,38.0,LAC,24.0,Home,-14.0,62.0,0.0,2025101908,59945.0,,202510190sdg,28520.0,401772756,6836.0,7,7,114.0,-135.0,2.5,-108.0,-112.0,48.5,-110.0,-110.0,0,dome,matrixturf,,,00-0035710,00-0036355,Daniel Jones,Justin Herbert,Shane Steichen,Jim Harbaugh,Alan Eck,LAX01,SoFi Stadium,1029.156374194729,1027.619473681865,999.2756312159491,1057.500216660645,0.546687957767737,0.45331204223226296,44.0,31.0,0.65,2.212730241263391,True,True,2018,2024,2018,2024,7,
2025_07_NYG_DEN,2025,REG,7,2025-10-19,Sunday,16:05,NYG,32.0,DEN,33.0,Home,1.0,65.0,0.0,2025101907,59944.0,,202510190den,28519.0,401772757,6835.0,10,7,330.0,-425.0,7.5,-105.0,-115.0,39.5,-105.0,-115.0,0,outdoors,grass,72.0,3.0,00-0040691,00-0039732,Jaxson Dart,Bo Nix,Brian Daboll,Sean Payton,Brad Allen,DEN00,Empower Field at Mile High,1097.9586513976742,917.8029207328173,1100.8351593195912,914.9264128109002,0.7712724443901026,0.22872755560989744,44.0,31.0,0.65,2.212730241263391,True,True,2018,2024,2018,2024,7,
2025_07_GB_ARI,2025,REG,7,2025-10-19,Sunday,16:25,GB,27.0,ARI,23.0,Home,-4.0,50.0,0.0,2025101909,59946.0,,202510190crd,28521.0,401772863,6837.0,7,7,-395.0,310.0,-7.0,-115.0,-105.0,44.5,-110.0,-110.0,0,closed,grass,,,00-0036264,00-0033119,Jordan Love,Jacoby Brissett,Matt LaFleur,Jonathan Gannon,Alex Moore,PHO00,State Farm Stadium,961.7165568305762,1098.7702393029983,950.971014150913,1109.5157819826616,0.35194650193116384,0.6480534980688362,44.0,31.0,0.65,2.212730241263391,True,True,2018,2024,2018,2024,7,
2025_07_WAS_DAL,2025,REG,7,2025-10-19,Sunday,16:25,WAS,22.0,DAL,44.0,Home,22.0,66.0,0.0,2025101910,59947.0,,202510190dal,28522.0,401772864,6838.0,6,7,105.0,-125.0,1.5,-108.0,-112.0,54.5,-108.0,-112.0,1,closed,matrixturf,,,00-0039910,00-0033077,Jayden Daniels,Dak Prescott,Dan Quinn,Brian Schottenheimer,Alex Kemp,DAL00,AT&T Stadium,953.4599924300536,1057.6403464806028,992.4007449189504,1018.699593991706,0.39621528713289783,0.6037847128671021,44.0,31.0,0.65,2.212730241263391,True,True,2018,2024,2018,2024,7,
2025_07_ATL_SF,2025,REG,7,2025-10-19,Sunday,20:20,ATL,10.0,SF,20.0,Home,10.0,30.0,0.0,2025101911,59948.0,,202510190sfo,28523.0,401772924,6839.0,6,7,-105.0,-115.0,1.5,-120.0,100.0,46.5,-112.0,-108.0,0,outdoors,grass,74.0,5.0,00-0039917,00-0036972,Michael Penix,Mac Jones,Raheem Morris,Kyle Shanahan,Ron Torbert,SFO01,Levi's Stadium,988.8016285639784,999.5220387956143,1011.0475577842546,977.2761095753381,0.5291515769086929,0.47084842309130714,44.0,31.0,0.65,2.212730241263391,True,True,2018,2024,2018,2024,7,
2025_07_TB_DET,2025,REG,7,2025-10-20,Monday,19:00,TB,9.0,DET,24.0,Home,15.0,33.0,0.0,2025102000,59949.0,,202510200det,28524.0,401772816,6841.0,8,8,225.0,-278.0,6.0,-112.0,-108.0,54.5,-115.0,-105.0,0,dome,fieldturf,,,00-0034855,00-0033106,Baker Mayfield,Jared Goff,Todd Bowles,Dan Campbell,John Hussey,DET00,Ford Field,1132.2339091734696,1084.2491190412568,1152.8973530644257,1063.5856751503006,0.6117497056122865,0.3882502943877135,44.0,31.0,0.65,2.212730241263391,True,True,2018,2024,2018,2024,7,
2025_07_HOU_SEA,2025,REG,7,2025-10-20,Monday,22:00,HOU,19.0,SEA,27.0,Home,8.0,46.0,0.0,2025102001,59950.0,,202510200sea,28525.0,401772826,6840.0,15,8,140.0,-166.0,3.0,-110.0,-110.0,41.5,-110.0,-110.0,0,outdoors,fieldturf,56.0,5.0,00-0039163,00-0034869,C.J. Stroud,Sam Darnold,DeMeco Ryans,Mike Macdonald,Carl Cheffers,SEA00,Lumen Field,1073.6485210010817,1045.3043369024,1091.322081670501,1027.630776232981,0.5845821856474859,0.4154178143525141,44.0,31.0,0.65,2.212730241263391,True,True,2018,2024,2018,2024,7,
2025_08_MIN_LAC,2025,REG,8,2025-10-23,Thursday,20:15,MIN,10.0,LAC,37.0,Home,27.0,47.0,0.0,2025102300,59951.0,,202510230sdg,28526.0,401772942,6842.0,4,4,142.0,-170.0,3.0,100.0,-120.0,45.5,-110.0,-110.0,0,dome,matrixturf,,,00-0032950,00-0036355,Carson Wentz,Justin Herbert,Kevin O'Connell,Jim Harbaugh,Clete Blakeman,LAX01,SoFi Stadium,999.2756312159491,1037.8007567622017,1033.2396021866637,1003.8367857914872,0.4891721669206624,0.5108278330793377,44.0,31.0,0.65,2.212730241263391,True,True,2018,2024,2018,2024,7,
2025_08_BUF_CAR,2025,REG,8,2025-10-26,Sunday,13:00,BUF,40.0,CAR,9.0,Home,-31.0,49.0,0.0,2025102602,59954.0,,202510260car,28529.0,401772865,6845.0,13,7,-395.0,310.0,-7.0,-115.0,-105.0,47.5,-108.0,-112.0,0,outdoors,grass,63.0,9.0,00-0034857,00-0039150,Josh Allen,Bryce Young,Sean McDermott,Dave Canales,Craig Wrolstad,CAR00,Bank of America Stadium,916.4079620331687,1103.7976284629665,897.8131679935477,1122.3924225025876,0.28899886064943536,0.7110011393505646,44.0,31.0,0.65,2.212730241263391,True,True,2018,2024,2018,2024,7,
2025_08_CHI_BAL,2025,REG,8,2025-10-26,Sunday,13:00,CHI,16.0,BAL,30.0,Home,14.0,46.0,0.0,2025102601,59953.0,,202510260rav,28528.0,401772759,6844.0,7,14,124.0,-148.0,2.5,-102.0,-118.0,45.5,-112.0,-108.0,0,outdoors,grass,60.0,2.0,00-0039918,00-0035993,Caleb Williams,Tyler Huntley,Ben Johnson,John Harbaugh,Shawn Smith,BAL00,M&T Bank Stadium,1004.5959901188917,970.5266635226213,1025.9059683888981,949.2166852526149,0.5925625839184232,0.4074374160815768,44.0,31.0,0.65,2.212730241263391,True,True,2018,2024,2018,2024,7,
2025_08_CLE_NE,2025,REG,8,2025-10-26,Sunday,13:00,CLE,13.0,NE,32.0,Home,19.0,45.0,0.0,2025102605,59957.0,,202510260nwe,28532.0,401772868,6848.0,7,7,300.0,-380.0,7.0,-115.0,-105.0,40.5,-115.0,-105.0,0,outdoors,fieldturf,53.0,7.0,00-0040704,00-0039851,Dillon Gabriel,Drake Maye,Kevin Stefanski,Mike Vrabel,Alex Moore,BOS00,Gillette Stadium,988.003325084824,903.6665765921523,1007.2400836225872,884.4298180543891,0.6601430352390116,0.33985696476098837,44.0,31.0,0.65,2.212730241263391,True,True,2018,2024,2018,2024,7,
2025_08_MIA_ATL,2025,REG,8,2025-10-26,Sunday,13:00,MIA,34.0,ATL,10.0,Home,-24.0,44.0,0.0,2025102600,59952.0,,202510260atl,28527.0,401772760,6843.0,7,7,280.0,-355.0,7.0,-115.0,-105.0,44.5,-115.0,-105.0,0,closed,fieldturf,,,00-0036212,00-0029604,Tua Tagovailoa,Kirk Cousins,Mike McDaniel,Raheem Morris,John Hussey,ATL97,Mercedes-Benz Stadium,977.2761095753381,881.4138171002968,931.4365230017428,927.2534036738921,0.6748662877037521,0.3251337122962479,44.0,31.0,0.65,2.212730241263391,True,True,2018,2024,2018,2024,7,
2025_08_NYG_PHI,2025,REG,8,2025-10-26,Sunday,13:00,NYG,20.0,PHI,38.0,Home,18.0,58.0,0.0,2025102606,59958.0,,202510260phi,28533.0,401772867,6849.0,7,7,300.0,-380.0,7.0,-102.0,-118.0,43.5,-108.0,-112.0,1,outdoors,grass,60.0,4.0,00-0040691,00-0036389,Jaxson Dart,Jalen Hurts,Brian Daboll,Nick Sirianni,Brad Rogers,PHI00,Lincoln Financial Field,1144.8951088283102,914.9264128109002,1154.4258693002507,905.3956523389596,0.8179107948871032,0.18208920511289683,44.0,31.0,0.65,2.212730241263391,True,True,2018,2024,2018,2024,7,
2025_08_NYJ_CIN,2025,REG,8,2025-10-26,Sunday,13:00,NYJ,39.0,CIN,38.0,Home,-1.0,77.0,0.0,2025102603,59955.0,,202510260cin,28530.0,401772758,6846.0,7,10,210.0,-258.0,5.5,-112.0,-108.0,43.5,-102.0,-118.0,0,outdoors,fieldturf,57.0,8.0,00-0036945,00-0026158,Justin Fields,Joe Flacco,Aaron Glenn,Zac Taylor,Scott Novak,CIN00,Paycor Stadium,971.1308004744586,852.8227475392416,960.7423397582595,863.2112082554407,0.7025533044796118,0.29744669552038816,44.0,31.0,0.65,2.212730241263391,True,True,2018,2024,2018,2024,7,
2025_08_SF_HOU,2025,REG,8,2025-10-26,Sunday,13:00,SF,15.0,HOU,26.0,Home,11.0,41.0,0.0,2025102604,59956.0,,202510260htx,28531.0,401772866,6847.0,7,6,130.0,-155.0,2.5,100.0,-120.0,41.5,-112.0,-108.0,0,closed,astroturf,,,00-0036972,00-0039163,Mac Jones,C.J. Stroud,Kyle Shanahan,DeMeco Ryans,Alan Eck,HOU00,NRG Stadium,1027.630776232981,1011.0475577842546,1048.5223830654998,990.1559509517357,0.5680528024773926,0.43194719752260735,44.0,31.0,0.65,2.212730241263391,True,True,2018,2024,2018,2024,7,
2025_08_TB_NO,2025,REG,8,2025-10-26,Sunday,16:05,TB,23.0,NO,3.0,Home,-20.0,26.0,0.0,2025102607,59959.0,,202510260nor,28534.0,401772869,6850.0,6,7,-218.0,180.0,-4.5,-105.0,-115.0,46.5,-110.0,-110.0,1,dome,sportturf,,,00-0034855,00-0039376,Baker Mayfield,Spencer Rattler,Todd Bowles,Kellen Moore,Ron Torbert,NOR00,Mercedes-Benz Superdome,857.6864336701616,1063.5856751503006,842.6786234631115,1078.5934853573508,0.2676063734598663,0.7323936265401336,44.0,31.0,0.65,2.212730241263391,True,True,2018,2024,2018,2024,7,
2025_08_DAL_DEN,2025,REG,8,2025-10-26,Sunday,16:25,DAL,24.0,DEN,44.0,Home,20.0,68.0,0.0,2025102608,59960.0,,202510260den,28535.0,401772762,6851.0,7,7,160.0,-192.0,3.5,-110.0,-110.0,51.5,-110.0,-110.0,0,outdoors,grass,67.0,4.0,00-0033077,00-0039732,Dak Prescott,Bo Nix,Brian Schottenheimer,Sean Payton,Carl Cheffers,DEN00,Empower Field at Mile High,1100.8351593195912,992.4007449189504,1118.453237238959,974.7826669995827,0.6905408447286794,0.3094591552713206,44.0,31.0,0.65,2.212730241263391,True,True,2018,2024,2018,2024,7,
2025_08_TEN_IND,2025,REG,8,2025-10-26,Sunday,16:25,TEN,14.0,IND,38.0,Home,24.0,52.0,0.0,2025102609,59961.0,,202510260clt,28536.0,401772761,6852.0,7,7,950.0,-1650.0,15.5,-115.0,-105.0,47.5,-102.0,-118.0,1,closed,fieldturf,,,00-0040676,00-0035710,Cam Ward,Daniel Jones,Brian Callahan,Shane Steichen,Land Clark,IND00,Lucas Oil Stadium,1057.500216660645,789.403187067336,1066.045018312251,780.8583854157301,0.8483529399251294,0.1516470600748706,44.0,31.0,0.65,2.212730241263391,True,True,2018,2024,2018,2024,7,
2025_08_GB_PIT,2025,REG,8,2025-10-26,Sunday,20:20,GB,35.0,PIT,25.0,Home,-10.0,60.0,0.0,2025102610,59962.0,,202510260pit,28537.0,401772925,6853.0,7,10,-155.0,130.0,-3.0,100.0,-120.0,46.5,-115.0,-105.0,0,outdoors,grass,46.0,5.0,00-0036264,00-0023459,Jordan Love,Aaron Rodgers,Matt LaFleur,Mike Tomlin,Shawn Hochuli,PIT00,Acrisure Stadium,1026.6545153571346,1109.5157819826616,1006.813748309558,1129.3565490302383,0.425915054904199,0.574084945095801,44.0,31.0,0.65,2.212730241263391,True,True,2018,2024,2018,2024,7,
2025_08_WAS_KC,2025,REG,8,2025-10-27,Monday,20:15,WAS,7.0,KC,28.0,Home,21.0,35.0,0.0,2025102700,59963.0,,202510270kan,28538.0,401772817,6854.0,8,8,500.0,-700.0,10.5,-105.0,-115.0,48.5,-115.0,-105.0,0,outdoors,grass,54.0,8.0,00-0039910,00-0033873,Jayden Daniels,Patrick Mahomes,Dan Quinn,Andy Reid,Brad Allen,KAN00,GEHA Field at Arrowhead Stadium,1141.6369634037344,1018.699593991706,1158.4058079480494,1001.9307494473909,0.7080918729910854,0.29190812700891455,44.0,31.0,0.65,2.212730241263391,True,True,2018,2024,2018,2024,7,
2025_09_BAL_MIA,2025,REG,9,2025-10-30,Thursday,20:15,BAL,28.0,MIA,6.0,Home,-22.0,34.0,0.0,2025103000,59964.0,,202510300mia,28539.0,401772943,6855.0,4,4,-455.0,350.0,-7.5,-120.0,100.0,51.5,-110.0,-110.0,0,outdoors,grass,73.0,5.0,00-0034796,00-0036212,Lamar Jackson,Tua Tagovailoa,John Harbaugh,Mike McDaniel,Scott Novak,MIA00,Hard Rock Stadium,927.2534036738921,1025.9059683888981,902.8247869517623,1050.3345851110278,0.4038522447611229,0.5961477552388771,44.0,31.0,0.65,2.212730241263391,True,True,2018,2024,2018,2024,7,
2025_09_ATL_NE,2025,REG,9,2025-11-02,Sunday,13:00,ATL,23.0,NE,24.0,Home,1.0,47.0,0.0,2025110204,59969.0,,202511020nwe,28544.0,401772763,6860.0,7,7,205.0,-250.0,5.5,-110.0,-110.0,45.5,-112.0,-108.0,0,outdoors,fieldturf,52.0,7.0,00-0039917,00-0039851,Michael Penix,Drake Maye,Raheem Morris,Mike Vrabel,Brad Allen,BOS00,Gillette Stadium,1007.2400836225872,931.4365230017428,1011.8534990284437,926.8231075958863,0.649037408958992,0.350962591041008,44.0,31.0,0.65,2.212730241263391,True,True,2018,2024,2018,2024,7,
2025_09_CAR_GB,2025,REG,9,2025-11-02,Sunday,13:00,CAR,16.0,GB,13.0,Home,-3.0,29.0,0.0,2025110202,59967.0,,202511020gnb,28542.0,401772872,6858.0,7,7,650.0,-1000.0,12.5,-102.0,-118.0,43.5,-115.0,-105.0,0,outdoors,grass,47.0,15.0,00-0039150,00-0036264,Bryce Young,Jordan Love,Dave Canales,Matt LaFleur,Land Clark,GNB00,Lambeau Field,1129.3565490302383,897.8131679935477,1103.7122710298984,923.4574459938876,0.819256924395915,0.18074307560408498,44.0,31.0,0.65,2.212730241263391,True,True,2018,2024,2018,2024,7,
2025_09_CHI_CIN,2025,REG,9,2025-11-02,Sunday,13:00,CHI,47.0,CIN,42.0,Home,-5.0,89.0,0.0,2025110200,59965.0,,202511020cin,28540.0,401772765,6856.0,7,7,-162.0,136.0,-3.0,-105.0,-115.0,51.5,-108.0,-112.0,0,outdoors,fieldturf,50.0,6.0,00-0039918,00-0026158,Caleb Williams,Joe Flacco,Ben Johnson,Zac Taylor,Clete Blakeman,CIN00,Paycor Stadium,960.7423397582595,949.2166852526149,940.3642749168121,969.5947500940623,0.5608955387724334,0.43910446122756663,44.0,31.0,0.65,2.212730241263391,True,True,2018,2024,2018,2024,7,
2025_09_DEN_HOU,2025,REG,9,2025-11-02,Sunday,13:00,DEN,18.0,HOU,15.0,Home,-3.0,33.0,0.0,2025110203,59968.0,,202511020htx,28543.0,401772870,6859.0,7,7,105.0,-125.0,1.5,-110.0,-110.0,40.5,-105.0,-115.0,0,closed,astroturf,,,00-0039732,00-0039163,Bo Nix,C.J. Stroud,Sean Payton,DeMeco Ryans,Ron Torbert,HOU00,NRG Stadium,1048.5223830654998,1118.453237238959,1036.4901188745484,1130.4855014299103,0.444207306528651,0.5557926934713491,44.0,31.0,0.65,2.212730241263391,True,True,2018,2024,2018,2024,7,
2025_09_IND_PIT,2025,REG,9,2025-11-02,Sunday,13:00,IND,20.0,PIT,27.0,Home,7.0,47.0,0.0,2025110206,59971.0,,202511020pit,28546.0,401772766,6862.0,7,7,-185.0,154.0,-3.5,100.0,-120.0,51.5,-105.0,-115.0,0,outdoors,grass,56.0,2.0,00-0035710,00-0023459,Daniel Jones,Aaron Rodgers,Shane Steichen,Mike Tomlin,Craig Wrolstad,PIT00,Acrisure Stadium,1006.813748309558,1066.045018312251,1029.4553405875674,1043.4034260342414,0.45946111744707135,0.5405388825529287,44.0,31.0,0.65,2.212730241263391,True,True,2018,2024,2018,2024,7,
2025_09_LAC_TEN,2025,REG,9,2025-11-02,Sunday,13:00,LAC,27.0,TEN,20.0,Home,-7.0,47.0,0.0,2025110207,59972.0,,202511020oti,28547.0,401772764,6863.0,10,7,-650.0,470.0,-10.0,-112.0,-108.0,44.5,-110.0,-110.0,0,outdoors,grass,46.0,5.0,00-0036355,00-0040676,Justin Herbert,Cam Ward,Jim Harbaugh,Brian Callahan,Alex Kemp,NAS00,Nissan Stadium,780.8583854157301,1033.2396021866637,772.6491819506223,1041.4488056517716,0.21850963282164196,0.7814903671783581,44.0,31.0,0.65,2.212730241263391,True,True,2018,2024,2018,2024,7,
2025_09_MIN_DET,2025,REG,9,2025-11-02,Sunday,13:00,MIN,27.0,DET,24.0,Home,-3.0,51.0,0.0,2025110201,59966.0,,202511020det,28541.0,401772871,6857.0,10,13,410.0,-550.0,9.5,-108.0,-112.0,47.5,-105.0,-115.0,1,dome,fieldturf,,,00-0039923,00-0033106,J.J. McCarthy,Jared Goff,Kevin O'Connell,Dan Campbell,Clay Martin,DET00,Ford Field,1152.8973530644257,1003.8367857914872,1130.73457665143,1025.999562204483,0.7381764230437815,0.2618235769562185,44.0,31.0,0.65,2.212730241263391,True,True,2018,2024,2018,2024,7,
2025_09_SF_NYG,2025,REG,9,2025-11-02,Sunday,13:00,SF,34.0,NYG,24.0,Home,-10.0,58.0,0.0,2025110205,59970.0,,202511020nyg,28545.0,401772767,6861.0,7,7,-148.0,124.0,-2.5,-120.0,100.0,47.5,-108.0,-112.0,0,outdoors,fieldturf,56.0,5.0,00-0036972,00-0040691,Mac Jones,Jaxson Dart,Kyle Shanahan,Brian Daboll,John Hussey,NYC01,MetLife Stadium,905.3956523389596,990.1559509517357,885.6959116754781,1009.8556916152172,0.423244317286205,0.576755682713795,44.0,31.0,0.65,2.212730241263391,True,True,2018,2024,2018,2024,7,
2025_09_JAX_LV,2025,REG,9,2025-11-02,Sunday,16:05,JAX,30.0,LV,29.0,Home,-1.0,59.0,1.0,2025110209,59974.0,,202511020rai,28549.0,401772873,6865.0,14,14,-130.0,110.0,-2.5,-105.0,-115.0,43.5,-105.0,-115.0,0,dome,grass,,,00-0036971,00-0030565,Trevor Lawrence,Geno Smith,Liam Coen,Pete Carroll,Alan Eck,VEG00,Allegiant Stadium,879.4060210815188,953.5502147637947,876.8615430497844,956.0946927955291,0.43822770647180614,0.5617722935281939,44.0,31.0,0.65,2.212730241263391,True,True,2018,2024,2018,2024,7,
2025_09_NO_LA,2025,REG,9,2025-11-02,Sunday,16:05,NO,10.0,LA,34.0,Home,24.0,44.0,0.0,2025110208,59973.0,,202511020ram,28548.0,401772874,6864.0,7,14,750.0,-1200.0,14.0,-105.0,-115.0,44.5,-105.0,-115.0,0,dome,matrixturf,,,00-0040743,00-0026498,Tyler Shough,Matthew Stafford,Kellen Moore,Sean McVay,Shawn Smith,LAX01,SoFi Stadium,1116.176900190455,842.6786234631115,1124.4808008618893,834.3747227916772,0.8523097676432523,0.14769023235674772,44.0,31.0,0.65,2.212730241263391,True,True,2018,2024,2018,2024,7,
2025_09_KC_BUF,2025,REG,9,2025-11-02,Sunday,16:25,KC,21.0,BUF,28.0,Home,7.0,49.0,0.0,2025110210,59975.0,,202511020buf,28550.0,401772768,6866.0,6,7,-135.0,114.0,-2.5,-105.0,-115.0,53.5,-115.0,-105.0,0,outdoors,a_turf,54.0,6.0,00-0033873,00-0034857,Patrick Mahomes,Josh Allen,Andy Reid,Sean McDermott,Carl Cheffers,BUF00,New Era Field,1122.3924225025876,1158.4058079480494,1143.4134165754415,1137.3848138751955,0.49278565908610855,0.5072143409138914,44.0,31.0,0.65,2.212730241263391,True,True,2018,2024,2018,2024,7,
2025_09_SEA_WAS,2025,REG,9,2025-11-02,Sunday,20:20,SEA,38.0,WAS,14.0,Home,-24.0,52.0,0.0,2025110211,59976.0,,202511020was,28551.0,401772926,6867.0,13,6,-148.0,124.0,-2.5,-120.0,100.0,47.5,-115.0,-105.0,0,outdoors,grass,53.0,3.0,00-0034869,00-0039910,Sam Darnold,Jayden Daniels,Mike Macdonald,Dan Quinn,Bill Vinovich,WAS00,FedExField,1001.9307494473909,1091.322081670501,975.9454341494941,1117.3073969683976,0.4167504524563626,0.5832495475436374,44.0,31.0,0.65,2.212730241263391,True,True,2018,2024,2018,2024,7,
2025_09_ARI_DAL,2025,REG,9,2025-11-03,Monday,20:15,ARI,27.0,DAL,17.0,Home,-10.0,44.0,0.0,2025110300,59977.0,,202511030dal,28552.0,401772818,6868.0,15,8,145.0,-175.0,3.5,-115.0,-105.0,53.5,-105.0,-115.0,0,closed,matrixturf,,,00-0033119,00-0033077,Jacoby Brissett,Dak Prescott,Jonathan Gannon,Brian Schottenheimer,Adrian Hill,DAL00,AT&T Stadium,974.7826669995827,950.971014150913,946.5069218374986,979.2467593129971,0.5782323571703044,0.4217676428296956,44.0,31.0,0.65,2.212730241263391,True,True,2018,2024,2018,2024,7,
2025_10_LV_DEN,2025,REG,10,2025-11-06,Thursday,20:15,LV,7.0,DEN,10.0,Home,3.0,17.0,0.0,2025110600,59978.0,,202511060den,28553.0,401772944,6869.0,4,4,380.0,-500.0,9.5,-112.0,-108.0,42.5,-110.0,-110.0,1,outdoors,grass,60.0,10.0,00-0030565,00-0039732,Geno Smith,Bo Nix,Pete Carroll,Sean Payton,Bill Vinovich,DEN00,Empower Field at Mile High,1130.4855014299103,876.8615430497844,1134.4562616735016,872.8907828061931,0.8373208138843248,0.16267918611567522,44.0,31.0,0.65,2.212730241263391,True,True,2018,2024,2018,2024,7,
2025_10_ATL_IND,2025,REG,10,2025-11-09,Sunday,09:30,ATL,25.0,IND,31.0,Neutral,6.0,56.0,1.0,2025110900,59979.0,,202511090clt,28554.0,401772636,6870.0,7,7,250.0,-310.0,6.5,-112.0,-108.0,48.5,-112.0,-108.0,0,closed,grass,46.0,2.0,00-0039917,00-0035710,Michael Penix,Daniel Jones,Raheem Morris,Shane Steichen,Clete Blakeman,IND00,Lucas Oil Stadium,1043.4034260342414,926.8231075958863,1045.1994446456886,925.0270889844393,0.700470764619697,0.29952923538030296,44.0,31.0,0.65,2.212730241263391,True,True,2018,2024,2018,2024,7,
2025_10_BAL_MIN,2025,REG,10,2025-11-09,Sunday,13:00,BAL,27.0,MIN,19.0,Home,-8.0,46.0,0.0,2025110905,59984.0,,202511090min,28559.0,401772876,6875.0,10,7,-230.0,190.0,-4.5,-105.0,-115.0,48.5,-105.0,-115.0,0,dome,sportturf,,,00-0034796,00-0039923,Lamar Jackson,J.J. McCarthy,John Harbaugh,Kevin O'Connell,Shawn Hochuli,MIN01,U.S. Bank Stadium,1025.999562204483,1050.3345851110278,1003.6670448073128,1072.667102508198,0.5095904966549831,0.4904095033450169,44.0,31.0,0.65,2.212730241263391,True,True,2018,2024,2018,2024,7,
2025_10_BUF_MIA,2025,REG,10,2025-11-09,Sunday,13:00,BUF,13.0,MIA,30.0,Home,17.0,43.0,0.0,2025110904,59983.0,,202511090mia,28558.0,401772771,6874.0,7,10,-455.0,350.0,-8.5,-105.0,-115.0,50.5,-115.0,-105.0,1,outdoors,grass,84.0,6.0,00-0034857,00-0036212,Josh Allen,Tua Tagovailoa,Sean McDermott,Mike McDaniel,Ron Torbert,MIA00,Hard Rock Stadium,902.8247869517623,1143.4134165754415,951.7199999115073,1094.5182036156966,0.23032284739614092,0.769677152603859,44.0,31.0,0.65,2.212730241263391,True,True,2018,2024,2018,2024,7,
2025_10_CLE_NYJ,2025,REG,10,2025-11-09,Sunday,13:00,CLE,20.0,NYJ,27.0,Home,7.0,47.0,0.0,2025110906,59985.0,,202511090nyj,28560.0,401772769,6876.0,14,14,-130.0,110.0,-1.5,-115.0,-105.0,37.5,-115.0,-105.0,0,outdoors,fieldturf,62.0,12.0,00-0040704,00-0028118,Dillon Gabriel,Tyrod Taylor,Kevin Stefanski,Aaron Glenn,Shawn Smith,NYC01,MetLife Stadium,863.2112082554407,884.4298180543891,883.2151448301776,864.4258814796523,0.5140728342075186,0.4859271657924814,44.0,31.0,0.65,2.212730241263391,True,True,2018,2024,2018,2024,7,
2025_10_JAX_HOU,2025,REG,10,2025-11-09,Sunday,13:00,JAX,29.0,HOU,36.0,Home,7.0,65.0,0.0,2025110903,59982.0,,202511090htx,28557.0,401772770,6873.0,7,7,-115.0,-105.0,-1.5,100.0,-120.0,37.5,-112.0,-108.0,1,closed,astroturf,,,00-0036971,00-0036898,Trevor Lawrence,Davis Mills,Liam Coen,DeMeco Ryans,Alex Moore,HOU00,NRG Stadium,1036.4901188745484,956.0946927955291,1050.0668425854149,942.5179690846628,0.655034528204939,0.344965471795061,44.0,31.0,0.65,2.212730241263391,True,True,2018,2024,2018,2024,7,
2025_10_NE_TB,2025,REG,10,2025-11-09,Sunday,13:00,NE,28.0,TB,23.0,Home,-5.0,51.0,0.0,2025110907,59986.0,,202511090tam,28561.0,401772772,6877.0,7,14,124.0,-148.0,2.5,100.0,-120.0,48.5,-105.0,-115.0,0,outdoors,grass,82.0,11.0,00-0039851,00-0034855,Drake Maye,Baker Mayfield,Mike Vrabel,Todd Bowles,Alex Kemp,TAM00,Raymond James Stadium,1078.5934853573508,1011.8534990284437,1054.8402855658612,1035.6066988199332,0.637062376295852,0.36293762370414795,44.0,31.0,0.65,2.212730241263391,True,True,2018,2024,2018,2024,7,
2025_10_NO_CAR,2025,REG,10,2025-11-09,Sunday,13:00,NO,17.0,CAR,7.0,Home,-10.0,24.0,0.0,2025110901,59980.0,,202511090car,28555.0,401772877,6871.0,7,7,200.0,-245.0,5.5,-112.0,-108.0,38.5,-105.0,-115.0,1,outdoors,grass,73.0,15.0,00-0040743,00-0039150,Tyler Shough,Bryce Young,Kellen Moore,Dave Canales,Brad Allen,CAR00,Bank of America Stadium,923.4574459938876,834.3747227916772,889.8554398632753,867.9767289222896,0.6662453204339996,0.33375467956600036,44.0,31.0,0.65,2.212730241263391,True,True,2018,2024,2018,2024,7,
2025_10_NYG_CHI,2025,REG,10,2025-11-09,Sunday,13:00,NYG,20.0,CHI,24.0,Home,4.0,44.0,0.0,2025110902,59981.0,,202511090chi,28556.0,401772875,6872.0,7,7,180.0,-218.0,4.5,-108.0,-112.0,45.5,-112.0,-108.0,0,outdoors,grass,33.0,10.0,00-0040691,00-0039918,Jaxson Dart,Caleb Williams,Brian Daboll,Ben Johnson,Adrian Hill,CHI98,Soldier Field,969.5947500940623,885.6959116754781,979.948738382574,875.3419233869664,0.6595772521276078,0.34042274787239224,44.0,31.0,0.65,2.212730241263391,True,True,2018,2024,2018,2024,7,
2025_10_ARI_SEA,2025,REG,10,2025-11-09,Sunday,16:05,ARI,22.0,SEA,44.0,Home,22.0,66.0,0.0,2025110908,59987.0,,202511090sea,28562.0,401772773,6878.0,6,7,270.0,-340.0,7.0,-115.0,-105.0,44.5,-102.0,-118.0,1,outdoors,fieldturf,59.0,5.0,00-0033119,00-0034869,Jacoby Brissett,Sam Darnold,Jonathan Gannon,Mike Macdonald,Alan Eck,SEA00,Lumen Field,1117.3073969683976,979.2467593129971,1133.1861074795565,963.3680488018382,0.725755126453943,0.274244873546057,44.0,31.0,0.65,2.212730241263391,True,True,2018,2024,2018,2024,7,
2025_10_DET_WAS,2025,REG,10,2025-11-09,Sunday,16:25,DET,44.0,WAS,22.0,Home,-22.0,66.0,0.0,2025110910,59989.0,,202511090was,28564.0,401772878,6880.0,7,7,-455.0,350.0,-8.5,-105.0,-115.0,49.5,-112.0,-108.0,0,outdoors,grass,64.0,9.0,00-0033106,00-0032268,Jared Goff,Marcus Mariota,Dan Campbell,Dan Quinn,Scott Novak,WAS00,FedExField,975.9454341494941,1130.73457665143,956.5236937036527,1150.1563170972713,0.32902733069896883,0.6709726693010312,44.0,31.0,0.65,2.212730241263391,True,True,2018,2024,2018,2024,7,
2025_10_LA_SF,2025,REG,10,2025-11-09,Sunday,16:25,LA,42.0,SF,26.0,Home,-16.0,68.0,0.0,2025110909,59988.0,,202511090sfo,28563.0,401772879,6879.0,7,7,-258.0,210.0,-5.5,-115.0,-105.0,49.5,-110.0,-110.0,1,outdoors,grass,77.0,3.0,00-0026498,00-0036972,Matthew Stafford,Mac Jones,Sean McVay,Kyle Shanahan,Land Clark,SFO01,Levi's Stadium,1009.8556916152172,1124.4808008618893,989.1266301998097,1145.209862277297,0.38192517236678497,0.6180748276332151,44.0,31.0,0.65,2.212730241263391,True,True,2018,2024,2018,2024,7,
2025_10_PIT_LAC,2025,REG,10,2025-11-09,Sunday,20:20,PIT,10.0,LAC,25.0,Home,15.0,35.0,0.0,2025110911,59990.0,,202511090sdg,28565.0,401772927,6881.0,7,7,136.0,-162.0,3.0,-118.0,-102.0,45.5,-115.0,-105.0,0,dome,matrixturf,,,00-0023459,00-0036355,Aaron Rodgers,Justin Herbert,Mike Tomlin,Jim Harbaugh,Brad Rogers,LAX01,SoFi Stadium,1041.4488056517716,1029.4553405875674,1065.1579461132205,1005.7462001261184,0.5615586770192461,0.4384413229807539,44.0,31.0,0.65,2.212730241263391,True,True,2018,2024,2018,2024,7,
2025_10_PHI_GB,2025,REG,10,2025-11-10,Monday,20:15,PHI,10.0,GB,7.0,Home,-3.0,17.0,0.0,2025111000,59991.0,,202511100gnb,28566.0,401772630,6882.0,15,8,-110.0,-110.0,1.5,-122.0,102.0,45.5,-108.0,-112.0,0,outdoors,grass,33.0,9.0,00-0036389,00-0036264,Jalen Hurts,Jordan Love,Nick Sirianni,Matt LaFleur,Clay Martin,GNB00,Lambeau Field,1103.7122710298984,1154.4258693002507,1090.8257797501299,1167.3123605800192,0.4716602579336945,0.5283397420663055,44.0,31.0,0.65,2.212730241263391,True,True,2018,2024,2018,2024,7,
2025_11_NYJ_NE,2025,REG,11,2025-11-13,Thursday,20:15,NYJ,14.0,NE,27.0,Home,13.0,41.0,0.0,2025111300,59992.0,,202511130nwe,28567.0,401772945,6883.0,4,4,625.0,-950.0,12.5,-105.0,-115.0,43.5,-115.0,-105.0,1,outdoors,fieldturf,39.0,9.0,00-0028118,00-0039851,Tyrod Taylor,Drake Maye,Aaron Glenn,Mike Vrabel,Alan Eck,BOS00,Gillette Stadium,1035.6066988199332,883.2151448301776,1048.1106290958035,870.7112145543072,0.741865395252056,0.25813460474794403,44.0,31.0,0.65,2.212730241263391,True,True,2018,2024,2018,2024,7,
2025_11_WAS_MIA,2025,REG,11,2025-11-16,Sunday,09:30,WAS,13.0,MIA,16.0,Neutral,3.0,29.0,1.0,2025111600,59993.0,,202511160mia,28568.0,401772631,6884.0,7,7,124.0,-148.0,2.5,100.0,-120.0,47.5,-110.0,-110.0,0,outdoors,grass,,,00-0032268,00-0036212,Marcus Mariota,Tua Tagovailoa,Dan Quinn,Mike McDaniel,Shawn Smith,MIA00,Hard Rock Stadium,951.7199999115073,956.5236937036527,957.505430112238,950.7382635029221,0.5376282364332842,0.46237176356671583,44.0,31.0,0.65,2.212730241263391,True,True,2018,2024,2018,2024,7,
2025_11_CAR_ATL,2025,REG,11,2025-11-16,Sunday,13:00,CAR,30.0,ATL,27.0,Home,-3.0,57.0,1.0,2025111601,59994.0,,202511160atl,28569.0,401772882,6885.0,7,7,180.0,-218.0,4.5,-118.0,-102.0,42.5,-110.0,-110.0,1,closed,fieldturf,,,00-0039150,00-0039917,Bryce Young,Michael Penix,Dave Canales,Raheem Morris,Clay Martin,ATL97,Mercedes-Benz Stadium,925.0270889844393,889.8554398632753,915.2475234738039,899.6350053739106,0.5940936821242218,0.40590631787577824,44.0,31.0,0.65,2.212730241263391,True,True,2018,2024,2018,2024,7,
2025_11_CHI_MIN,2025,REG,11,2025-11-16,Sunday,13:00,CHI,19.0,MIN,17.0,Home,-2.0,36.0,0.0,2025111604,59997.0,,202511160min,28573.0,401772880,6888.0,7,7,124.0,-148.0,3.0,-115.0,-105.0,47.5,-102.0,-118.0,1,dome,sportturf,,,00-0039918,00-0039923,Caleb Williams,J.J. McCarthy,Ben Johnson,Kevin O'Connell,Brad Rogers,MIN01,U.S. Bank Stadium,1003.6670448073128,979.948738382574,990.7158164559653,992.8999667339215,0.5781013040764442,0.4218986959235558,44.0,31.0,0.65,2.212730241263391,True,True,2018,2024,2018,2024,7,
2025_11_CIN_PIT,2025,REG,11,2025-11-16,Sunday,13:00,CIN,12.0,PIT,34.0,Home,22.0,46.0,0.0,2025111606,59999.0,,202511160pit,28575.0,401772774,6890.0,14,7,205.0,-250.0,5.5,-108.0,-112.0,48.5,-110.0,-110.0,1,outdoors,grass,46.0,17.0,00-0026158,00-0023459,Joe Flacco,Aaron Rodgers,Zac Taylor,Mike Tomlin,Bill Vinovich,PIT00,Acrisure Stadium,1005.7462001261184,940.3642749168121,1027.533359730861,918.5771153120694,0.6352529023057143,0.3647470976942857,44.0,31.0,0.65,2.212730241263391,True,True,2018,2024,2018,2024,7,
2025_11_GB_NYG,2025,REG,11,2025-11-16,Sunday,13:00,GB,27.0,NYG,20.0,Home,-7.0,47.0,0.0,2025111605,59998.0,,202511160nyg,28574.0,401772883,6889.0,6,7,-440.0,340.0,-7.5,-110.0,-110.0,41.5,-110.0,-110.0,0,outdoors,fieldturf,55.0,17.0,00-0036264,00-0031503,Jordan Love,Jameis Winston,Matt LaFleur,Brian Daboll,Scott Novak,NYC01,MetLife Stadium,875.3419233869664,1090.8257797501299,865.539850035368,1100.6278531017283,0.2569323167419042,0.7430676832580958,44.0,31.0,0.65,2.212730241263391,True,True,2018,2024,2018,2024,7,
2025_11_HOU_TEN,2025,REG,11,2025-11-16,Sunday,13:00,HOU,16.0,TEN,13.0,Home,-3.0,29.0,0.0,2025111607,60000.0,,202511160oti,28576.0,401772881,6891.0,7,14,-265.0,215.0,-5.5,-108.0,-112.0,37.5,-118.0,-102.0,1,outdoors,grass,64.0,8.0,00-0036898,00-0040676,Davis Mills,Cam Ward,DeMeco Ryans,Brian Callahan,Shawn Hochuli,NAS00,Nissan Stadium,772.6491819506223,1050.0668425854149,767.8177194198174,1054.8983051162197,0.19489777288577345,0.8051022271142265,44.0,31.0,0.65,2.212730241263391,True,True,2018,2024,2018,2024,7,
2025_11_LAC_JAX,2025,REG,11,2025-11-16,Sunday,13:00,LAC,6.0,JAX,35.0,Home,29.0,41.0,0.0,2025111603,59996.0,,202511160jax,28571.0,401772775,6887.0,7,7,-155.0,130.0,-3.0,-105.0,-115.0,43.5,-110.0,-110.0,0,outdoors,grass,74.0,9.0,00-0036355,00-0036971,Justin Herbert,Trevor Lawrence,Jim Harbaugh,Liam Coen,Craig Wrolstad,JAX00,TIAA Bank Stadium,942.5179690846628,1065.1579461132205,986.9012083792982,1020.7747068185852,0.37109500112449845,0.6289049988755016,44.0,31.0,0.65,2.212730241263391,True,True,2018,2024,2018,2024,7,
2025_11_TB_BUF,2025,REG,11,2025-11-16,Sunday,13:00,TB,32.0,BUF,44.0,Home,12.0,76.0,0.0,2025111602,59995.0,,202511160buf,28570.0,401772776,6886.0,7,7,230.0,-285.0,6.0,-108.0,-112.0,46.5,-112.0,-108.0,0,outdoors,a_turf,38.0,20.0,00-0034855,00-0034857,Baker Mayfield,Josh Allen,Todd Bowles,Sean McDermott,Alex Moore,BUF00,New Era Field,1094.5182036156966,1054.8402855658612,1114.2682406002364,1035.0902485813215,0.6003334799601329,0.39966652003986713,44.0,31.0,0.65,2.212730241263391,True,True,2018,2024,2018,2024,7,
2025_11_SEA_LA,2025,REG,11,2025-11-16,Sunday,16:05,SEA,19.0,LA,21.0,Home,2.0,40.0,0.0,2025111609,60002.0,,202511160ram,28578.0,401772884,6893.0,7,7,145.0,-175.0,3.0,100.0,-120.0,49.5,-105.0,-115.0,1,dome,matrixturf,,,00-0034869,00-0026498,Sam Darnold,Matthew Stafford,Mike Macdonald,Sean McVay,John Hussey,LAX01,SoFi Stadium,1145.209862277297,1133.1861074795565,1154.6033402164517,1123.7926295404018,0.5616016062502863,0.4383983937497137,44.0,31.0,0.65,2.212730241263391,True,True,2018,2024,2018,2024,7,
2025_11_SF_ARI,2025,REG,11,2025-11-16,Sunday,16:05,SF,41.0,ARI,22.0,Home,-19.0,63.0,0.0,2025111608,60001.0,,202511160crd,28577.0,401772885,6892.0,7,7,-192.0,160.0,-3.5,-105.0,-115.0,48.5,-112.0,-108.0,1,closed,grass,,,00-0037834,00-0033119,Brock Purdy,Jacoby Brissett,Kyle Shanahan,Jonathan Gannon,Carl Cheffers,PHO00,State Farm Stadium,963.3680488018382,989.1266301998097,933.0615694763268,1019.4331095253211,0.50754243553174,0.49245756446825995,44.0,31.0,0.65,2.212730241263391,True,True,2018,2024,2018,2024,7,
2025_11_BAL_CLE,2025,REG,11,2025-11-16,Sunday,16:25,BAL,23.0,CLE,16.0,Home,-7.0,39.0,0.0,2025111610,60003.0,,202511160cle,28579.0,401772777,6894.0,7,7,-440.0,340.0,-7.5,-105.0,-115.0,37.5,-105.0,-115.0,1,outdoors,grass,44.0,20.0,00-0034796,00-0040704,Lamar Jackson,Dillon Gabriel,John Harbaugh,Kevin Stefanski,Land Clark,CLE00,FirstEnergy Stadium,864.4258814796523,1072.667102508198,854.2862783733979,1082.8067056144525,0.2649723798223628,0.7350276201776371,44.0,31.0,0.65,2.212730241263391,True,True,2018,2024,2018,2024,7,
2025_11_KC_DEN,2025,REG,11,2025-11-16,Sunday,16:25,KC,19.0,DEN,22.0,Home,3.0,41.0,0.0,2025111611,60004.0,,202511160den,28580.0,401772778,6895.0,14,10,-218.0,180.0,-3.5,-120.0,100.0,44.5,-110.0,-110.0,1,outdoors,grass,70.0,6.0,00-0033873,00-0039732,Patrick Mahomes,Bo Nix,Andy Reid,Sean Payton,Adrian Hill,DEN00,Empower Field at Mile High,1134.4562616735016,1137.3848138751955,1146.968583996538,1124.872491552159,0.5403103833523284,0.4596896166476716,44.0,31.0,0.65,2.212730241263391,True,True,2018,2024,2018,2024,7,
2025_11_DET_PHI,2025,REG,11,2025-11-16,Sunday,20:20,DET,9.0,PHI,16.0,Home,7.0,25.0,0.0,2025111612,60005.0,,202511160phi,28581.0,401772928,6896.0,7,6,130.0,-155.0,2.5,-102.0,-118.0,46.5,-108.0,-112.0,0,outdoors,grass,45.0,15.0,00-0033106,00-0036389,Jared Goff,Jalen Hurts,Dan Campbell,Nick Sirianni,Alex Kemp,PHI00,Lincoln Financial Field,1167.3123605800192,1150.1563170972713,1184.7578735414488,1132.7108041358417,0.5688617106365176,0.4311382893634824,44.0,31.0,0.65,2.212730241263391,True,True,2018,2024,2018,2024,7,
2025_11_DAL_LV,2025,REG,11,2025-11-17,Monday,20:15,DAL,33.0,LV,16.0,Home,-17.0,49.0,0.0,2025111700,60006.0,,202511170rai,28572.0,401772819,6897.0,14,11,-198.0,164.0,-3.5,-115.0,-105.0,48.5,-115.0,-105.0,0,dome,grass,,,00-0033077,00-0030565,Dak Prescott,Geno Smith,Brian Schottenheimer,Pete Carroll,Brad Allen,VEG00,Allegiant Stadium,872.8907828061931,946.5069218374986,848.1401332067577,971.257571436934,0.43897617912726306,0.561023820872737,44.0,31.0,0.65,2.212730241263391,True,True,2018,2024,2018,2024,7,
2025_12_BUF_HOU,2025,REG,12,2025-11-20,Thursday,20:15,BUF,19.0,HOU,23.0,Home,4.0,42.0,0.0,2025112000,60007.0,,202511200htx,28582.0,401772946,6898.0,4,4,-258.0,210.0,-5.5,-108.0,-112.0,43.5,-105.0,-115.0,0,closed,astroturf,,,00-0034857,00-0036898,Josh Allen,Davis Mills,Sean McDermott,DeMeco Ryans,Adrian Hill,HOU00,NRG Stadium,1054.8983051162197,1114.2682406002364,1072.4299010108925,1096.7366447055635,0.4592628800034351,0.5407371199965649,44.0,31.0,0.65,2.212730241263391,True,True,2018,2024,2018,2024,7,
2025_12_IND_KC,2025,REG,12,2025-11-23,Sunday,13:00,IND,20.0,KC,23.0,Home,3.0,43.0,1.0,2025112305,60013.0,,202511230kan,28588.0,401772779,6904.0,14,7,180.0,-218.0,3.5,100.0,-120.0,50.5,-112.0,-108.0,0,outdoors,grass,,,00-0035710,00-0033873,Daniel Jones,Patrick Mahomes,Shane Steichen,Andy Reid,Alex Moore,KAN00,GEHA Field at Arrowhead Stadium,1124.872491552159,1045.1994446456886,1127.389637117933,1042.6822990799146,0.6540942850447254,0.34590571495527456,44.0,31.0,0.65,2.212730241263391,True,True,2018,2024,2018,2024,7,
2025_12_MIN_GB,2025,REG,12,2025-11-23,Sunday,13:00,MIN,6.0,GB,23.0,Home,17.0,29.0,0.0,2025112304,60012.0,,202511230gnb,28587.0,401772887,6903.0,7,7,235.0,-290.0,6.5,-112.0,-108.0,41.5,-112.0,-108.0,1,outdoors,grass,43.0,10.0,00-0039923,00-0036264,J.J. McCarthy,Jordan Love,Kevin O'Connell,Matt LaFleur,Carl Cheffers,GNB00,Lambeau Field,1100.6278531017283,990.7158164559653,1117.2453108061068,974.0983587515869,0.6923555492135656,0.30764445078643443,44.0,31.0,0.65,2.212730241263391,True,True,2018,2024,2018,2024,7,
2025_12_NE_CIN,2025,REG,12,2025-11-23,Sunday,13:00,NE,26.0,CIN,20.0,Home,-6.0,46.0,0.0,2025112302,60010.0,,202511230cin,28585.0,401772781,6901.0,10,7,-395.0,310.0,-7.5,-108.0,-112.0,50.5,-102.0,-118.0,0,outdoors,fieldturf,54.0,7.0,00-0039851,00-0026158,Drake Maye,Joe Flacco,Mike Vrabel,Zac Taylor,Land Clark,CIN00,Paycor Stadium,918.5771153120694,1048.1106290958035,905.1746109653667,1061.5131334425062,0.3618821217862668,0.6381178782137332,44.0,31.0,0.65,2.212730241263391,True,True,2018,2024,2018,2024,7,
2025_12_NYG_DET,2025,REG,12,2025-11-23,Sunday,13:00,NYG,27.0,DET,34.0,Home,7.0,61.0,1.0,2025112303,60011.0,,202511230det,28586.0,401772888,6902.0,7,7,675.0,-1050.0,14.0,-115.0,-105.0,50.5,100.0,-120.0,0,dome,fieldturf,,,00-0031503,00-0033106,Jameis Winston,Jared Goff,Brian Daboll,Dan Campbell,Craig Wrolstad,DET00,Ford Field,1132.7108041358417,865.539850035368,1129.1543751268644,869.0962790443455,0.8476658416229765,0.15233415837702347,44.0,31.0,0.65,2.212730241263391,True,True,2018,2024,2018,2024,7,
2025_12_NYJ_BAL,2025,REG,12,2025-11-23,Sunday,13:00,NYJ,10.0,BAL,23.0,Home,13.0,33.0,0.0,2025112300,60008.0,,202511230rav,28583.0,401772782,6899.0,10,7,675.0,-1050.0,14.0,-110.0,-110.0,44.5,-102.0,-118.0,0,outdoors,grass,54.0,3.0,00-0028118,00-0034796,Tyrod Taylor,Lamar Jackson,Aaron Glenn,John Harbaugh,Clete Blakeman,BAL00,M&T Bank Stadium,1082.8067056144525,870.7112145543072,1092.1593915367982,861.3585286319615,0.8020839194273149,0.19791608057268506,44.0,31.0,0.65,2.212730241263391,True,True,2018,2024,2018,2024,7,
2025_12_PIT_CHI,2025,REG,12,2025-11-23,Sunday,13:00,PIT,28.0,CHI,31.0,Home,3.0,59.0,0.0,2025112301,60009.0,,202511230chi,28584.0,401772780,6900.0,7,7,130.0,-155.0,3.0,-115.0,-105.0,46.5,-108.0,-112.0,0,outdoors,grass,51.0,3.0,00-0034771,00-0039918,Mason Rudolph,Caleb Williams,Mike Tomlin,Ben Johnson,John Hussey,CHI98,Soldier Field,992.8999667339215,1027.533359730861,1006.8503297283899,1013.5829967363927,0.4947713177644149,0.5052286822355851,44.0,31.0,0.65,2.212730241263391,True,True,2018,2024,2018,2024,7,
2025_12_SEA_TEN,2025,REG,12,2025-11-23,Sunday,13:00,SEA,30.0,TEN,24.0,Home,-6.0,54.0,0.0,2025112306,60014.0,,202511230oti,28589.0,401772886,6905.0,7,7,-950.0,625.0,-12.5,-115.0,-105.0,41.5,-110.0,-110.0,0,outdoors,grass,55.0,1.0,00-0034869,00-0040676,Sam Darnold,Cam Ward,Mike Macdonald,Brian Callahan,Ron Torbert,NAS00,Nissan Stadium,767.8177194198174,1123.7926295404018,763.3182229817203,1128.292125978499,0.1334600583141686,0.8665399416858314,44.0,31.0,0.65,2.212730241263391,True,True,2018,2024,2018,2024,7,
2025_12_CLE_LV,2025,REG,12,2025-11-23,Sunday,16:05,CLE,24.0,LV,10.0,Home,-14.0,34.0,0.0,2025112308,60016.0,,202511230rai,28591.0,401772784,6907.0,7,6,136.0,-162.0,3.0,-105.0,-115.0,35.5,-102.0,-118.0,0,dome,grass,,,00-0040668,00-0030565,Shedeur Sanders,Geno Smith,Kevin Stefanski,Pete Carroll,Shawn Hochuli,VEG00,Allegiant Stadium,848.1401332067577,854.2862783733979,818.9630266361413,883.4633849440143,0.5357066860451524,0.46429331395484763,44.0,31.0,0.65,2.212730241263391,True,True,2018,2024,2018,2024,7,
2025_12_JAX_ARI,2025,REG,12,2025-11-23,Sunday,16:05,JAX,27.0,ARI,24.0,Home,-3.0,51.0,1.0,2025112307,60015.0,,202511230crd,28590.0,401772783,6906.0,7,7,-135.0,114.0,-2.5,-108.0,-112.0,47.5,-115.0,-105.0,0,closed,grass,,,00-0036971,00-0033119,Trevor Lawrence,Jacoby Brissett,Liam Coen,Jonathan Gannon,Scott Novak,PHO00,State Farm Stadium,933.0615694763268,986.9012083792982,927.1362631841666,992.8265146714583,0.4671783828761241,0.5328216171238759,44.0,31.0,0.65,2.212730241263391,True,True,2018,2024,2018,2024,7,
2025_12_ATL_NO,2025,REG,12,2025-11-23,Sunday,16:25,ATL,24.0,NO,10.0,Home,-14.0,34.0,0.0,2025112310,60018.0,,202511230nor,28593.0,401772889,6909.0,7,14,102.0,-122.0,1.5,-112.0,-108.0,41.5,-118.0,-102.0,1,dome,sportturf,,,00-0029604,00-0040743,Kirk Cousins,Tyler Shough,Raheem Morris,Kellen Moore,Brad Rogers,NOR00,Mercedes-Benz Superdome,867.9767289222896,915.2475234738039,842.500436721705,940.7238156743886,0.47660154734565,0.52339845265435,44.0,31.0,0.65,2.212730241263391,True,True,2018,2024,2018,2024,7,
2025_12_PHI_DAL,2025,REG,12,2025-11-23,Sunday,16:25,PHI,21.0,DAL,24.0,Home,3.0,45.0,0.0,2025112309,60017.0,,202511230dal,28592.0,401772890,6908.0,7,6,-162.0,136.0,-3.0,-105.0,-115.0,47.5,100.0,-120.0,1,closed,matrixturf,,,00-0036389,00-0033077,Jalen Hurts,Dak Prescott,Nick Sirianni,Brian Schottenheimer,Bill Vinovich,DAL00,AT&T Stadium,971.257571436934,1184.7578735414488,993.5284692420784,1162.4869757363044,0.2591183118106343,0.7408816881893656,44.0,31.0,0.65,2.212730241263391,True,True,2018,2024,2018,2024,7,
2025_12_TB_LA,2025,REG,12,2025-11-23,Sunday,20:20,TB,7.0,LA,34.0,Home,27.0,41.0,0.0,2025112311,60019.0,,202511230ram,28594.0,401772929,6910.0,7,7,295.0,-375.0,7.0,-110.0,-110.0,49.5,100.0,-120.0,0,dome,matrixturf,,,00-0034855,00-0026498,Baker Mayfield,Matthew Stafford,Todd Bowles,Sean McVay,Clay Martin,LAX01,SoFi Stadium,1154.6033402164517,1035.0902485813215,1172.9605350207075,1016.7330537770655,0.7040008545643069,0.29599914543569306,44.0,31.0,0.65,2.212730241263391,True,True,2018,2024,2018,2024,7,
2025_12_CAR_SF,2025,REG,12,2025-11-24,Monday,20:15,CAR,9.0,SF,20.0,Home,11.0,29.0,0.0,2025112400,60020.0,,202511240sfo,28595.0,401772820,6911.0,8,8,310.0,-395.0,7.5,-115.0,-105.0,48.5,-105.0,-115.0,0,outdoors,grass,58.0,3.0,00-0039150,00-0037834,Bryce Young,Brock Purdy,Dave Canales,Kyle Shanahan,Alex Kemp,SFO01,Levi's Stadium,1019.4331095253211,899.6350053739106,1033.1050558669892,885.9630590322425,0.7043426276372611,0.2956573723627389,44.0,31.0,0.65,2.212730241263391,True,True,2018,2024,2018,2024,7,
2025_13_GB_DET,2025,REG,13,2025-11-27,Thursday,13:00,GB,31.0,DET,24.0,Home,-7.0,55.0,0.0,2025112700,60021.0,,202511270det,28596.0,401772891,6912.0,4,4,130.0,-155.0,2.5,105.0,-125.0,48.5,-110.0,-110.0,1,dome,fieldturf,,,00-0036264,00-0033106,Jordan Love,Jared Goff,Matt LaFleur,Dan Campbell,Ron Torbert,DET00,Ford Field,1129.1543751268644,1117.2453108061068,1105.4773156296233,1140.9223703033479,0.5614390521236052,0.43856094787639477,44.0,31.0,0.65,2.212730241263391,True,True,2018,2024,2018,2024,7,
2025_13_KC_DAL,2025,REG,13,2025-11-27,Thursday,16:30,KC,28.0,DAL,31.0,Home,3.0,59.0,0.0,2025112701,60022.0,,202511270dal,28597.0,401772694,6913.0,4,4,-185.0,154.0,-3.5,-105.0,-115.0,53.5,-110.0,-110.0,0,closed,matrixturf,,,00-0033873,00-0033077,Patrick Mahomes,Dak Prescott,Andy Reid,Brian Schottenheimer,John Hussey,DAL00,AT&T Stadium,993.5284692420784,1127.389637117933,1012.1476375068974,1108.770468853114,0.3561493831176519,0.6438506168823481,44.0,31.0,0.65,2.212730241263391,True,True,2018,2024,2018,2024,7,
2025_13_CIN_BAL,2025,REG,13,2025-11-27,Thursday,20:20,CIN,32.0,BAL,14.0,Home,-18.0,46.0,0.0,2025112702,60023.0,,202511270rav,28598.0,401772930,6914.0,4,4,295.0,-375.0,7.0,100.0,-120.0,52.5,-115.0,-105.0,1,outdoors,grass,38.0,11.0,00-0036442,00-0034796,Joe Burrow,Lamar Jackson,Zac Taylor,John Harbaugh,Craig Wrolstad,BAL00,M&T Bank Stadium,1092.1593915367982,905.1746109653667,1041.588981272382,955.7450212297829,0.7781333294224547,0.22186667057754528,44.0,31.0,0.65,2.212730241263391,True,True,2018,2024,2018,2024,7,
2025_13_CHI_PHI,2025,REG,13,2025-11-28,Friday,15:00,CHI,24.0,PHI,15.0,Home,-9.0,39.0,0.0,2025112800,60024.0,,202511280phi,28599.0,401772621,6915.0,5,5,270.0,-340.0,7.0,-105.0,-115.0,43.5,-115.0,-105.0,0,outdoors,grass,42.0,18.0,00-0039918,00-0036389,Caleb Williams,Jalen Hurts,Ben Johnson,Nick Sirianni,Carl Cheffers,PHI00,Lincoln Financial Field,1162.4869757363044,1006.8503297283899,1125.1924371792288,1044.1448682854655,0.7454264915236699,0.2545735084763301,44.0,31.0,0.65,2.212730241263391,True,True,2018,2024,2018,2024,7,
2025_13_ARI_TB,2025,REG,13,2025-11-30,Sunday,13:00,ARI,17.0,TB,20.0,Home,3.0,37.0,0.0,2025113005,60030.0,,202511300tam,28605.0,401772895,6921.0,7,7,164.0,-198.0,4.5,-115.0,-105.0,44.5,-108.0,-112.0,0,outdoors,grass,80.0,8.0,00-0033119,00-0034855,Jacoby Brissett,Baker Mayfield,Jonathan Gannon,Todd Bowles,Bill Vinovich,TAM00,Raymond James Stadium,1016.7330537770655,927.1362631841666,1025.4381456469691,918.431171314263,0.6669030136632187,0.3330969863367813,44.0,31.0,0.65,2.212730241263391,True,True,2018,2024,2018,2024,7,
2025_13_ATL_NYJ,2025,REG,13,2025-11-30,Sunday,13:00,ATL,24.0,NYJ,27.0,Home,3.0,51.0,0.0,2025113004,60029.0,,202511300nyj,28604.0,401772893,6920.0,7,7,-166.0,140.0,-3.0,-112.0,-108.0,38.5,-105.0,-115.0,0,outdoors,fieldturf,43.0,8.0,00-0029604,00-0028118,Kirk Cousins,Tyrod Taylor,Raheem Morris,Aaron Glenn,Shawn Hochuli,NYC01,MetLife Stadium,861.3585286319615,940.7238156743886,877.4008036871726,924.6815406191774,0.4308428998856841,0.5691571001143159,44.0,31.0,0.65,2.212730241263391,True,True,2018,2024,2018,2024,7,
2025_13_HOU_IND,2025,REG,13,2025-11-30,Sunday,13:00,HOU,20.0,IND,16.0,Home,-4.0,36.0,0.0,2025113002,60027.0,,202511300clt,28602.0,401772787,6918.0,10,7,142.0,-170.0,3.0,-105.0,-115.0,44.5,-112.0,-108.0,1,closed,fieldturf,,,00-0039163,00-0035710,C.J. Stroud,Daniel Jones,DeMeco Ryans,Shane Steichen,Clay Martin,IND00,Lucas Oil Stadium,1042.6822990799146,1072.4299010108925,1026.6136852011675,1088.4985148896396,0.5018023378962412,0.4981976621037588,44.0,31.0,0.65,2.212730241263391,True,True,2018,2024,2018,2024,7,
2025_13_JAX_TEN,2025,REG,13,2025-11-30,Sunday,13:00,JAX,25.0,TEN,3.0,Home,-22.0,28.0,0.0,2025113006,60031.0,,202511300oti,28606.0,401772786,6922.0,7,7,-270.0,220.0,-6.0,-108.0,-112.0,42.5,-105.0,-115.0,1,outdoors,grass,38.0,7.0,00-0036971,00-0040676,Trevor Lawrence,Cam Ward,Liam Coen,Brian Callahan,Brad Rogers,NAS00,Nissan Stadium,763.3182229817203,992.8265146714583,749.4885792368261,1006.6561584163525,0.24182395904518628,0.7581760409548137,44.0,31.0,0.65,2.212730241263391,True,True,2018,2024,2018,2024,7,
2025_13_LA_CAR,2025,REG,13,2025-11-30,Sunday,13:00,LA,28.0,CAR,31.0,Home,3.0,59.0,0.0,2025113000,60025.0,,202511300car,28600.0,401772894,6916.0,7,6,-575.0,425.0,-10.0,-110.0,-110.0,44.5,-105.0,-115.0,0,outdoors,grass,45.0,3.0,00-0026498,00-0039150,Matthew Stafford,Bryce Young,Sean McVay,Dave Canales,Scott Novak,CAR00,Bank of America Stadium,885.9630590322425,1172.9605350207075,911.3448229214224,1147.5787711315277,0.1863899928466316,0.8136100071533684,44.0,31.0,0.65,2.212730241263391,True,True,2018,2024,2018,2024,7,
2025_13_NO_MIA,2025,REG,13,2025-11-30,Sunday,13:00,NO,17.0,MIA,21.0,Home,4.0,38.0,0.0,2025113003,60028.0,,202511300mia,28603.0,401772892,6919.0,7,14,205.0,-250.0,5.5,-110.0,-110.0,41.5,-105.0,-115.0,0,outdoors,grass,76.0,10.0,00-0040743,00-0036212,Tyler Shough,Tua Tagovailoa,Kellen Moore,Mike McDaniel,Alan Eck,MIA00,Hard Rock Stadium,957.505430112238,842.500436721705,966.5520495402832,833.4538172936598,0.698564679192217,0.301435320807783,44.0,31.0,0.65,2.212730241263391,True,True,2018,2024,2018,2024,7,
2025_13_SF_CLE,2025,REG,13,2025-11-30,Sunday,13:00,SF,26.0,CLE,8.0,Home,-18.0,34.0,0.0,2025113001,60026.0,,202511300cle,28601.0,401772785,6917.0,6,7,-250.0,205.0,-5.5,-108.0,-112.0,35.5,-112.0,-108.0,0,outdoors,grass,35.0,20.0,00-0037834,00-0040668,Brock Purdy,Shedeur Sanders,Kyle Shanahan,Kevin Stefanski,Brad Allen,CLE00,FirstEnergy Stadium,883.4633849440143,1033.1050558669892,864.8193425707018,1051.7490982403017,0.33560179403091883,0.6643982059690812,44.0,31.0,0.65,2.212730241263391,True,True,2018,2024,2018,2024,7,
2025_13_MIN_SEA,2025,REG,13,2025-11-30,Sunday,16:05,MIN,0.0,SEA,26.0,Home,26.0,26.0,0.0,2025113007,60032.0,,202511300sea,28608.0,401772896,6923.0,7,7,600.0,-900.0,12.5,-110.0,-110.0,42.5,-110.0,-110.0,0,outdoors,fieldturf,45.0,2.0,00-0040494,00-0034869,Max Brosmer,Sam Darnold,Kevin O'Connell,Mike Macdonald,Clete Blakeman,SEA00,Lumen Field,1128.292125978499,974.0983587515869,1143.7763051812533,958.6141795488326,0.7438471091806264,0.25615289081937365,44.0,31.0,0.65,2.212730241263391,True,True,2018,2024,2018,2024,7,
2025_13_BUF_PIT,2025,REG,13,2025-11-30,Sunday,16:25,BUF,26.0,PIT,7.0,Home,-19.0,33.0,0.0,2025113009,60034.0,,202511300pit,28609.0,401772789,6925.0,10,7,-166.0,140.0,-3.0,-115.0,-105.0,44.5,-112.0,-108.0,0,outdoors,grass,34.0,16.0,00-0034857,00-0023459,Josh Allen,Aaron Rodgers,Sean McDermott,Mike Tomlin,Alex Kemp,PIT00,Acrisure Stadium,1013.5829967363927,1096.7366447055635,988.8227436267204,1121.496897815236,0.4255035734626663,0.5744964265373337,44.0,31.0,0.65,2.212730241263391,True,True,2018,2024,2018,2024,7,
2025_13_LV_LAC,2025,REG,13,2025-11-30,Sunday,16:25,LV,14.0,LAC,31.0,Home,17.0,45.0,0.0,2025113008,60033.0,,202511300sdg,28607.0,401772788,6924.0,7,14,440.0,-600.0,10.0,-115.0,-105.0,40.5,-108.0,-112.0,1,dome,matrixturf,,,00-0030565,00-0036355,Geno Smith,Justin Herbert,Pete Carroll,Jim Harbaugh,Alex Moore,LAX01,SoFi Stadium,1020.7747068185852,818.9630266361413,1031.5585145261025,808.1792189286241,0.7925181859986226,0.20748181400137744,44.0,31.0,0.65,2.212730241263391,True,True,2018,2024,2018,2024,7,
2025_13_DEN_WAS,2025,REG,13,2025-11-30,Sunday,20:20,DEN,27.0,WAS,26.0,Home,-1.0,53.0,1.0,2025113010,60035.0,,202511300was,28610.0,401772931,6926.0,14,14,-310.0,250.0,-6.5,-105.0,-115.0,43.5,-112.0,-108.0,0,outdoors,grass,40.0,13.0,00-0039732,00-0032268,Bo Nix,Marcus Mariota,Sean Payton,Dan Quinn,Land Clark,WAS00,FedExField,950.7382635029221,1146.968583996538,950.3708949151028,1147.3359525843573,0.27865517793294864,0.7213448220670513,44.0,31.0,0.65,2.212730241263391,True,True,2018,2024,2018,2024,7,
2025_13_NYG_NE,2025,REG,13,2025-12-01,Monday,20:15,NYG,15.0,NE,33.0,Home,18.0,48.0,0.0,2025120100,60036.0,,202512010nwe,28611.0,401772821,6927.0,8,8,295.0,-375.0,7.0,-105.0,-115.0,46.5,-105.0,-115.0,0,outdoors,fieldturf,30.0,5.0,00-0040691,00-0039851,Jaxson Dart,Drake Maye,Brian Daboll,Mike Vrabel,Alex Kemp,BOS00,Gillette Stadium,1061.5131334425062,869.0962790443455,1073.0213956681991,857.5880168186526,0.7834847809162624,0.2165152190837376,44.0,31.0,0.65,2.212730241263391,True,True,2018,2024,2018,2024,7,
2025_14_DAL_DET,2025,REG,14,2025-12-04,Thursday,20:15,DAL,30.0,DET,44.0,Home,14.0,74.0,0.0,2025120400,60037.0,,202512040det,28612.0,401772947,6928.0,7,7,160.0,-192.0,3.5,-110.0,-110.0,55.5,-110.0,-110.0,0,dome,fieldturf,,,00-0033077,00-0033106,Dak Prescott,Jared Goff,Brian Schottenheimer,Dan Campbell,Shawn Hochuli,DET00,Ford Field,1105.4773156296233,1012.1476375068974,1122.212506421825,995.4124467146955,0.6716592403557784,0.3283407596442216,44.0,31.0,0.65,2.212730241263391,True,True,2018,2024,2018,2024,7,
2025_14_CIN_BUF,2025,REG,14,2025-12-07,Sunday,13:00,CIN,34.0,BUF,39.0,Home,5.0,73.0,0.0,2025120710,60048.0,,202512070buf,28623.0,401772902,6939.0,10,7,230.0,-285.0,6.0,-108.0,-112.0,54.5,-108.0,-112.0,0,outdoors,a_turf,31.0,12.0,00-0036442,00-0034857,Joe Burrow,Josh Allen,Zac Taylor,Sean McDermott,Brad Rogers,BUF00,New Era Field,1121.496897815236,955.7450212297829,1129.4663404300218,947.7755786149971,0.7563174506074457,0.2436825493925543,44.0,31.0,0.65,2.212730241263391,True,True,2018,2024,2018,2024,7,
2025_14_IND_JAX,2025,REG,14,2025-12-07,Sunday,13:00,IND,19.0,JAX,36.0,Home,17.0,55.0,0.0,2025120704,60042.0,,202512070jax,28617.0,401772793,6933.0,7,7,-135.0,114.0,-2.5,-112.0,-108.0,44.5,-105.0,-115.0,1,outdoors,grass,61.0,7.0,00-0035710,00-0036971,Daniel Jones,Trevor Lawrence,Shane Steichen,Liam Coen,John Hussey,JAX00,TIAA Bank Stadium,1006.6561584163525,1026.6136852011675,1034.3415776964202,998.9282659210999,0.5158860476692153,0.4841139523307847,44.0,31.0,0.65,2.212730241263391,True,True,2018,2024,2018,2024,7,
2025_14_MIA_NYJ,2025,REG,14,2025-12-07,Sunday,13:00,MIA,34.0,NYJ,10.0,Home,-24.0,44.0,0.0,2025120706,60044.0,,202512070nyj,28619.0,401772790,6935.0,7,7,-148.0,124.0,-2.5,-115.0,-105.0,41.5,-112.0,-108.0,1,outdoors,fieldturf,41.0,6.0,00-0036212,00-0028118,Tua Tagovailoa,Tyrod Taylor,Mike McDaniel,Aaron Glenn,Bill Vinovich,NYC01,MetLife Stadium,877.4008036871726,966.5520495402832,851.3917747822336,992.5610784452222,0.41708642485092157,0.5829135751490784,44.0,31.0,0.65,2.212730241263391,True,True,2018,2024,2018,2024,7,
2025_14_NO_TB,2025,REG,14,2025-12-07,Sunday,13:00,NO,24.0,TB,20.0,Home,-4.0,44.0,0.0,2025120707,60045.0,,202512070tam,28620.0,401772792,6936.0,7,7,330.0,-425.0,7.5,-102.0,-118.0,41.5,-105.0,-115.0,1,outdoors,grass,73.0,6.0,00-0040743,00-0034855,Tyler Shough,Baker Mayfield,Kellen Moore,Todd Bowles,Clete Blakeman,TAM00,Raymond James Stadium,1025.4381456469691,833.4538172936598,997.5507976186682,861.3411653219607,0.7830621187496482,0.21693788125035185,44.0,31.0,0.65,2.212730241263391,True,True,2018,2024,2018,2024,7,
2025_14_PIT_BAL,2025,REG,14,2025-12-07,Sunday,13:00,PIT,27.0,BAL,22.0,Home,-5.0,49.0,0.0,2025120701,60039.0,,202512070rav,28614.0,401772791,6930.0,7,10,220.0,-270.0,5.5,100.0,-120.0,43.5,-105.0,-115.0,1,outdoors,grass,44.0,6.0,00-0023459,00-0034796,Aaron Rodgers,Lamar Jackson,Mike Tomlin,John Harbaugh,Alex Moore,BAL00,M&T Bank Stadium,1041.588981272382,988.8227436267204,1018.6888100646831,1011.7229148344193,0.6182665831072998,0.38173341689270024,44.0,31.0,0.65,2.212730241263391,True,True,2018,2024,2018,2024,7,
2025_14_SEA_ATL,2025,REG,14,2025-12-07,Sunday,13:00,SEA,37.0,ATL,9.0,Home,-28.0,46.0,0.0,2025120700,60038.0,,202512070atl,28613.0,401772900,6929.0,7,7,-355.0,280.0,-7.0,100.0,-120.0,44.5,-108.0,-112.0,0,closed,fieldturf,,,00-0034869,00-0029604,Sam Darnold,Kirk Cousins,Mike Macdonald,Raheem Morris,Alex Kemp,ATL97,Mercedes-Benz Stadium,924.6815406191774,1143.7763051812533,909.0763308748831,1159.3815149255477,0.2529839727703065,0.7470160272296935,44.0,31.0,0.65,2.212730241263391,True,True,2018,2024,2018,2024,7,
2025_14_TEN_CLE,2025,REG,14,2025-12-07,Sunday,13:00,TEN,31.0,CLE,29.0,Home,-2.0,60.0,0.0,2025120702,60040.0,,202512070cle,28615.0,401772898,6931.0,7,7,170.0,-205.0,4.5,-120.0,100.0,33.5,-105.0,-115.0,0,outdoors,grass,33.0,6.0,00-0040676,00-0040668,Cam Ward,Shedeur Sanders,Brian Callahan,Kevin Stefanski,Carl Cheffers,CLE00,FirstEnergy Stadium,864.8193425707018,749.4885792368261,848.4619980979742,765.8459237095537,0.6989594142135689,0.3010405857864311,44.0,31.0,0.65,2.212730241263391,True,True,2018,2024,2018,2024,7,
2025_14_WAS_MIN,2025,REG,14,2025-12-07,Sunday,13:00,WAS,0.0,MIN,31.0,Home,31.0,31.0,0.0,2025120705,60043.0,,202512070min,28618.0,401772899,6934.0,7,7,-115.0,-105.0,-1.5,-102.0,-118.0,43.5,-102.0,-118.0,0,dome,sportturf,,,00-0032268,00-0039923,Marcus Mariota,J.J. McCarthy,Dan Quinn,Kevin O'Connell,Brad Allen,MIN01,U.S. Bank Stadium,958.6141795488326,950.3708949151028,988.6605819141522,920.3244925497831,0.5562366739792856,0.44376332602071444,44.0,31.0,0.65,2.212730241263391,True,True,2018,2024,2018,2024,7,
2025_14_DEN_LV,2025,REG,14,2025-12-07,Sunday,16:05,DEN,24.0,LV,17.0,Home,-7.0,41.0,0.0,2025120708,60046.0,,202512070rai,28621.0,401772794,6937.0,7,7,-470.0,360.0,-8.5,-110.0,-110.0,40.5,-115.0,-105.0,1,dome,grass,,,00-0039732,00-0030565,Bo Nix,Geno Smith,Sean Payton,Pete Carroll,Shawn Smith,VEG00,Allegiant Stadium,808.1792189286241,1147.3359525843573,802.9180373118309,1152.5971342011505,0.14505889476449546,0.8549411052355045,44.0,31.0,0.65,2.212730241263391,True,True,2018,2024,2018,2024,7,
2025_14_CHI_GB,2025,REG,14,2025-12-07,Sunday,16:25,CHI,21.0,GB,28.0,Home,7.0,49.0,0.0,2025120703,60041.0,,202512070gnb,28616.0,401772897,6932.0,9,10,245.0,-305.0,6.5,-105.0,-115.0,44.5,-115.0,-105.0,1,outdoors,grass,16.0,9.0,00-0039918,00-0036264,Caleb Williams,Jordan Love,Ben Johnson,Matt LaFleur,Craig Wrolstad,GNB00,Lambeau Field,1140.9223703033479,1044.1448682854655,1153.583390634817,1031.4838479539962,0.6760212160913215,0.3239787839086785,44.0,31.0,0.65,2.212730241263391,True,True,2018,2024,2018,2024,7,
2025_14_LA_ARI,2025,REG,14,2025-12-07,Sunday,16:25,LA,45.0,ARI,17.0,Home,-28.0,62.0,0.0,2025120709,60047.0,,202512070crd,28622.0,401772901,6938.0,7,7,-500.0,380.0,-9.5,-110.0,-110.0,49.5,-110.0,-110.0,1,closed,grass,,,00-0026498,00-0033119,Matthew Stafford,Jacoby Brissett,Sean McVay,Jonathan Gannon,Ron Torbert,PHO00,State Farm Stadium,918.431171314263,1147.5787711315277,903.5534960781499,1162.4564463676409,0.24220484428957462,0.7577951557104254,44.0,31.0,0.65,2.212730241263391,True,True,2018,2024,2018,2024,7,
2025_14_HOU_KC,2025,REG,14,2025-12-07,Sunday,20:20,HOU,20.0,KC,10.0,Home,-10.0,30.0,0.0,2025120711,60049.0,,202512070kan,28624.0,401772932,6940.0,7,10,180.0,-218.0,4.5,-115.0,-105.0,41.5,-110.0,-110.0,0,outdoors,grass,27.0,8.0,00-0039163,00-0033873,C.J. Stroud,Patrick Mahomes,DeMeco Ryans,Andy Reid,Alan Eck,KAN00,GEHA Field at Arrowhead Stadium,1108.770468853114,1088.4985148896396,1080.7842839572252,1116.4846997855284,0.5732552674968427,0.42674473250315725,44.0,31.0,0.65,2.212730241263391,True,True,2018,2024,2018,2024,7,
2025_14_PHI_LAC,2025,REG,14,2025-12-08,Monday,20:15,PHI,19.0,LAC,22.0,Home,3.0,41.0,1.0,2025120800,60050.0,,202512080sdg,28625.0,401772822,6941.0,10,8,-120.0,100.0,-1.5,-105.0,-115.0,41.5,-105.0,-115.0,0,dome,matrixturf,,,00-0036389,00-0036355,Jalen Hurts,Justin Herbert,Nick Sirianni,Jim Harbaugh,Scott Novak,LAX01,SoFi Stadium,1031.5585145261025,1125.1924371792288,1041.1822877361287,1115.5686639692026,0.41082647132833977,0.5891735286716602,44.0,31.0,0.65,2.212730241263391,True,True,2018,2024,2018,2024,7,
2025_15_ATL_TB,2025,REG,15,2025-12-11,Thursday,20:15,ATL,29.0,TB,28.0,Home,-1.0,57.0,0.0,2025121100,60051.0,,202512110tam,28626.0,401772948,6942.0,4,4,225.0,-278.0,6.0,-112.0,-108.0,43.5,-110.0,-110.0,1,outdoors,grass,56.0,5.0,00-0029604,00-0034855,Kirk Cousins,Baker Mayfield,Raheem Morris,Todd Bowles,Carl Cheffers,TAM00,Raymond James Stadium,997.5507976186682,909.0763308748831,987.8518334412532,918.775295052298,0.6654662864727714,0.3345337135272286,44.0,31.0,0.65,2.212730241263391,True,True,2018,2024,2018,2024,7,
2025_15_ARI_HOU,2025,REG,15,2025-12-14,Sunday,13:00,ARI,20.0,HOU,40.0,Home,20.0,60.0,0.0,2025121402,60054.0,,202512140htx,28629.0,401772903,6945.0,7,7,455.0,-625.0,10.5,-110.0,-110.0,42.5,-112.0,-108.0,0,closed,astroturf,,,00-0033119,00-0039163,Jacoby Brissett,C.J. Stroud,Jonathan Gannon,DeMeco Ryans,Clete Blakeman,HOU00,NRG Stadium,1116.4846997855284,903.5534960781499,1127.2290855865288,892.8091102771496,0.8028464935200076,0.1971535064799924,44.0,31.0,0.65,2.212730241263391,True,True,2018,2024,2018,2024,7,
2025_15_BAL_CIN,2025,REG,15,2025-12-14,Sunday,13:00,BAL,24.0,CIN,0.0,Home,-24.0,24.0,0.0,2025121401,60053.0,,202512140cin,28628.0,401772796,6944.0,7,7,-162.0,136.0,-2.5,-125.0,105.0,51.5,-110.0,-110.0,1,outdoors,fieldturf,10.0,7.0,00-0034796,00-0036442,Lamar Jackson,Joe Burrow,John Harbaugh,Zac Taylor,Brad Allen,CIN00,Paycor Stadium,947.7755786149971,1018.6888100646831,919.9375227337213,1046.526865945959,0.44281159914093443,0.5571884008590655,44.0,31.0,0.65,2.212730241263391,True,True,2018,2024,2018,2024,7,
2025_15_BUF_NE,2025,REG,15,2025-12-14,Sunday,13:00,BUF,35.0,NE,31.0,Home,-4.0,66.0,0.0,2025121405,60057.0,,202512140nwe,28632.0,401772795,6948.0,7,13,-142.0,120.0,-2.5,-110.0,-110.0,49.5,-105.0,-115.0,1,outdoors,fieldturf,32.0,6.0,00-0034857,00-0039851,Josh Allen,Drake Maye,Sean McDermott,Mike Vrabel,John Hussey,BOS00,Gillette Stadium,1073.0213956681991,1129.4663404300218,1058.3590168417954,1144.1287192564255,0.46344710898262864,0.5365528910173714,44.0,31.0,0.65,2.212730241263391,True,True,2018,2024,2018,2024,7,
2025_15_CLE_CHI,2025,REG,15,2025-12-14,Sunday,13:00,CLE,3.0,CHI,31.0,Home,28.0,34.0,0.0,2025121400,60052.0,,202512140chi,28627.0,401772904,6943.0,7,7,295.0,-375.0,7.5,-112.0,-108.0,38.5,-115.0,-105.0,0,outdoors,grass,8.0,6.0,00-0040668,00-0039918,Shedeur Sanders,Caleb Williams,Kevin Stefanski,Ben Johnson,Ron Torbert,CHI98,Soldier Field,1031.4838479539962,848.4619980979742,1045.2644647813045,834.6813812706661,0.774169968311434,0.22583003168856597,44.0,31.0,0.65,2.212730241263391,True,True,2018,2024,2018,2024,7,
2025_15_LAC_KC,2025,REG,15,2025-12-14,Sunday,13:00,LAC,16.0,KC,13.0,Home,-3.0,29.0,0.0,2025121404,60056.0,,202512140kan,28631.0,401772798,6947.0,6,7,210.0,-258.0,5.5,100.0,-120.0,41.5,-108.0,-112.0,1,outdoors,grass,,,00-0036355,00-0033873,Justin Herbert,Patrick Mahomes,Jim Harbaugh,Andy Reid,Shawn Hochuli,KAN00,GEHA Field at Arrowhead Stadium,1080.7842839572252,1041.1822877361287,1063.6895559275943,1058.2770157657596,0.6002286146783193,0.39977138532168066,44.0,31.0,0.65,2.212730241263391,True,True,2018,2024,2018,2024,7,
2025_15_LV_PHI,2025,REG,15,2025-12-14,Sunday,13:00,LV,0.0,PHI,31.0,Home,31.0,31.0,0.0,2025121407,60059.0,,202512140phi,28634.0,401772906,6950.0,7,6,650.0,-1000.0,12.5,-108.0,-112.0,37.5,-118.0,-102.0,0,outdoors,grass,30.0,20.0,00-0038102,00-0036389,Kenny Pickett,Jalen Hurts,Pete Carroll,Nick Sirianni,Clay Martin,PHI00,Lincoln Financial Field,1115.5686639692026,802.9180373118309,1122.811278325421,795.6754229556126,0.8784904338919172,0.12150956610808283,44.0,31.0,0.65,2.212730241263391,True,True,2018,2024,2018,2024,7,
2025_15_NYJ_JAX,2025,REG,15,2025-12-14,Sunday,13:00,NYJ,20.0,JAX,48.0,Home,28.0,68.0,0.0,2025121403,60055.0,,202512140jax,28630.0,401772797,6946.0,7,7,675.0,-1050.0,13.5,-105.0,-115.0,40.5,-115.0,-105.0,0,outdoors,grass,70.0,11.0,00-0040398,00-0036971,Brady Cook,Trevor Lawrence,Aaron Glenn,Liam Coen,Shawn Smith,JAX00,TIAA Bank Stadium,1034.3415776964202,851.3917747822336,1048.127031078843,837.606321399811,0.774097451509432,0.225902548490568,44.0,31.0,0.65,2.212730241263391,True,True,2018,2024,2018,2024,7,
2025_15_WAS_NYG,2025,REG,15,2025-12-14,Sunday,13:00,WAS,29.0,NYG,21.0,Home,-8.0,50.0,0.0,2025121406,60058.0,,202512140nyg,28633.0,401772905,6949.0,7,13,124.0,-148.0,2.5,-105.0,-115.0,46.5,-115.0,-105.0,1,outdoors,fieldturf,27.0,13.0,00-0032268,00-0040691,Marcus Mariota,Jaxson Dart,Dan Quinn,Brian Daboll,Bill Vinovich,NYC01,MetLife Stadium,857.5880168186526,920.3244925497831,838.0145167091177,939.897992659318,0.4544541462371365,0.5455458537628635,44.0,31.0,0.65,2.212730241263391,True,True,2018,2024,2018,2024,7,
2025_15_CAR_NO,2025,REG,15,2025-12-14,Sunday,16:25,CAR,17.0,NO,20.0,Home,3.0,37.0,0.0,2025121410,60062.0,,202512140nor,28636.0,401772908,6953.0,14,7,-148.0,124.0,-2.5,-118.0,-102.0,41.5,-108.0,-112.0,1,dome,sportturf,,,00-0039150,00-0040743,Bryce Young,Tyler Shough,Dave Canales,Kellen Moore,Alex Moore,NOR00,Mercedes-Benz Superdome,861.3411653219607,911.3448229214224,876.0041592387744,896.6818290046087,0.4726787789981035,0.5273212210018965,44.0,31.0,0.65,2.212730241263391,True,True,2018,2024,2018,2024,7,
2025_15_DET_LA,2025,REG,15,2025-12-14,Sunday,16:25,DET,34.0,LA,41.0,Home,7.0,75.0,0.0,2025121409,60061.0,,202512140ram,28638.0,401772909,6952.0,10,7,200.0,-245.0,5.5,-105.0,-115.0,54.5,-105.0,-115.0,0,dome,matrixturf,,,00-0033106,00-0026498,Jared Goff,Matthew Stafford,Dan Campbell,Sean McVay,Alan Eck,LAX01,SoFi Stadium,1162.4564463676409,1122.212506421825,1178.432795088872,1106.236157700594,0.6011149942511724,0.39888500574882757,44.0,31.0,0.65,2.212730241263391,True,True,2018,2024,2018,2024,7,
2025_15_GB_DEN,2025,REG,15,2025-12-14,Sunday,16:25,GB,26.0,DEN,34.0,Home,8.0,60.0,0.0,2025121408,60060.0,,202512140den,28635.0,401772800,6951.0,7,7,-122.0,102.0,-1.5,-108.0,-112.0,42.5,-115.0,-105.0,0,outdoors,grass,65.0,3.0,00-0036264,00-0039732,Jordan Love,Bo Nix,Matt LaFleur,Sean Payton,Brad Rogers,DEN00,Empower Field at Mile High,1152.5971342011505,1153.583390634817,1172.2917785256357,1133.888746310332,0.5430861238020235,0.4569138761979765,44.0,31.0,0.65,2.212730241263391,True,True,2018,2024,2018,2024,7,
2025_15_IND_SEA,2025,REG,15,2025-12-14,Sunday,16:25,IND,16.0,SEA,18.0,Home,2.0,34.0,0.0,2025121411,60063.0,,202512140sea,28637.0,401772799,6954.0,7,7,650.0,-1000.0,13.5,-105.0,-115.0,41.5,-108.0,-112.0,0,outdoors,fieldturf,51.0,9.0,00-0022942,00-0034869,Philip Rivers,Sam Darnold,Shane Steichen,Mike Macdonald,Adrian Hill,SEA00,Lumen Field,1159.3815149255477,998.9282659210999,1164.3926378703472,993.9171429763002,0.7506521575628166,0.24934784243718344,44.0,31.0,0.65,2.212730241263391,True,True,2018,2024,2018,2024,7,
2025_15_TEN_SF,2025,REG,15,2025-12-14,Sunday,16:25,TEN,24.0,SF,37.0,Home,13.0,61.0,0.0,2025121412,60064.0,,202512140sfo,28639.0,401772907,6955.0,7,14,600.0,-900.0,12.5,-108.0,-112.0,44.5,-112.0,-108.0,0,outdoors,grass,54.0,4.0,00-0040676,00-0037834,Cam Ward,Brock Purdy,Brian Callahan,Kyle Shanahan,Craig Wrolstad,SFO01,Levi's Stadium,1051.7490982403017,765.8459237095537,1058.121628106877,759.4733938429783,0.8610742732189168,0.13892572678108317,44.0,31.0,0.65,2.212730241263391,True,True,2018,2024,2018,2024,7,
2025_15_MIN_DAL,2025,REG,15,2025-12-14,Sunday,20:20,MIN,34.0,DAL,26.0,Home,-8.0,60.0,0.0,2025121413,60065.0,,202512140dal,28640.0,401772933,6956.0,7,10,215.0,-265.0,5.5,-110.0,-110.0,47.5,-102.0,-118.0,0,closed,matrixturf,,,00-0039923,00-0033077,J.J. McCarthy,Dak Prescott,Kevin O'Connell,Brian Schottenheimer,Scott Novak,DAL00,AT&T Stadium,995.4124467146955,988.6605819141522,970.7794711006242,1013.2935575282236,0.5541164892509232,0.44588351074907684,44.0,31.0,0.65,2.212730241263391,True,True,2018,2024,2018,2024,7,
2025_15_MIA_PIT,2025,REG,15,2025-12-15,Monday,20:15,MIA,15.0,PIT,28.0,Home,13.0,43.0,0.0,2025121500,60066.0,,202512150pit,28641.0,401772823,6957.0,8,8,145.0,-175.0,3.0,-102.0,-118.0,42.5,-105.0,-115.0,0,outdoors,grass,17.0,7.0,00-0036212,00-0023459,Tua Tagovailoa,Aaron Rodgers,Mike McDaniel,Mike Tomlin,Land Clark,PIT00,Acrisure Stadium,1011.7229148344193,992.5610784452222,1033.6984220139218,970.5855712657196,0.5716912458037559,0.42830875419624415,44.0,31.0,0.65,2.212730241263391,True,True,2018,2024,2018,2024,7,
2025_16_LA_SEA,2025,REG,16,2025-12-18,Thursday,20:15,LA,37.0,SEA,38.0,Home,1.0,75.0,1.0,2025121800,60067.0,,202512180sea,28642.0,401772949,6958.0,4,4,102.0,-122.0,1.5,-110.0,-110.0,42.5,-105.0,-115.0,1,outdoors,fieldturf,51.0,17.0,00-0026498,00-0034869,Matthew Stafford,Sam Darnold,Sean McVay,Mike Macdonald,Brad Allen,SEA00,Lumen Field,1164.3926378703472,1178.432795088872,1167.4785040265774,1175.3469289326417,0.5243878080509922,0.47561219194900783,44.0,31.0,0.65,2.212730241263391,True,True,2018,2024,2018,2024,7,
2025_16_PHI_WAS,2025,REG,16,2025-12-20,Saturday,17:00,PHI,29.0,WAS,18.0,Home,-11.0,47.0,0.0,2025122001,60069.0,,202512200was,28644.0,401772612,6960.0,6,6,-380.0,300.0,-7.0,-120.0,100.0,43.5,-110.0,-110.0,1,outdoors,grass,42.0,7.0,00-0036389,00-0032268,Jalen Hurts,Marcus Mariota,Nick Sirianni,Dan Quinn,Craig Wrolstad,WAS00,FedExField,939.897992659318,1122.811278325421,926.2942366170206,1136.4150343677184,0.2943223051470837,0.7056776948529163,44.0,31.0,0.65,2.212730241263391,True,True,2018,2024,2018,2024,7,
2025_16_GB_CHI,2025,REG,16,2025-12-20,Saturday,20:20,GB,16.0,CHI,22.0,Home,6.0,38.0,1.0,2025122000,60068.0,,202512200chi,28643.0,401772613,6959.0,6,6,-102.0,-118.0,1.5,-115.0,-105.0,45.5,-115.0,-105.0,1,outdoors,grass,37.0,6.0,00-0036264,00-0039918,Jordan Love,Caleb Williams,Matt LaFleur,Ben Johnson,Alex Kemp,CHI98,Soldier Field,1045.2644647813045,1133.888746310332,1058.4634981812242,1120.6897129104123,0.4178241185052967,0.5821758814947033,44.0,31.0,0.65,2.212730241263391,True,True,2018,2024,2018,2024,7,
2025_16_BUF_CLE,2025,REG,16,2025-12-21,Sunday,13:00,BUF,23.0,CLE,20.0,Home,-3.0,43.0,0.0,2025122104,60072.0,,202512210cle,28647.0,401772802,6963.0,7,7,-575.0,425.0,-10.5,-110.0,-110.0,41.5,-118.0,-102.0,0,outdoors,grass,25.0,16.0,00-0034857,00-0040668,Josh Allen,Shedeur Sanders,Sean McDermott,Kevin Stefanski,Bill Vinovich,CLE00,FirstEnergy Stadium,834.6813812706661,1144.1287192564255,830.5807900513086,1148.229310475783,0.16758063441647605,0.8324193655835239,44.0,31.0,0.65,2.212730241263391,True,True,2018,2024,2018,2024,7,
2025_16_CIN_MIA,2025,REG,16,2025-12-21,Sunday,13:00,CIN,45.0,MIA,21.0,Home,-24.0,66.0,0.0,2025122113,60081.0,,202512210mia,28656.0,401772934,6972.0,7,6,-205.0,170.0,-3.5,-120.0,100.0,48.5,-112.0,-108.0,0,outdoors,grass,81.0,7.0,00-0036442,00-0040234,Joe Burrow,Quinn Ewers,Zac Taylor,Mike McDaniel,John Hussey,MIA00,Hard Rock Stadium,970.5855712657196,919.9375227337213,929.6783782523977,960.8447157470432,0.6153846909606715,0.3846153090393285,44.0,31.0,0.65,2.212730241263391,True,True,2018,2024,2018,2024,7,
2025_16_KC_TEN,2025,REG,16,2025-12-21,Sunday,13:00,KC,9.0,TEN,26.0,Home,17.0,35.0,0.0,2025122108,60076.0,,202512210oti,28651.0,401772803,6967.0,7,7,-185.0,154.0,-3.5,100.0,-120.0,37.5,-110.0,-110.0,0,outdoors,grass,51.0,8.0,00-0035289,00-0040676,Gardner Minshew,Cam Ward,Andy Reid,Brian Callahan,Clete Blakeman,NAS00,Nissan Stadium,759.4733938429783,1063.6895559275943,813.8222627522417,1009.3406870183309,0.1718234791971708,0.8281765208028292,44.0,31.0,0.65,2.212730241263391,True,True,2018,2024,2018,2024,7,
2025_16_LAC_DAL,2025,REG,16,2025-12-21,Sunday,13:00,LAC,34.0,DAL,17.0,Home,-17.0,51.0,0.0,2025122105,60073.0,,202512210dal,28648.0,401772910,6964.0,7,7,102.0,-122.0,1.5,-115.0,-105.0,50.5,-102.0,-118.0,0,closed,matrixturf,,,00-0036355,00-0033077,Justin Herbert,Dak Prescott,Jim Harbaugh,Brian Schottenheimer,Alan Eck,DAL00,AT&T Stadium,970.7794711006242,1058.2770157657596,947.2778994698162,1081.7785873965674,0.4194026597392604,0.5805973402607396,44.0,31.0,0.65,2.212730241263391,True,True,2018,2024,2018,2024,7,
2025_16_MIN_NYG,2025,REG,16,2025-12-21,Sunday,13:00,MIN,16.0,NYG,13.0,Home,-3.0,29.0,0.0,2025122107,60075.0,,202512210nyg,28650.0,401772911,6966.0,7,7,-148.0,124.0,-2.5,-118.0,-102.0,41.5,-115.0,-105.0,0,outdoors,fieldturf,46.0,20.0,00-0039923,00-0040691,J.J. McCarthy,Jaxson Dart,Kevin O'Connell,Brian Daboll,Alex Moore,NYC01,MetLife Stadium,838.0145167091177,1013.2935575282236,830.1622167434,1021.1458574939413,0.30353155290751566,0.6964684470924843,44.0,31.0,0.65,2.212730241263391,True,True,2018,2024,2018,2024,7,
2025_16_NYJ_NO,2025,REG,16,2025-12-21,Sunday,13:00,NYJ,6.0,NO,29.0,Home,23.0,35.0,0.0,2025122106,60074.0,,202512210nor,28649.0,401772801,6965.0,7,7,240.0,-298.0,6.5,-105.0,-115.0,39.5,-105.0,-115.0,0,dome,sportturf,,,00-0028118,00-0040743,Tyrod Taylor,Tyler Shough,Aaron Glenn,Kellen Moore,Clay Martin,NOR00,Mercedes-Benz Superdome,876.0041592387744,837.606321399811,900.597278987321,813.0132016512644,0.5985641759828295,0.4014358240171705,44.0,31.0,0.65,2.212730241263391,True,True,2018,2024,2018,2024,7,
2025_16_TB_CAR,2025,REG,16,2025-12-21,Sunday,13:00,TB,20.0,CAR,23.0,Home,3.0,43.0,0.0,2025122103,60071.0,,202512210car,28646.0,401772912,6962.0,10,7,-155.0,130.0,-3.0,100.0,-120.0,44.5,-108.0,-112.0,1,outdoors,grass,61.0,8.0,00-0034855,00-0039150,Baker Mayfield,Bryce Young,Todd Bowles,Dave Canales,Shawn Smith,CAR00,Bank of America Stadium,896.6818290046087,987.8518334412532,913.282479573561,971.251182872301,0.41426383893304697,0.585736161066953,44.0,31.0,0.65,2.212730241263391,True,True,2018,2024,2018,2024,7,
2025_16_ATL_ARI,2025,REG,16,2025-12-21,Sunday,16:05,ATL,26.0,ARI,19.0,Home,-7.0,45.0,0.0,2025122109,60077.0,,202512210crd,28652.0,401772914,6968.0,10,7,-148.0,124.0,-2.5,-115.0,-105.0,48.5,-105.0,-115.0,0,closed,grass,,,00-0029604,00-0033119,Kirk Cousins,Jacoby Brissett,Raheem Morris,Jonathan Gannon,Land Clark,PHO00,State Farm Stadium,892.8091102771496,918.775295052298,871.7867023059172,939.7977030235304,0.5072437355839772,0.4927562644160228,44.0,31.0,0.65,2.212730241263391,True,True,2018,2024,2018,2024,7,
2025_16_JAX_DEN,2025,REG,16,2025-12-21,Sunday,16:05,JAX,34.0,DEN,20.0,Home,-14.0,54.0,0.0,2025122110,60078.0,,202512210den,28653.0,401772913,6969.0,7,7,145.0,-175.0,3.5,-120.0,100.0,46.5,-108.0,-112.0,0,outdoors,grass,62.0,3.0,00-0036971,00-0039732,Trevor Lawrence,Bo Nix,Liam Coen,Sean Payton,Shawn Hochuli,DEN00,Empower Field at Mile High,1172.2917785256357,1048.127031078843,1131.1835891338221,1089.2352204706565,0.7095501162816584,0.2904498837183416,44.0,31.0,0.65,2.212730241263391,True,True,2018,2024,2018,2024,7,
2025_16_LV_HOU,2025,REG,16,2025-12-21,Sunday,16:25,LV,21.0,HOU,23.0,Home,2.0,44.0,0.0,2025122112,60080.0,,202512210htx,28655.0,401772805,6971.0,7,7,900.0,-1600.0,14.5,-115.0,-105.0,39.5,-110.0,-110.0,0,closed,astroturf,,,00-0030565,00-0039163,Geno Smith,C.J. Stroud,Pete Carroll,DeMeco Ryans,Scott Novak,HOU00,NRG Stadium,1127.2290855865288,795.6754229556126,1129.298971829384,793.6055367127574,0.8896358282632806,0.11036417173671942,44.0,31.0,0.65,2.212730241263391,True,True,2018,2024,2018,2024,7,
2025_16_PIT_DET,2025,REG,16,2025-12-21,Sunday,16:25,PIT,29.0,DET,24.0,Home,-5.0,53.0,0.0,2025122111,60079.0,,202512210det,28654.0,401772806,6970.0,6,7,330.0,-425.0,7.5,-105.0,-115.0,52.5,-115.0,-105.0,0,dome,fieldturf,,,00-0023459,00-0033106,Aaron Rodgers,Jared Goff,Mike Tomlin,Dan Campbell,Carl Cheffers,DET00,Ford Field,1106.236157700594,1033.6984220139218,1082.1300937812512,1057.8044859332647,0.6447431833132055,0.35525681668679454,44.0,31.0,0.65,2.212730241263391,True,True,2018,2024,2018,2024,7,
2025_16_NE_BAL,2025,REG,16,2025-12-21,Sunday,20:20,NE,28.0,BAL,24.0,Home,-4.0,52.0,0.0,2025122102,60070.0,,202512210rav,28645.0,401772804,6961.0,7,7,154.0,-185.0,3.5,-115.0,-105.0,48.5,-112.0,-108.0,0,outdoors,grass,40.0,2.0,00-0039851,00-0034796,Drake Maye,Lamar Jackson,Mike Vrabel,John Harbaugh,Brad Rogers,BAL00,M&T Bank Stadium,1046.526865945959,1058.3590168417954,1029.4947698964972,1075.391112891257,0.5275567999549106,0.47244320004508944,44.0,31.0,0.65,2.212730241263391,True,True,2018,2024,2018,2024,7,
2025_16_SF_IND,2025,REG,16,2025-12-22,Monday,20:15,SF,48.0,IND,27.0,Home,-21.0,75.0,0.0,2025122200,60082.0,,202512220clt,28657.0,401772824,6973.0,8,8,-225.0,185.0,-4.5,-105.0,-115.0,46.5,-118.0,-102.0,0,closed,fieldturf,,,00-0037834,00-0022942,Brock Purdy,Philip Rivers,Kyle Shanahan,Shane Steichen,Ron Torbert,IND00,Lucas Oil Stadium,993.9171429763002,1058.121628106877,966.5261721845628,1085.5125988986144,0.4523598594270821,0.5476401405729179,44.0,31.0,0.65,2.212730241263391,True,True,2018,2024,2018,2024,7,
2025_17_DAL_WAS,2025,REG,17,2025-12-25,Thursday,13:00,DAL,30.0,WAS,23.0,Home,-7.0,53.0,0.0,2025122500,60083.0,,202512250was,28658.0,401772710,6974.0,4,5,-500.0,380.0,-8.5,-120.0,100.0,50.5,-108.0,-112.0,1,outdoors,grass,50.0,7.0,00-0033077,00-0026300,Dak Prescott,Josh Johnson,Brian Schottenheimer,Dan Quinn,Brad Rogers,WAS00,FedExField,926.2942366170206,947.2778994698162,904.9262944439664,968.6458416428704,0.5144106757126508,0.48558932428734924,44.0,31.0,0.65,2.212730241263391,True,True,2018,2024,2018,2024,7,
2025_17_DET_MIN,2025,REG,17,2025-12-25,Thursday,16:30,DET,10.0,MIN,23.0,Home,13.0,33.0,0.0,2025122501,60084.0,,202512250min,28659.0,401772711,6975.0,4,4,-360.0,285.0,-7.0,-120.0,100.0,45.5,-115.0,-105.0,1,dome,sportturf,,,00-0033106,00-0040494,Jared Goff,Max Brosmer,Dan Campbell,Kevin O'Connell,Shawn Smith,MIN01,U.S. Bank Stadium,1021.1458574939413,1082.1300937812512,1050.0372065362308,1053.2387447389617,0.4569560255684062,0.5430439744315938,44.0,31.0,0.65,2.212730241263391,True,True,2018,2024,2018,2024,7,
2025_17_DEN_KC,2025,REG,17,2025-12-25,Thursday,20:15,DEN,20.0,KC,13.0,Home,-7.0,33.0,0.0,2025122502,60085.0,,202512250kan,28660.0,401772622,6976.0,4,4,-1100.0,700.0,-13.5,-105.0,-115.0,37.5,100.0,-120.0,1,outdoors,grass,,,00-0039732,00-0037324,Bo Nix,Chris Oladokun,Sean Payton,Andy Reid,Bill Vinovich,KAN00,GEHA Field at Arrowhead Stadium,1009.3406870183309,1131.1835891338221,994.5620105522363,1145.9622655999167,0.3721664739715069,0.6278335260284931,44.0,31.0,0.65,2.212730241263391,True,True,2018,2024,2018,2024,7,
2025_17_HOU_LAC,2025,REG,17,2025-12-27,Saturday,16:30,HOU,20.0,LAC,16.0,Home,-4.0,36.0,0.0,2025122700,60089.0,,202512270sdg,28664.0,401772951,6982.0,6,6,-102.0,-118.0,1.5,-115.0,-105.0,40.5,-105.0,-115.0,0,dome,matrixturf,,,00-0039163,00-0036355,C.J. Stroud,Justin Herbert,DeMeco Ryans,Jim Harbaugh,Craig Wrolstad,LAX01,SoFi Stadium,1081.7785873965674,1129.298971829384,1066.650705248274,1144.4268539776774,0.47624315734851363,0.5237568426514864,44.0,31.0,0.65,2.212730241263391,True,True,2018,2024,2018,2024,7,
2025_17_BAL_GB,2025,REG,17,2025-12-27,Saturday,20:00,BAL,41.0,GB,24.0,Home,-17.0,65.0,0.0,2025122701,60088.0,,202512270gnb,28663.0,401772953,6980.0,6,7,120.0,-142.0,2.5,-108.0,-112.0,38.5,-115.0,-105.0,0,outdoors,grass,36.0,10.0,00-0035993,00-0038128,Tyler Huntley,Malik Willis,John Harbaugh,Matt LaFleur,Alan Eck,GNB00,Lambeau Field,1120.6897129104123,1029.4947698964972,1079.981199513647,1070.2032832932628,0.6689435197274771,0.3310564802725229,44.0,31.0,0.65,2.212730241263391,True,True,2018,2024,2018,2024,7,
2025_17_ARI_CIN,2025,REG,17,2025-12-28,Sunday,13:00,ARI,14.0,CIN,37.0,Home,23.0,51.0,0.0,2025122801,60087.0,,202512280cin,28662.0,401772954,6978.0,7,7,275.0,-345.0,7.0,-110.0,-110.0,52.5,-105.0,-115.0,0,outdoors,fieldturf,65.0,9.0,00-0033119,00-0036442,Jacoby Brissett,Joe Burrow,Jonathan Gannon,Zac Taylor,Clay Martin,CIN00,Paycor Stadium,960.8447157470432,871.7867023059172,980.8469177978269,851.7845002551335,0.666213690662969,0.333786309337031,44.0,31.0,0.65,2.212730241263391,True,True,2018,2024,2018,2024,7,
2025_17_JAX_IND,2025,REG,17,2025-12-28,Sunday,13:00,JAX,23.0,IND,17.0,Home,-6.0,40.0,0.0,2025122806,60092.0,,202512280clt,28667.0,401772915,6981.0,7,6,-225.0,185.0,-3.5,-115.0,-105.0,48.5,-108.0,-112.0,1,closed,fieldturf,,,00-0036971,00-0022942,Trevor Lawrence,Philip Rivers,Liam Coen,Shane Steichen,Brad Allen,IND00,Lucas Oil Stadium,966.5261721845628,1089.2352204706565,952.7449832214184,1103.0164094338008,0.3710022111731383,0.6289977888268616,44.0,31.0,0.65,2.212730241263391,True,True,2018,2024,2018,2024,7,
2025_17_NE_NYJ,2025,REG,17,2025-12-28,Sunday,13:00,NE,42.0,NYJ,10.0,Home,-32.0,52.0,0.0,2025122808,60094.0,,202512280nyj,28669.0,401772808,6985.0,7,7,-950.0,625.0,-12.5,-120.0,100.0,42.5,-112.0,-108.0,1,outdoors,fieldturf,29.0,4.0,00-0039851,00-0028118,Drake Maye,Tyrod Taylor,Mike Vrabel,Aaron Glenn,Alex Kemp,NYC01,MetLife Stadium,813.0132016512644,1075.391112891257,799.874658526244,1088.5296560162774,0.2088422291034048,0.7911577708965952,44.0,31.0,0.65,2.212730241263391,True,True,2018,2024,2018,2024,7,
2025_17_NO_TEN,2025,REG,17,2025-12-28,Sunday,13:00,NO,34.0,TEN,26.0,Home,-8.0,60.0,0.0,2025122809,60095.0,,202512280oti,28670.0,401772809,6986.0,7,7,-120.0,100.0,-1.5,-110.0,-110.0,39.5,-118.0,-102.0,0,outdoors,grass,71.0,14.0,00-0040743,00-0040676,Tyler Shough,Cam Ward,Kellen Moore,Brian Callahan,Adrian Hill,NAS00,Nissan Stadium,813.8222627522417,900.597278987321,795.9077680695422,918.5117736700206,0.42041578196477525,0.5795842180352248,44.0,31.0,0.65,2.212730241263391,True,True,2018,2024,2018,2024,7,
2025_17_PIT_CLE,2025,REG,17,2025-12-28,Sunday,13:00,PIT,6.0,CLE,13.0,Home,7.0,19.0,0.0,2025122805,60091.0,,202512280cle,28666.0,401772807,6979.0,7,7,-205.0,170.0,-4.5,-108.0,-112.0,35.5,-112.0,-108.0,1,outdoors,grass,45.0,14.0,00-0023459,00-0040668,Aaron Rodgers,Shedeur Sanders,Mike Tomlin,Kevin Stefanski,John Hussey,CLE00,FirstEnergy Stadium,830.5807900513086,1057.8044859332647,864.8912345949643,1023.4940413896089,0.2442433455518551,0.7557566544481449,44.0,31.0,0.65,2.212730241263391,True,True,2018,2024,2018,2024,7,
2025_17_SEA_CAR,2025,REG,17,2025-12-28,Sunday,13:00,SEA,27.0,CAR,10.0,Home,-17.0,37.0,0.0,2025122800,60086.0,,202512280car,28661.0,401772952,6977.0,10,7,-305.0,245.0,-6.5,-118.0,-102.0,42.5,-110.0,-110.0,0,outdoors,grass,43.0,2.0,00-0034869,00-0039150,Sam Darnold,Bryce Young,Mike Macdonald,Dave Canales,Carl Cheffers,CAR00,Bank of America Stadium,913.282479573561,1167.4785040265774,901.973251706358,1178.7877318937803,0.216730938447153,0.783269061552847,44.0,31.0,0.65,2.212730241263391,True,True,2018,2024,2018,2024,7,
2025_17_TB_MIA,2025,REG,17,2025-12-28,Sunday,13:00,TB,17.0,MIA,20.0,Home,3.0,37.0,0.0,2025122807,60093.0,,202512280mia,28668.0,401772916,6984.0,7,7,-250.0,205.0,-5.5,-108.0,-112.0,44.5,-118.0,-102.0,0,outdoors,grass,80.0,3.0,00-0034855,00-0040234,Baker Mayfield,Quinn Ewers,Todd Bowles,Mike McDaniel,Scott Novak,MIA00,Hard Rock Stadium,929.6783782523977,971.251182872301,943.9494565058875,956.9801046188112,0.4847892060573357,0.5152107939426642,44.0,31.0,0.65,2.212730241263391,True,True,2018,2024,2018,2024,7,
2025_17_NYG_LV,2025,REG,17,2025-12-28,Sunday,16:05,NYG,34.0,LV,10.0,Home,-24.0,44.0,0.0,2025122804,60090.0,,202512280rai,28665.0,401772950,6983.0,7,7,-162.0,136.0,-3.0,-102.0,-118.0,40.5,-112.0,-108.0,0,dome,grass,,,00-0040691,00-0030565,Jaxson Dart,Geno Smith,Brian Daboll,Pete Carroll,Land Clark,VEG00,Allegiant Stadium,793.6055367127574,830.1622167434,762.1931092481017,861.5746442080557,0.49200397637565213,0.5079960236243479,44.0,31.0,0.65,2.212730241263391,True,True,2018,2024,2018,2024,7,
2025_17_PHI_BUF,2025,REG,17,2025-12-28,Sunday,16:25,PHI,13.0,BUF,12.0,Home,-1.0,25.0,0.0,2025122810,60096.0,,202512280buf,28671.0,401772917,6987.0,8,7,142.0,-170.0,3.0,-108.0,-112.0,45.5,-115.0,-105.0,0,outdoors,a_turf,38.0,6.0,00-0036389,00-0034857,Jalen Hurts,Josh Allen,Nick Sirianni,Sean McDermott,Ron Torbert,BUF00,New Era Field,1148.229310475783,1136.4150343677184,1140.339192714026,1144.3051521294753,0.5613046960959885,0.43869530390401146,44.0,31.0,0.65,2.212730241263391,True,True,2018,2024,2018,2024,7,
2025_17_CHI_SF,2025,REG,17,2025-12-28,Sunday,20:20,CHI,38.0,SF,42.0,Home,4.0,80.0,0.0,2025122811,60097.0,,202512280sfo,28672.0,401772935,6988.0,8,6,170.0,-205.0,3.5,-105.0,-115.0,51.5,-112.0,-108.0,0,outdoors,grass,53.0,5.0,00-0039918,00-0037834,Caleb Williams,Brock Purdy,Ben Johnson,Kyle Shanahan,Alex Moore,SFO01,Levi's Stadium,1085.5125988986144,1058.4634981812242,1098.5221593405658,1045.4539377392728,0.5827706117805448,0.4172293882194552,44.0,31.0,0.65,2.212730241263391,True,True,2018,2024,2018,2024,7,
2025_17_LA_ATL,2025,REG,17,2025-12-29,Monday,20:15,LA,24.0,ATL,27.0,Home,3.0,51.0,0.0,2025122900,60098.0,,202512290atl,28673.0,401772825,6989.0,11,8,-380.0,300.0,-7.5,-102.0,-118.0,48.5,-105.0,-115.0,0,closed,fieldturf,,,00-0026498,00-0029604,Matthew Stafford,Kirk Cousins,Sean McVay,Raheem Morris,Clete Blakeman,ATL97,Mercedes-Benz Stadium,939.7977030235304,1175.3469289326417,963.0323260881206,1152.1123058680514,0.23550560216443772,0.7644943978355623,44.0,31.0,0.65,2.212730241263391,True,True,2018,2024,2018,2024,7,
2025_18_CAR_TB,2025,REG,18,2026-01-03,Saturday,16:30,CAR,14.0,TB,16.0,Home,2.0,30.0,0.0,2026010300,60114.0,,202601030tam,28688.0,401772969,7005.0,6,6,130.0,-155.0,3.0,-115.0,-105.0,43.5,-118.0,-102.0,1,outdoors,grass,69.0,11.0,00-0039150,00-0034855,Bryce Young,Baker Mayfield,Dave Canales,Todd Bowles,Brad Allen,TAM00,Raymond James Stadium,956.9801046188112,901.973251706358,964.9417389904196,894.0116173347496,0.62130600480967,0.37869399519033,44.0,31.0,0.65,2.212730241263391,True,True,2018,2024,2018,2024,7,
2025_18_SEA_SF,2025,REG,18,2026-01-03,Saturday,20:00,SEA,13.0,SF,3.0,Home,-10.0,16.0,0.0,2026010301,60113.0,,202601030sfo,28687.0,401772961,7004.0,6,6,-148.0,124.0,-2.5,-120.0,100.0,47.5,-105.0,-115.0,1,outdoors,grass,57.0,8.0,00-0034869,00-0037834,Sam Darnold,Brock Purdy,Mike Macdonald,Kyle Shanahan,Bill Vinovich,SFO01,Levi's Stadium,1098.5221593405658,1178.7877318937803,1078.4879197910084,1198.8219714433378,0.42957252921162387,0.5704274707883761,44.0,31.0,0.65,2.212730241263391,True,True,2018,2024,2018,2024,7,
2025_18_CLE_CIN,2025,REG,18,2026-01-04,Sunday,13:00,CLE,20.0,CIN,18.0,Home,-2.0,38.0,0.0,2026010403,60102.0,,202601040cin,28676.0,401772964,6993.0,7,7,350.0,-455.0,9.5,-112.0,-108.0,47.5,-118.0,-102.0,1,outdoors,fieldturf,37.0,0.0,00-0040668,00-0036442,Shedeur Sanders,Joe Burrow,Kevin Stefanski,Zac Taylor,Alex Kemp,CIN00,Paycor Stadium,980.8469177978269,864.8912345949643,964.4668876128364,881.2712647799548,0.6997158043353957,0.3002841956646043,44.0,31.0,0.65,2.212730241263391,True,True,2018,2024,2018,2024,7,
2025_18_DAL_NYG,2025,REG,18,2026-01-04,Sunday,13:00,DAL,17.0,NYG,34.0,Home,17.0,51.0,0.0,2026010411,60110.0,,202601040nyg,28684.0,401772963,7001.0,10,7,-166.0,140.0,-3.0,-115.0,-105.0,50.5,-115.0,-105.0,1,outdoors,fieldturf,33.0,7.0,00-0033077,00-0040691,Dak Prescott,Jaxson Dart,Brian Schottenheimer,Brian Daboll,Adrian Hill,NYC01,MetLife Stadium,861.5746442080557,968.6458416428704,897.756586074068,932.4638997768582,0.392241229319505,0.607758770680495,44.0,31.0,0.65,2.212730241263391,True,True,2018,2024,2018,2024,7,
2025_18_GB_MIN,2025,REG,18,2026-01-04,Sunday,13:00,GB,3.0,MIN,16.0,Home,13.0,19.0,0.0,2026010409,60108.0,,202601040min,28682.0,401772968,6999.0,8,10,470.0,-650.0,12.5,-108.0,-112.0,37.5,-118.0,-102.0,1,dome,sportturf,,,00-0038582,00-0039923,Clayton Tune,J.J. McCarthy,Matt LaFleur,Kevin O'Connell,John Hussey,MIN01,U.S. Bank Stadium,1050.0372065362308,1079.981199513647,1076.1836490226358,1053.834757027242,0.5015197115879149,0.49848028841208514,44.0,31.0,0.65,2.212730241263391,True,True,2018,2024,2018,2024,7,
2025_18_IND_HOU,2025,REG,18,2026-01-04,Sunday,13:00,IND,30.0,HOU,38.0,Home,8.0,68.0,0.0,2026010405,60104.0,,202601040htx,28678.0,401772962,6995.0,7,8,400.0,-535.0,9.5,-110.0,-110.0,37.5,-108.0,-112.0,1,closed,astroturf,,,00-0040206,00-0039163,Riley Leonard,C.J. Stroud,Shane Steichen,DeMeco Ryans,Land Clark,HOU00,NRG Stadium,1144.4268539776774,952.7449832214184,1153.045763760882,944.1260734382138,0.78276620456542,0.21723379543458,44.0,31.0,0.65,2.212730241263391,True,True,2018,2024,2018,2024,7,
2025_18_NO_ATL,2025,REG,18,2026-01-04,Sunday,13:00,NO,17.0,ATL,19.0,Home,2.0,36.0,0.0,2026010400,60099.0,,202601040atl,28689.0,401772966,6990.0,7,6,170.0,-205.0,4.5,-115.0,-105.0,43.5,-112.0,-108.0,1,closed,fieldturf,,,00-0040743,00-0029604,Tyler Shough,Kirk Cousins,Kellen Moore,Raheem Morris,Ron Torbert,ATL97,Mercedes-Benz Stadium,963.0323260881206,918.5117736700206,971.3327437453751,910.2113560127661,0.6070028784340538,0.39299712156594624,44.0,31.0,0.65,2.212730241263391,True,True,2018,2024,2018,2024,7,
2025_18_TEN_JAX,2025,REG,18,2026-01-04,Sunday,13:00,TEN,7.0,JAX,41.0,Home,34.0,48.0,0.0,2026010406,60105.0,,202601040jax,28679.0,401772970,6996.0,7,7,525.0,-750.0,12.5,-110.0,-110.0,46.5,-112.0,-108.0,1,outdoors,grass,55.0,8.0,00-0040676,00-0036971,Cam Ward,Trevor Lawrence,Brian Callahan,Liam Coen,Scott Novak,JAX00,TIAA Bank Stadium,1103.0164094338008,795.9077680695422,1110.6737320166742,788.2504454866687,0.8750437045655681,0.12495629543443187,44.0,31.0,0.65,2.212730241263391,True,True,2018,2024,2018,2024,7,
2025_18_ARI_LA,2025,REG,18,2026-01-04,Sunday,16:25,ARI,20.0,LA,37.0,Home,17.0,57.0,0.0,2026010407,60106.0,,202601040ram,28681.0,401772955,6997.0,7,6,800.0,-1350.0,14.5,-115.0,-105.0,49.5,-108.0,-112.0,1,dome,matrixturf,,,00-0033119,00-0026498,Jacoby Brissett,Matthew Stafford,Jonathan Gannon,Sean McVay,Carl Cheffers,LAX01,SoFi Stadium,1152.1123058680514,851.7845002551335,1158.5704484788498,845.3263576443351,0.8707128298311517,0.12928717016884828,44.0,31.0,0.65,2.212730241263391,True,True,2018,2024,2018,2024,7,
2025_18_DET_CHI,2025,REG,18,2026-01-04,Sunday,16:25,DET,19.0,CHI,16.0,Home,-3.0,35.0,0.0,2026010402,60101.0,,202601040chi,28675.0,401772965,6992.0,10,7,150.0,-180.0,3.5,-110.0,-110.0,51.5,-115.0,-105.0,1,outdoors,grass,33.0,4.0,00-0033106,00-0039918,Jared Goff,Caleb Williams,Dan Campbell,Ben Johnson,Brad Rogers,CHI98,Soldier Field,1045.4539377392728,1053.2387447389617,1030.5943399068997,1068.0983425713348,0.533359715638829,0.466640284361171,44.0,31.0,0.65,2.212730241263391,True,True,2018,2024,2018,2024,7,
2025_18_KC_LV,2025,REG,18,2026-01-04,Sunday,16:25,KC,12.0,LV,14.0,Home,2.0,26.0,0.0,2026010408,60107.0,,202601040rai,28680.0,401772957,6998.0,10,7,-225.0,185.0,-3.5,-112.0,-108.0,36.5,-118.0,-102.0,1,dome,grass,,,00-0037324,00-0038102,Chris Oladokun,Kenny Pickett,Andy Reid,Pete Carroll,Craig Wrolstad,VEG00,Allegiant Stadium,762.1931092481017,994.5620105522363,780.4971678990323,976.2579519013057,0.23881766494834883,0.7611823350516511,44.0,31.0,0.65,2.212730241263391,True,True,2018,2024,2018,2024,7,
2025_18_LAC_DEN,2025,REG,18,2026-01-04,Sunday,16:25,LAC,3.0,DEN,19.0,Home,16.0,22.0,0.0,2026010404,60103.0,,202601040den,28677.0,401772956,6994.0,8,10,900.0,-1600.0,14.5,-108.0,-112.0,37.5,-105.0,-115.0,1,outdoors,grass,66.0,8.0,00-0037012,00-0039732,Trey Lance,Bo Nix,Jim Harbaugh,Sean Payton,Clete Blakeman,DEN00,Empower Field at Mile High,1145.9622655999167,1066.650705248274,1164.5447703973043,1048.0682004508865,0.6536233239186645,0.3463766760813355,44.0,31.0,0.65,2.212730241263391,True,True,2018,2024,2018,2024,7,
2025_18_MIA_NE,2025,REG,18,2026-01-04,Sunday,16:25,MIA,10.0,NE,38.0,Home,28.0,48.0,0.0,2026010410,60109.0,,202601040nwe,28683.0,401772958,7000.0,7,7,650.0,-1000.0,14.0,-112.0,-108.0,44.5,-112.0,-108.0,1,outdoors,fieldturf,29.0,6.0,00-0040234,00-0039851,Quinn Ewers,Drake Maye,Mike McDaniel,Mike Vrabel,Clay Martin,BOS00,Gillette Stadium,1088.5296560162774,943.9494565058875,1105.076205309452,927.4029072127129,0.7331612019456671,0.26683879805433286,44.0,31.0,0.65,2.212730241263391,True,True,2018,2024,2018,2024,7,
2025_18_NYJ_BUF,2025,REG,18,2026-01-04,Sunday,16:25,NYJ,8.0,BUF,35.0,Home,27.0,43.0,0.0,2026010401,60100.0,,202601040buf,28674.0,401772967,6991.0,7,7,550.0,-800.0,12.5,-112.0,-108.0,39.5,-115.0,-105.0,1,outdoors,a_turf,27.0,13.0,00-0040398,00-0033869,Brady Cook,Mitchell Trubisky,Aaron Glenn,Sean McDermott,Alan Eck,BUF00,New Era Field,1140.339192714026,799.874658526244,1146.3157649265602,793.89808631371,0.8945724349104706,0.10542756508952944,44.0,31.0,0.65,2.212730241263391,True,True,2018,2024,2018,2024,7,
2025_18_WAS_PHI,2025,REG,18,2026-01-04,Sunday,16:25,WAS,24.0,PHI,17.0,Home,-7.0,41.0,0.0,2026010412,60111.0,,202601040phi,28685.0,401772959,7002.0,10,7,150.0,-180.0,3.0,-105.0,-115.0,38.5,-108.0,-112.0,1,outdoors,grass,35.0,9.0,00-0026300,00-0038400,Josh Johnson,Tanner McKee,Dan Quinn,Nick Sirianni,Shawn Hochuli,PHI00,Lincoln Financial Field,1144.3051521294753,904.9262944439664,1105.3721937549979,943.859252818444,0.8258398827349605,0.17416011726503955,44.0,31.0,0.65,2.212730241263391,True,True,2018,2024,2018,2024,7,
2025_18_BAL_PIT,2025,REG,18,2026-01-04,Sunday,20:20,BAL,24.0,PIT,26.0,Home,2.0,50.0,0.0,2026010413,60112.0,,202601040pit,28686.0,401772960,7003.0,8,7,-225.0,185.0,-4.5,-105.0,-115.0,41.5,-110.0,-110.0,1,outdoors,grass,25.0,3.0,00-0034796,00-0023459,Lamar Jackson,Aaron Rodgers,John Harbaugh,Mike Tomlin,Shawn Smith,PIT00,Acrisure Stadium,1023.4940413896089,1070.2032832932628,1034.9926069685575,1058.704717714314,0.47740797707687516,0.5225920229231249,44.0,31.0,0.65,2.212730241263391,True,True,2018,2024,2018,2024,7,
2025_19_LA_CAR,2025,WC,19,2026-01-10,Saturday,16:30,LA,34.0,CAR,31.0,Home,-3.0,65.0,0.0,2026011000,60164.0,,202601100car,,401772979,7006.0,6,7,-550.0,410.0,-10.0,-108.0,-112.0,44.5,-108.0,-112.0,0,outdoors,grass,72.0,16.0,00-0026498,00-0039150,Matthew Stafford,Bryce Young,Sean McVay,Dave Canales,Clete Blakeman,CAR00,Bank of America Stadium,894.0116173347496,1158.5704484788498,888.8586244535719,1163.7234413600274,0.20677548568547355,0.7932245143145265,44.0,31.0,0.65,2.212730241263391,True,True,2018,2024,2018,2024,7,
2025_19_GB_CHI,2025,WC,19,2026-01-10,Saturday,20:00,GB,27.0,CHI,31.0,Home,4.0,58.0,0.0,2026011001,60165.0,,202601100chi,,401772981,7007.0,6,6,-135.0,114.0,-2.5,-108.0,-112.0,45.5,-115.0,-105.0,1,outdoors,grass,32.0,6.0,00-0036264,00-0039918,Jordan Love,Caleb Williams,Matt LaFleur,Ben Johnson,Adrian Hill,CHI98,Soldier Field,1030.5943399068997,1053.834757027242,1046.1838172864848,1038.2452796476568,0.5111650810901939,0.4888349189098061,44.0,31.0,0.65,2.212730241263391,True,True,2018,2024,2018,2024,7,
2025_19_BUF_JAX,2025,WC,19,2026-01-11,Sunday,13:00,BUF,27.0,JAX,24.0,Home,-3.0,51.0,0.0,2026011100,60166.0,,202601110jax,,401772977,7008.0,7,7,102.0,-122.0,1.5,-110.0,-110.0,51.5,-112.0,-108.0,0,outdoors,grass,62.0,6.0,00-0034857,00-0036971,Josh Allen,Trevor Lawrence,Sean McDermott,Liam Coen,Brad Allen,JAX00,TIAA Bank Stadium,1110.6737320166742,1146.3157649265602,1097.1033222915119,1159.8861746517225,0.4933199751216704,0.5066800248783296,44.0,31.0,0.65,2.212730241263391,True,True,2018,2024,2018,2024,7,
2025_19_SF_PHI,2025,WC,19,2026-01-11,Sunday,16:30,SF,23.0,PHI,19.0,Home,-4.0,42.0,0.0,2026011101,60167.0,,202601110phi,,401772980,7009.0,8,7,215.0,-265.0,6.0,-115.0,-105.0,44.5,-115.0,-105.0,0,outdoors,grass,46.0,22.0,00-0037834,00-0036389,Brock Purdy,Jalen Hurts,Kyle Shanahan,Nick Sirianni,Alan Eck,PHI00,Lincoln Financial Field,1105.3721937549979,1078.4879197910084,1086.225056399055,1097.6350571469513,0.5825398892472952,0.41746011075270484,44.0,31.0,0.65,2.212730241263391,True,True,2018,2024,2018,2024,7,
2025_19_LAC_NE,2025,WC,19,2026-01-11,Sunday,20:00,LAC,3.0,NE,16.0,Home,13.0,19.0,0.0,2026011102,60168.0,,202601110nwe,,401772978,7010.0,7,7,164.0,-198.0,3.5,-105.0,-115.0,45.5,-108.0,-112.0,0,outdoors,fieldturf,35.0,10.0,00-0036355,00-0039851,Justin Herbert,Drake Maye,Jim Harbaugh,Mike Vrabel,Ron Torbert,BOS00,Gillette Stadium,1105.076205309452,1048.0682004508865,1124.0481345867213,1029.0962711736172,0.6240125699322894,0.3759874300677106,44.0,31.0,0.65,2.212730241263391,True,True,2018,2024,2018,2024,7,
2025_19_HOU_PIT,2025,WC,19,2026-01-12,Monday,20:00,HOU,30.0,PIT,6.0,Home,-24.0,36.0,0.0,2026011200,60169.0,,202601120pit,,401772976,7011.0,8,8,-155.0,130.0,-3.0,-105.0,-115.0,38.5,-115.0,-105.0,0,outdoors,grass,32.0,9.0,00-0039163,00-0023459,C.J. Stroud,Aaron Rodgers,DeMeco Ryans,Mike Tomlin,Craig Wrolstad,PIT00,Acrisure Stadium,1034.9926069685575,1153.045763760882,1011.763301273689,1176.2750694557506,0.377277911243749,0.622722088756251,44.0,31.0,0.65,2.212730241263391,True,True,2018,2024,2018,2024,7,
2025_20_BUF_DEN,2025,DIV,20,2026-01-17,Saturday,16:30,BUF,30.0,DEN,33.0,Home,3.0,63.0,1.0,2026011700,60170.0,,202601170den,,401772982,7012.0,6,13,100.0,-120.0,1.5,-112.0,-108.0,45.5,-112.0,-108.0,0,outdoors,grass,36.0,5.0,00-0034857,00-0039732,Josh Allen,Bo Nix,Sean McDermott,Sean Payton,Carl Cheffers,DEN00,Empower Field at Mile High,1164.5447703973043,1159.8861746517225,1169.9392547597024,1154.4916902893244,0.5511374153853175,0.44886258461468254,44.0,31.0,0.65,2.212730241263391,True,True,2018,2024,2018,2024,7,
2025_20_SF_SEA,2025,DIV,20,2026-01-17,Saturday,20:00,SF,6.0,SEA,41.0,Home,35.0,47.0,0.0,2026011701,60171.0,,202601170sea,,401772984,7013.0,6,14,245.0,-305.0,6.5,-102.0,-118.0,44.5,-118.0,-102.0,1,outdoors,fieldturf,46.0,5.0,00-0037834,00-0034869,Brock Purdy,Sam Darnold,Kyle Shanahan,Mike Macdonald,John Hussey,SEA00,Lumen Field,1198.8219714433378,1097.6350571469513,1220.22755720169,1076.2294713885992,0.681555405709161,0.31844459429083904,44.0,31.0,0.65,2.212730241263391,True,True,2018,2024,2018,2024,7,
2025_20_HOU_NE,2025,DIV,20,2026-01-18,Sunday,15:00,HOU,16.0,NE,28.0,Home,12.0,44.0,0.0,2026011801,60173.0,,202601180nwe,,401772983,7014.0,6,7,150.0,-180.0,3.0,102.0,-122.0,40.5,-105.0,-115.0,0,outdoors,fieldturf,35.0,2.0,00-0039163,00-0039851,C.J. Stroud,Drake Maye,DeMeco Ryans,Mike Vrabel,Shawn Smith,BOS00,Gillette Stadium,1124.0481345867213,1176.2750694557506,1151.36980882142,1148.9533952210518,0.46948993757140267,0.5305100624285973,44.0,31.0,0.65,2.212730241263391,True,True,2018,2024,2018,2024,7,
2025_20_LA_CHI,2025,DIV,20,2026-01-18,Sunday,18:30,LA,20.0,CHI,17.0,Home,-3.0,37.0,1.0,2026011800,60172.0,,202601180chi,,401772985,7015.0,8,8,-205.0,170.0,-3.5,-118.0,-102.0,49.5,-110.0,-110.0,0,outdoors,grass,19.0,6.0,00-0026498,00-0039918,Matthew Stafford,Caleb Williams,Sean McVay,Ben Johnson,Shawn Hochuli,CHI98,Soldier Field,1046.1838172864848,1163.7234413600274,1042.7895904989807,1167.1176681475315,0.3779726743259238,0.6220273256740763,44.0,31.0,0.65,2.212730241263391,True,True,2018,2024,2018,2024,7,
2025_21_NE_DEN,2025,CON,21,2026-01-25,Sunday,15:00,NE,10.0,DEN,7.0,Home,-3.0,17.0,0.0,2026012500,60174.0,,202601250den,,401772986,7016.0,7,8,-205.0,170.0,-3.5,-115.0,-105.0,43.5,-118.0,-102.0,0,outdoors,grass,26.0,10.0,00-0039851,00-0035264,Drake Maye,Jarrett Stidham,Mike Vrabel,Sean Payton,Alex Kemp,DEN00,Empower Field at Mile High,1169.9392547597024,1151.36980882142,1153.8400831725041,1167.4689804086183,0.5708560505749105,0.4291439494250895,44.0,31.0,0.65,2.212730241263391,True,True,2018,2024,2018,2024,7,
2025_21_LA_SEA,2025,CON,21,2026-01-25,Sunday,18:30,LA,27.0,SEA,31.0,Home,4.0,58.0,0.0,2026012501,60175.0,,202601250sea,,401772987,7017.0,7,8,120.0,-142.0,2.5,-115.0,-105.0,45.5,-105.0,-115.0,1,outdoors,fieldturf,41.0,2.0,00-0026498,00-0034869,Matthew Stafford,Sam Darnold,Sean McVay,Mike Macdonald,Clay Martin,SEA00,Lumen Field,1220.22755720169,1167.1176681475315,1231.9801294062927,1155.3650959429287,0.6187333585969802,0.3812666414030198,44.0,31.0,0.65,2.212730241263391,True,True,2018,2024,2018,2024,7,
2025_22_SEA_NE,2025,SB,22,2026-02-08,Sunday,18:30,SEA,29.0,NE,13.0,Neutral,-16.0,42.0,0.0,2026020800,60176.0,,202602080nwe,,401772988,7018.0,14,14,-238.0,195.0,-4.5,-115.0,-105.0,45.5,-115.0,-105.0,0,outdoors,grass,67.0,7.0,00-0034869,00-0039851,Sam Darnold,Drake Maye,Mike Macdonald,Mike Vrabel,Shawn Smith,SFO01,Levi's Stadium,1167.4689804086183,1231.9801294062927,1142.3904502522978,1257.0586595626132,0.4519225780278916,0.5480774219721084,44.0,31.0,0.65,2.212730241263391,True,True,2018,2024,2018,2024,7,
2026_01_NE_SEA,2026,REG,1,2026-09-09,Wednesday,20:20,NE,10.0,SEA,13.0,Home,3.0,23.0,0.0,2026090900,60178.0,,202609090sea,30606.0,401872656,7019.0,7,7,140.0,-166.0,3.0,-102.0,-118.0,44.5,-112.0,-108.0,0,outdoors,fieldturf,74.0,6.0,00-0039851,00-0034869,Drake Maye,Sam Darnold,Mike Vrabel,Mike Macdonald,Adrian Hill,SEA00,Lumen Field,1180.1636089680696,1101.6464586320851,1190.3366439742028,1091.473423625952,0.6525872731448451,0.3474127268551549,49.0,31.0,0.65,2.2097757890147944,True,True,2018,2025,2018,2025,8,
2026_01_SF_LA,2026,REG,1,2026-09-10,Thursday,20:35,SF,27.0,LA,7.0,Neutral,-20.0,34.0,0.0,2026091100,60179.0,,202609100ram,30607.0,401872657,7020.0,7,7,180.0,-218.0,3.5,-105.0,-115.0,47.5,-105.0,-115.0,1,dome,grass,57.0,4.0,00-0037834,00-0026498,Brock Purdy,Matthew Stafford,Kyle Shanahan,Sean McVay,Alex Kemp,MEL00,Melbourne Cricket Ground,1105.9418853771585,1053.8056276076627,1062.6236543385357,1097.1238586462855,0.617410326067071,0.382589673932929,49.0,31.0,0.65,2.2097757890147944,True,True,2018,2025,2018,2025,8,
2026_01_ATL_PIT,2026,REG,1,2026-09-13,Sunday,13:00,ATL,13.0,PIT,20.0,Home,7.0,33.0,0.0,2026091306,60186.0,,202609130pit,30615.0,401872658,7027.0,7,7,240.0,-298.0,6.5,-108.0,-112.0,40.5,-108.0,-112.0,0,outdoors,grass,77.0,4.0,00-0033662,00-0023459,Cooper Rush,Aaron Rodgers,Raheem Morris,Mike McCarthy,Brad Rogers,PIT00,Acrisure Stadium,1007.2747614229781,982.1494541034021,1026.1557741965667,963.2684413298135,0.5800754770212296,0.41992452297877036,49.0,31.0,0.65,2.2097757890147944,True,True,2018,2025,2018,2025,8,
2026_01_BAL_IND,2026,REG,1,2026-09-13,Sunday,13:00,BAL,41.0,IND,23.0,Home,-18.0,64.0,0.0,2026091304,60184.0,,202609130clt,30613.0,401872659,7025.0,7,7,-162.0,136.0,-3.0,-108.0,-112.0,48.5,-118.0,-102.0,0,closed,fieldturf,,,00-0034796,00-0035710,Lamar Jackson,Daniel Jones,Jesse Minter,Shane Steichen,Scott Novak,IND00,Lucas Oil Stadium,960.6612064829169,1037.7235512305044,932.9000395336592,1065.484718179762,0.434096632272058,0.5659033677279419,49.0,31.0,0.65,2.2097757890147944,True,True,2018,2025,2018,2025,8,
2026_01_BUF_HOU,2026,REG,1,2026-09-13,Sunday,13:00,BUF,36.0,HOU,31.0,Home,-5.0,67.0,0.0,2026091303,60183.0,,202609130htx,30612.0,401872660,7024.0,7,7,-112.0,-108.0,-1.5,-105.0,-115.0,44.5,-110.0,-110.0,0,closed,astroturf,,,00-0034857,00-0039163,Josh Allen,C.J. Stroud,Sean McDermott,DeMeco Ryans,Alex Moore,HOU00,Reliant Stadium,1103.82355384422,1104.051092633143,1081.8965395763432,1125.9781069010198,0.5441696926914308,0.4558303073085692,49.0,31.0,0.65,2.2097757890147944,True,True,2018,2025,2018,2025,8,
2026_01_CHI_CAR,2026,REG,1,2026-09-13,Sunday,13:00,CHI,59.0,CAR,37.0,Home,-22.0,96.0,0.0,2026091300,60180.0,,202609130car,30609.0,401872661,7021.0,7,7,-166.0,140.0,-3.0,-112.0,-108.0,47.5,-115.0,-105.0,0,outdoors,grass,89.0,2.0,00-0039918,00-0039150,Caleb Williams,Bryce Young,Ben Johnson,Dave Canales,Brad Allen,CAR00,Bank of America Stadium,926.480092509852,1031.7315272511946,899.9309453363361,1058.2806744247105,0.394741237735087,0.605258762264913,49.0,31.0,0.65,2.2097757890147944,True,True,2018,2025,2018,2025,8,
2026_01_CLE_JAX,2026,REG,1,2026-09-13,Sunday,13:00,CLE,10.0,JAX,34.0,Home,24.0,44.0,0.0,2026091305,60185.0,,202609130jax,30614.0,401872922,7026.0,7,7,360.0,-470.0,8.5,-105.0,-115.0,40.5,-118.0,-102.0,0,outdoors,grass,89.0,3.0,00-0033537,00-0036971,Deshaun Watson,Trevor Lawrence,Todd Monken,Liam Coen,Craig Wrolstad,JAX00,EverBank Stadium,1070.8818413073454,921.5422458257137,1088.1334486797891,904.29063845327,0.7384867407266142,0.26151325927338576,49.0,31.0,0.65,2.2097757890147944,True,True,2018,2025,2018,2025,8,
2026_01_NO_DET,2026,REG,1,2026-09-13,Sunday,13:00,NO,30.0,DET,31.0,Home,1.0,61.0,1.0,2026091302,60182.0,,202609130det,30611.0,401872923,7023.0,7,7,260.0,-325.0,7.0,-110.0,-110.0,49.5,-105.0,-115.0,0,dome,fieldturf,,,00-0040743,00-0033106,Tyler Shough,Jared Goff,Kellen Moore,Dan Campbell,Alan Eck,DET00,Ford Field,1042.804758845761,941.2081904864167,1043.7895342677111,940.2234150644665,0.682066995551555,0.31793300444844497,49.0,31.0,0.65,2.2097757890147944,True,True,2018,2025,2018,2025,8,
2026_01_NYJ_TEN,2026,REG,1,2026-09-13,Sunday,13:00,NYJ,23.0,TEN,10.0,Home,-13.0,33.0,0.0,2026091307,60187.0,,202609130oti,30616.0,401872924,7028.0,7,7,-102.0,-118.0,1.5,-115.0,-105.0,39.5,-110.0,-110.0,0,outdoors,grass,90.0,2.0,00-0030565,00-0040676,Geno Smith,Cam Ward,Aaron Glenn,Robert Saleh,Land Clark,NAS00,Nissan Stadium,858.4500259711672,858.9280439668009,826.1789891572972,891.1990807806709,0.543812014460674,0.45618798553932605,49.0,31.0,0.65,2.2097757890147944,True,True,2018,2025,2018,2025,8,
2026_01_TB_CIN,2026,REG,1,2026-09-13,Sunday,13:00,TB,27.0,CIN,33.0,Home,6.0,60.0,0.0,2026091301,60181.0,,202609130cin,30610.0,401872925,7022.0,7,7,170.0,-205.0,3.5,-102.0,-118.0,50.5,-112.0,-108.0,0,outdoors,fieldturf,85.0,7.0,00-0034855,00-0036442,Baker Mayfield,Joe Burrow,Todd Bowles,Zac Taylor,John Hussey,CIN00,Paycor Stadium,975.4526862793077,972.1867064851458,994.6079096124137,953.0314831520399,0.5491534407726005,0.45084655922739947,49.0,31.0,0.65,2.2097757890147944,True,True,2018,2025,2018,2025,8,
2026_01_ARI_LAC,2026,REG,1,2026-09-13,Sunday,16:25,ARI,26.0,LAC,14.0,Home,-12.0,40.0,0.0,2026091308,60188.0,,202609130sdg,30617.0,401872926,7029.0,7,7,350.0,-455.0,8.5,-102.0,-118.0,47.5,-118.0,-102.0,0,dome,matrixturf,,,00-0033119,00-0036355,Jacoby Brissett,Justin Herbert,Jonathan Gannon,Jim Harbaugh,Ron Torbert,LAX01,SoFi Stadium,1019.0703417392783,892.9448902146335,975.468107243377,936.5471247105348,0.7118706692225597,0.2881293307774403,49.0,31.0,0.65,2.2097757890147944,True,True,2018,2025,2018,2025,8,
2026_01_GB_MIN,2026,REG,1,2026-09-13,Sunday,16:25,GB,22.0,MIN,39.0,Home,17.0,61.0,0.0,2026091310,60190.0,,202609130min,30619.0,401872927,7031.0,7,7,105.0,-125.0,1.5,-105.0,-115.0,46.5,-118.0,-102.0,1,dome,sportturf,,,00-0036264,00-0035228,Jordan Love,Kyler Murray,Matt LaFleur,Kevin O'Connell,Shawn Hochuli,MIN01,U.S. Bank Stadium,1053.6877062154276,1022.115794151767,1079.2954675537217,996.5080328134729,0.5890871240401918,0.4109128759598082,49.0,31.0,0.65,2.2097757890147944,True,True,2018,2025,2018,2025,8,
2026_01_MIA_LV,2026,REG,1,2026-09-13,Sunday,16:25,MIA,13.0,LV,27.0,Home,14.0,40.0,0.0,2026091309,60189.0,,202609130rai,30618.0,401872928,7030.0,7,7,142.0,-170.0,3.0,-110.0,-110.0,40.5,-110.0,-110.0,0,dome,grass,,,00-0038128,00-0029604,Malik Willis,Kirk Cousins,Jeff Hafley,Klint Kubliak,Clete Blakeman,VEG00,Allegiant Stadium,848.6097918772714,949.2484140107422,885.7484535889998,912.1097522990137,0.40110281859638364,0.5988971814036164,49.0,31.0,0.65,2.2097757890147944,True,True,2018,2025,2018,2025,8,
2026_01_WAS_PHI,2026,REG,1,2026-09-13,Sunday,16:25,WAS,22.0,PHI,24.0,Home,2.0,46.0,0.0,2026091311,60191.0,,202609130phi,30620.0,401872929,7032.0,7,7,200.0,-245.0,6.0,-110.0,-110.0,43.5,-105.0,-115.0,1,outdoors,grass,82.0,7.0,00-0039910,00-0036389,Jayden Daniels,Jalen Hurts,Dan Quinn,Nick Sirianni,Shawn Smith,PHI00,Lincoln Financial Field,1053.2789410862426,960.7186916680212,1060.8748003188527,953.122832435411,0.6706817162227123,0.32931828377728767,49.0,31.0,0.65,2.2097757890147944,True,True,2018,2025,2018,2025,8,
2026_01_DAL_NYG,2026,REG,1,2026-09-13,Sunday,20:20,DAL,20.0,NYG,28.0,Home,8.0,48.0,0.0,2026091312,60192.0,,202609130nyg,30608.0,401872930,7033.0,7,7,-166.0,140.0,-3.0,-112.0,-108.0,47.5,-105.0,-115.0,1,outdoors,fieldturf,80.0,7.0,00-0033077,00-0040691,Dak Prescott,Jaxson Dart,Brian Schottenheimer,John Harbaugh,Carl Cheffers,NYC01,MetLife Stadium,933.3052421470447,952.2152173344102,956.6902104193058,928.8302490621492,0.5173919249634393,0.48260807503656067,49.0,31.0,0.65,2.2097757890147944,True,True,2018,2025,2018,2025,8,
